areaName,Borough,areaType,2010-01,2010-02,2010-03,2010-04,2010-05,2010-06,2010-07,2010-08,2010-09,2010-10,2010-11,2010-12,2011-01,2011-02,2011-03,2011-04,2011-05,2011-06,2011-07,2011-08,2011-09,2011-10,2011-11,2011-12,2012-01,2012-02,2012-03,2012-04,2012-05,2012-06,2012-07,2012-08,2012-09,2012-10,2012-11,2012-12,2013-01,2013-02,2013-03,2013-04,2013-05,2013-06,2013-07,2013-08,2013-09,2013-10,2013-11,2013-12,2014-01,2014-02,2014-03,2014-04,2014-05,2014-06,2014-07,2014-08,2014-09,2014-10,2014-11,2014-12,2015-01,2015-02,2015-03,2015-04,2015-05,2015-06,2015-07,2015-08,2015-09,2015-10,2015-11,2015-12,2016-01,2016-02,2016-03,2016-04,2016-05,2016-06,2016-07,2016-08,2016-09,2016-10,2016-11,2016-12,2017-01,2017-02,2017-03,2017-04,2017-05,2017-06,2017-07,2017-08,2017-09,2017-10,2017-11,2017-12,2018-01,2018-02,2018-03,2018-04,2018-05,2018-06,2018-07,2018-08,2018-09,2018-10,2018-11,2018-12,2019-01,2019-02,2019-03,2019-04,2019-05,2019-06,2019-07,2019-08,2019-09,2019-10,2019-11,2019-12,2020-01,2020-02,2020-03,2020-04,2020-05,2020-06,2020-07,2020-08,2020-09,2020-10,2020-11,2020-12,2021-01,2021-02,2021-03,2021-04,2021-05,2021-06,2021-07,2021-08,2021-09,2021-10,2021-11,2021-12,2022-01,2022-02,2022-03,2022-04,2022-05,2022-06,2022-07,2022-08,2022-09,2022-10,2022-11,2022-12,2023-01,2023-02,2023-03,2023-04,2023-05,2023-06,2023-07,2023-08,2023-09,2023-10,2023-11,2023-12,2024-01,2024-02,2024-03,2024-04,2024-05,2024-06,2024-07,2024-08,2024-09,2024-10,2024-11,2024-12,2025-01,2025-02,2025-03,2025-04,2025-05,2025-06,2025-07,2025-08,2010-01_adj,2010-02_adj,2010-03_adj,2010-04_adj,2010-05_adj,2010-06_adj,2010-07_adj,2010-08_adj,2010-09_adj,2010-10_adj,2010-11_adj,2010-12_adj,2011-01_adj,2011-02_adj,2011-03_adj,2011-04_adj,2011-05_adj,2011-06_adj,2011-07_adj,2011-08_adj,2011-09_adj,2011-10_adj,2011-11_adj,2011-12_adj,2012-01_adj,2012-02_adj,2012-03_adj,2012-04_adj,2012-05_adj,2012-06_adj,2012-07_adj,2012-08_adj,2012-09_adj,2012-10_adj,2012-11_adj,2012-12_adj,2013-01_adj,2013-02_adj,2013-03_adj,2013-04_adj,2013-05_adj,2013-06_adj,2013-07_adj,2013-08_adj,2013-09_adj,2013-10_adj,2013-11_adj,2013-12_adj,2014-01_adj,2014-02_adj,2014-03_adj,2014-04_adj,2014-05_adj,2014-06_adj,2014-07_adj,2014-08_adj,2014-09_adj,2014-10_adj,2014-11_adj,2014-12_adj,2015-01_adj,2015-02_adj,2015-03_adj,2015-04_adj,2015-05_adj,2015-06_adj,2015-07_adj,2015-08_adj,2015-09_adj,2015-10_adj,2015-11_adj,2015-12_adj,2016-01_adj,2016-02_adj,2016-03_adj,2016-04_adj,2016-05_adj,2016-06_adj,2016-07_adj,2016-08_adj,2016-09_adj,2016-10_adj,2016-11_adj,2016-12_adj,2017-01_adj,2017-02_adj,2017-03_adj,2017-04_adj,2017-05_adj,2017-06_adj,2017-07_adj,2017-08_adj,2017-09_adj,2017-10_adj,2017-11_adj,2017-12_adj,2018-01_adj,2018-02_adj,2018-03_adj,2018-04_adj,2018-05_adj,2018-06_adj,2018-07_adj,2018-08_adj,2018-09_adj,2018-10_adj,2018-11_adj,2018-12_adj,2019-01_adj,2019-02_adj,2019-03_adj,2019-04_adj,2019-05_adj,2019-06_adj,2019-07_adj,2019-08_adj,2019-09_adj,2019-10_adj,2019-11_adj,2019-12_adj,2020-01_adj,2020-02_adj,2020-03_adj,2020-04_adj,2020-05_adj,2020-06_adj,2020-07_adj,2020-08_adj,2020-09_adj,2020-10_adj,2020-11_adj,2020-12_adj,2021-01_adj,2021-02_adj,2021-03_adj,2021-04_adj,2021-05_adj,2021-06_adj,2021-07_adj,2021-08_adj,2021-09_adj,2021-10_adj,2021-11_adj,2021-12_adj,2022-01_adj,2022-02_adj,2022-03_adj,2022-04_adj,2022-05_adj,2022-06_adj,2022-07_adj,2022-08_adj,2022-09_adj,2022-10_adj,2022-11_adj,2022-12_adj,2023-01_adj,2023-02_adj,2023-03_adj,2023-04_adj,2023-05_adj,2023-06_adj,2023-07_adj,2023-08_adj,2023-09_adj,2023-10_adj,2023-11_adj,2023-12_adj,2024-01_adj,2024-02_adj,2024-03_adj,2024-04_adj,2024-05_adj,2024-06_adj,2024-07_adj,2024-08_adj,2024-09_adj,2024-10_adj,2024-11_adj,2024-12_adj,2025-01_adj,2025-02_adj,2025-03_adj,2025-04_adj,2025-05_adj,2025-06_adj,2025-07_adj,2025-08_adj
All Downtown,Manhattan,submarket,2343.0,2300.0,2200.0,2250.0,2300.0,2297.0,2275.0,2300.0,2450.0,2525.0,2500.0,2425.0,2450.0,2450.0,2395.0,2445.0,2400.0,2400.0,2450.0,2450.0,2500.0,2500.0,2475.0,2450.0,2450.0,2475.0,2495.0,2500.0,2500.0,2499.0,2500.0,2499.0,2500.0,2500.0,2500.0,2593.0,2600.0,2600.0,2600.0,2600.0,2595.0,2550.0,2525.0,2600.0,2600.0,2675.0,2695.0,2670.0,2675.0,2650.0,2700.0,2750.0,2750.0,2650.0,2675.0,2697.0,2700.0,2750.0,2750.0,2750.0,2700.0,2770.0,2800.0,2800.0,2800.0,2750.0,2750.0,2800.0,2850.0,2800.0,2775.0,2800.0,2775.0,2800.0,2820.0,2850.0,2838.0,2850.0,2808.0,2800.0,2750.0,2750.0,2750.0,2715.0,2705.0,2775.0,2750.0,2750.0,2750.0,2750.0,2750.0,2725.0,2750.0,2750.0,2700.0,2695.0,2708.0,2725.0,2750.0,2750.0,2795.0,2800.0,2795.0,2800.0,2850.0,2791.0,2800.0,2800.0,2850.0,2900.0,2875.0,2897.0,2950.0,2950.0,2925.0,2900.0,2901.0,2980.0,2980.0,2965.0,2995.0,2995.0,2900.0,2825.0,2700.0,2595.0,2500.0,2450.0,2395.0,2350.0,2300.0,2295.0,2300.0,2389.0,2409.0,2495.0,2528.0,2674.0,2786.0,2801.0,2975.0,3000.0,3100.0,3200.0,3300.0,3450.0,3495.0,3500.0,3450.0,3495.0,3400.0,3470.0,3500.0,3478.0,3444.0,3462.0,3500.0,3500.0,3500.0,3550.0,3573.0,3575.0,3525.0,3544.0,3515.0,3477.0,3400.0,3495.0,3500.0,3592.0,3650.0,3795.0,3700.0,3700.0,3650.0,3650.0,3650.0,3600.0,3550.0,3600.0,3700.0,3845.0,3875.0,3900.0,3885.0,3887.0,3925.0,3950.0,2353.4347485465887,2281.87932485362,2187.629064168858,2223.1306229644224,2286.638306442751,2294.840532519024,2291.6126830619664,2314.0943873890615,2447.5227473424584,2525.860908080109,2519.9726155535755,2443.173471354903,2460.91128209097,2430.6975416918995,2381.5325494020067,2415.801943621339,2386.05736324461,2397.7436996280617,2467.8905817590407,2465.013586566609,2497.472191165774,2500.8523842377317,2494.7728893980398,2468.360826729696,2460.91128209097,2455.5005778316126,2480.970234136955,2470.145136627136,2485.476420046469,2496.650627237719,2518.25569567249,2514.313858297941,2497.472191165774,2500.8523842377317,2519.9726155535755,2612.4324994735107,2611.5793197700086,2579.5157585301786,2585.3798031086503,2568.9509420922213,2579.9245240082346,2547.6026808548154,2543.438252629215,2615.9327857441563,2597.371078812405,2675.9120511343726,2716.5304795667544,2690.0095540278726,2686.913338609528,2629.1218308096054,2684.8174878435984,2717.1596502898497,2734.0240620511154,2647.508668339318,2694.5335943695645,2713.5272012123037,2697.269966459036,2750.9376226615045,2771.9698771089334,2770.60909122721,2712.0246782227014,2748.176404280229,2784.2551725785465,2766.5625530223924,2783.7335904520446,2747.4146558238203,2770.0812652397394,2817.158384647553,2847.1182979289824,2800.9546703462593,2797.169603264469,2820.9838019767953,2787.358697062221,2777.940047647885,2804.1427095255362,2815.9654557549347,2821.512832036751,2847.3206433083233,2828.504797379341,2817.158384647553,2747.2194102823514,2750.9376226615045,2771.9698771089334,2735.3467937025,2717.046946145336,2753.137011508172,2734.5363302110727,2717.1596502898497,2734.0240620511154,2747.4146558238203,2770.0812652397394,2741.698785058779,2747.2194102823514,2750.9376226615045,2721.5704247978615,2715.196909402666,2720.0603068989167,2703.530939228745,2734.5363302110727,2717.1596502898497,2778.762637611952,2797.3676495660716,2815.409867761844,2817.158384647553,2847.1182979289824,2791.9516017630035,2822.3693294200048,2820.9838019767953,2862.6927159017405,2877.1521922067377,2858.8334361297575,2862.404184323525,2932.8621756548328,2947.2266307928257,2946.3591639368137,2917.771184099251,2898.066730628764,2981.016042011376,3003.8073577398623,2987.220347450428,3008.3384856581447,2971.4037295376484,2883.6928573134946,2791.2640043886636,2684.314533650186,2592.5603752228417,2518.25569567249,2465.013586566609,2392.5783591368113,2350.8012411834675,2318.3748063092894,2312.1992234059803,2310.243244411931,2370.178133510999,2395.4538252648995,2465.2048463538817,2513.313755950989,2671.4861053355985,2806.344147257423,2818.16451264207,2971.991907487271,3001.022861085278,3124.7660432864336,3223.9814879734804,3314.6968289388574,3422.8189872804296,3475.347081486436,3458.2031912779903,3429.957459664127,3491.7142625833644,3424.8277461145867,3491.2641409739317,3496.4610676320835,3479.185836951532,3471.5142751866056,3487.944972301309,3515.5875458442424,3472.425059559856,3480.3189657231833,3507.606094010533,3552.242899530413,3571.6390525709667,3550.7405308982115,3565.717612568188,3511.445900779078,3478.185495997837,3427.162757152863,3521.192281396036,3515.5875458442424,3563.7002325540006,3629.475492825605,3749.6803173999924,3678.5051016687735,3696.5215369265948,3676.653315681836,3672.3671799869885,3646.30939910203,3601.2274333023333,3578.361114086077,3626.9791739701654,3716.478262749628,3814.706958287899,3853.2102834792386,3853.426413138332,3862.430356752212,3883.3457335226144,3953.66144220581,3974.2055783420833
All Midtown,Manhattan,submarket,2000.0,1995.0,1995.0,2000.0,2000.0,2000.0,2050.0,2095.0,2100.0,2150.0,2150.0,2185.0,2150.0,2195.0,2200.0,2250.0,2250.0,2350.0,2300.0,2300.0,2300.0,2335.0,2339.0,2350.0,2350.0,2345.0,2348.0,2350.0,2375.0,2378.0,2398.0,2303.0,2350.0,2300.0,2350.0,2353.0,2350.0,2398.0,2400.0,2395.0,2375.0,2395.0,2400.0,2400.0,2450.0,2400.0,2350.0,2400.0,2400.0,2495.0,2450.0,2495.0,2500.0,2500.0,2495.0,2500.0,2500.0,2500.0,2550.0,2550.0,2500.0,2550.0,2550.0,2600.0,2650.0,2600.0,2600.0,2650.0,2695.0,2600.0,2595.0,2595.0,2600.0,2600.0,2600.0,2600.0,2635.0,2650.0,2650.0,2640.0,2600.0,2600.0,2590.0,2600.0,2550.0,2550.0,2595.0,2600.0,2600.0,2600.0,2595.0,2600.0,2595.0,2595.0,2475.0,2475.0,2450.0,2500.0,2500.0,2550.0,2550.0,2595.0,2595.0,2595.0,2575.0,2550.0,2595.0,2650.0,2650.0,2690.0,2641.0,2650.0,2650.0,2699.0,2700.0,2699.0,2700.0,2675.0,2700.0,2700.0,2695.0,2723.0,2750.0,2689.0,2521.0,2455.0,2328.0,2250.0,2195.0,2146.0,2100.0,2100.0,2100.0,2150.0,2173.0,2250.0,2350.0,2400.0,2500.0,2600.0,2667.0,2650.0,2800.0,2950.0,3000.0,3100.0,3150.0,3241.0,3300.0,3200.0,3300.0,3259.0,3200.0,3150.0,3150.0,3200.0,3200.0,3250.0,3350.0,3410.0,3400.0,3400.0,3400.0,3325.0,3300.0,3295.0,3290.0,3283.0,3250.0,3290.0,3300.0,3405.0,3495.0,3450.0,3410.0,3400.0,3300.0,3394.0,3350.0,3400.0,3440.0,3450.0,3500.0,3600.0,3590.0,3625.0,3731.0,3700.0,2025.5055169185591,1996.246405026233,1992.2838112409518,1978.199509088514,1975.7219963382731,1977.466102468835,2035.65668468179,2091.1036698289727,2105.023705141938,2172.8682032547795,2177.7188413213858,2198.456011338803,2177.418430687451,2196.3713579110686,2197.0047041253606,2225.4744477245786,2222.6872458805574,2323.522670400881,2283.9074998868864,2295.722406017488,2305.502153250694,2359.835932372051,2369.1555208608006,2364.472140341504,2379.968982379307,2346.465072574695,2344.803202402885,2324.384423179004,2346.169870651699,2351.207195835445,2381.221819447284,2298.716826547076,2355.6217652778832,2324.4636592958104,2380.2973381884917,2367.490615414281,2379.968982379307,2399.4981850891763,2396.7324045003934,2368.8939121334956,2346.169870651699,2368.01565770643,2383.2078259689247,2395.536423670422,2455.860989332261,2425.527296656498,2380.2973381884917,2414.7800582211107,2430.606620302271,2496.5587872383217,2446.6643295941512,2467.8038875879215,2469.652495422841,2471.8326280860438,2477.5431357468615,2495.3504413233563,2505.9806013594502,2526.590934017185,2582.8758350555972,2565.7038118599303,2531.881896148199,2551.593149281651,2546.528179781668,2571.659361815068,2617.831645148212,2570.7059332094855,2581.8084781330017,2645.071467802758,2701.4470882654873,2627.654571377873,2628.455996850696,2610.980937951576,2633.1571719941267,2601.6243875028604,2596.4601048754257,2571.659361815068,2603.013730175675,2620.1425857712065,2631.458641174021,2635.0900660374646,2606.219825413828,2627.654571377873,2623.3915344290185,2616.011729739537,2582.5195340711625,2551.593149281651,2591.46691236605,2571.659361815068,2568.438595239755,2570.7059332094855,2576.8434618289,2595.164458976291,2601.207864211109,2622.601389509838,2506.9088987304326,2490.2419350405207,2481.2442582252347,2501.5619110604425,2496.5962546879095,2522.2043740878557,2519.0455453312984,2565.7622679533133,2576.8434618289,2590.173758093644,2581.1600194002335,2577.122752697529,2628.455996850696,2666.3196476191433,2683.794809917091,2691.680616301036,2637.4042834523075,2621.114349542281,2617.831645148212,2668.590505281693,2681.1088042150404,2693.9803364526956,2706.459049468206,2703.4522993983883,2734.8097077059265,2716.62756549875,2729.368684047758,2724.7012335270338,2746.2558801567006,2659.689239969507,2490.3975763843932,2427.339640780495,2311.7115911898572,2245.815397191021,2200.250967993597,2168.825657760352,2127.0742171046095,2112.932550943472,2126.780792764487,2151.3432435119803,2170.041464574731,2225.4744477245786,2321.473345697471,2372.959322962602,2482.5081520509634,2595.164458976291,2673.3801055302615,2678.1863900582166,2836.0989561394795,2968.167154896782,3038.2582753778383,3101.9367697149487,3145.711280906766,3205.6723044779374,3259.9412939581507,3163.945763950136,3276.9107607072715,3252.9388353091276,3207.655169740096,3183.5045768616533,3190.6113256569142,3219.7067442948146,3240.8088270696944,3252.0304843785752,3345.438981281799,3372.8301629959165,3358.7273937750642,3361.6923741970195,3376.2110867893102,3318.8160869600642,3307.894393794474,3330.04685103465,3332.416273463888,3303.2178879749613,3291.4464649926585,3292.055474955542,3295.5070561880407,3367.884664223195,3452.5741886011324,3411.1290267587406,3386.141119397514,3393.676600199765,3307.894393794474,3430.099852021731,3393.1898225240197,3420.93841581324,3483.8694890999213,3452.1554372634105,3495.2347565630735,3560.7591163593256,3546.4209834272,3584.1573107247636,3704.8951661208575,3693.1186531585677
All Upper East Side,Manhattan,submarket,1750.0,1750.0,1750.0,1780.0,1800.0,1750.0,1750.0,1700.0,1750.0,1800.0,1750.0,1750.0,1750.0,1750.0,1655.0,1695.0,1700.0,1825.0,1850.0,1850.0,1898.0,1900.0,1875.0,1925.0,1875.0,1875.0,1850.0,1850.0,1850.0,1850.0,1850.0,1895.0,1895.0,1895.0,1850.0,1900.0,1895.0,1950.0,1925.0,1850.0,1895.0,1949.0,1900.0,1900.0,1895.0,1900.0,1950.0,1900.0,1880.0,1900.0,1925.0,1927.0,1900.0,1900.0,1900.0,1925.0,1900.0,1950.0,1900.0,1900.0,1900.0,1900.0,1950.0,2038.0,2075.0,2070.0,2050.0,2100.0,2137.0,2150.0,2100.0,2100.0,2100.0,2099.0,2150.0,2100.0,2125.0,2150.0,2150.0,2149.0,2150.0,2100.0,2099.0,2100.0,2100.0,2050.0,2100.0,2100.0,2100.0,2100.0,2100.0,2100.0,2099.0,2075.0,2050.0,2075.0,2050.0,2075.0,2095.0,2100.0,2095.0,2050.0,2050.0,2100.0,2100.0,2149.0,2125.0,2150.0,2100.0,2150.0,2150.0,2150.0,2175.0,2150.0,2108.0,2150.0,2153.0,2150.0,2195.0,2263.0,2250.0,2245.0,2250.0,2245.0,2150.0,2050.0,1995.0,1950.0,1900.0,1850.0,1825.0,1800.0,1799.0,1800.0,1799.0,1800.0,1850.0,1895.0,1950.0,2000.0,2075.0,2050.0,2075.0,2150.0,2250.0,2350.0,2300.0,2350.0,2500.0,2450.0,2443.0,2497.0,2495.0,2450.0,2500.0,2500.0,2500.0,2600.0,2511.0,2525.0,2550.0,2600.0,2600.0,2600.0,2500.0,2500.0,2500.0,2595.0,2575.0,2600.0,2613.0,2647.0,2650.0,2650.0,2650.0,2695.0,2650.0,2695.0,2750.0,2800.0,2800.0,2800.0,2800.0,2800.0,2895.0,2950.0,2975.0,2975.0,1757.452207422139,1746.1239184336332,1754.3305023257096,1782.9435110888294,1793.7250352303627,1742.7250884545822,1753.1468860914356,1694.2881777331306,1747.179587823734,1800.2100369407367,1760.974696201924,1747.159928948922,1757.452207422139,1746.1239184336332,1659.0954179137425,1697.8029501660483,1694.0736443842313,1817.4133065312071,1853.3267081538033,1843.7841934154658,1894.941061536827,1900.2217056596667,1886.7586030734901,1921.8759218438142,1882.984507952292,1870.847055464607,1854.5779596014645,1853.0592671428844,1843.5507306534282,1842.3093792234154,1853.3267081538033,1888.6329981201663,1891.945896529129,1895.2211222237202,1861.6018216991768,1896.916494287401,1903.0696760371163,1945.6809376831914,1929.7635525582805,1853.0592671428844,1888.3938565341873,1940.8978270845605,1903.4166191849872,1893.6161986429108,1891.945896529129,1900.2217056596667,1962.2289471964295,1896.916494287401,1888.0057999734981,1895.7916828708017,1929.7635525582805,1930.186598802345,1893.3764260764938,1892.101524607832,1903.4166191849872,1918.5322012566332,1896.9378382086254,1950.2275400191315,1911.9153844478033,1896.916494287401,1908.0909680583225,1895.7916828708017,1954.8254168772191,2041.3701548309182,2067.7663600572237,2061.3948189148487,2053.686352278539,2092.944219552691,2133.555873816754,2150.250877456991,2113.169635442309,2096.5919147387062,2108.942648906567,2094.350917024112,2155.320331428729,2103.4726816216526,2117.592055480289,2141.062251529915,2153.8661743409066,2141.779584675587,2146.5349221834445,2100.2450430975264,2112.1633641873364,2096.5919147387062,2108.942648906567,2045.4594473079703,2105.1966027908516,2103.4726816216526,2092.6792077687564,2091.2701061454986,2103.7762633097227,2092.944219552691,2095.6171170525813,2075.2421259177936,2062.8560726936826,2071.632487182293,2058.729728694506,2070.404074714165,2100.184229927064,2103.4726816216526,2087.69663822645,2041.477960761082,2053.686352278539,2092.944219552691,2096.615505388481,2149.2507607698017,2138.326416816622,2146.5107698515326,2108.942648906567,2145.2379569327495,2155.320331428729,2153.5553645174064,2167.4177509033548,2141.062251529915,2111.790649074712,2142.776224780136,2149.5300871911422,2150.250877456991,2208.765404664699,2259.3273824065204,2259.5814095427504,2240.0275410762893,2255.5677887044835,2248.712462019338,2142.504903191822,2041.477960761082,1998.5874501442365,1943.4482038703559,1896.9378382086254,1850.2158713002018,1836.4450403248636,1797.0787840617484,1806.660869229959,1796.0131732460227,1803.4517563908294,1802.9765842471309,1843.5507306534282,1887.1223100693906,1953.506530216171,1993.2802090978007,2071.6557969909986,2050.2392087380613,2088.0128540679957,2146.5107698515326,2259.5814095427504,2344.7949761823074,2305.6915173423613,2353.8860961004207,2491.2847711532813,2439.8151238364153,2447.393052983644,2488.6103410586043,2490.978898068695,2450.2858836137807,2515.67813743132,2495.942755641317,2510.646010603056,2594.241250244255,2517.213652194204,2529.1754862355583,2541.110466576347,2589.191559989665,2604.6753736215614,2591.264271827141,2495.9708397481913,2500.2917179732453,2515.67813743132,2590.7885803556874,2585.9653909211474,2594.241250244255,2619.4660586154737,2651.3772325011973,2640.761857422478,2638.9837053740816,2654.7652846527453,2685.9450817592865,2645.729090133083,2695.3144719751585,2767.245951174452,2795.455886318275,2811.9235318754227,2793.798269493813,2806.9288037211354,2804.6302421622036,2884.9077649954997,2937.7365776805814,2980.3497063554405,2965.004311032979
All Upper Manhattan,Manhattan,submarket,1175.0,1150.0,1150.0,1150.0,1150.0,1195.0,1250.0,1198.0,1200.0,1208.0,1216.0,1200.0,1208.0,1100.0,1200.0,1425.0,1475.0,1550.0,1473.0,1580.0,1573.0,1550.0,1400.0,1500.0,1350.0,1500.0,1450.0,1450.0,1450.0,1500.0,1600.0,1525.0,1595.0,1500.0,1585.0,1425.0,1400.0,1400.0,1400.0,1350.0,1375.0,1400.0,1488.0,1500.0,1425.0,1425.0,1413.0,1400.0,1400.0,1450.0,1400.0,1450.0,1500.0,1538.0,1475.0,1500.0,1490.0,1490.0,1568.0,1568.0,1475.0,1500.0,1500.0,1500.0,1550.0,1595.0,1600.0,1650.0,1600.0,1650.0,1653.0,1600.0,1650.0,1600.0,1650.0,1650.0,1663.0,1650.0,1613.0,1600.0,1600.0,1656.0,1699.0,1699.0,1699.0,1650.0,1650.0,1695.0,1681.0,1675.0,1695.0,1745.0,1732.0,1700.0,1650.0,1650.0,1675.0,1675.0,1695.0,1700.0,1750.0,1775.0,1750.0,1795.0,1795.0,1750.0,1700.0,1700.0,1700.0,1750.0,1700.0,1750.0,1795.0,1800.0,1800.0,1800.0,1800.0,1780.0,1750.0,1750.0,1795.0,1800.0,1825.0,1825.0,1829.0,1800.0,1750.0,1700.0,1695.0,1680.0,1650.0,1625.0,1650.0,1660.0,1650.0,1675.0,1695.0,1700.0,1735.0,1725.0,1700.0,1725.0,1750.0,1750.0,1800.0,1850.0,1850.0,1945.0,1947.0,1990.0,2043.0,2050.0,2000.0,2000.0,1950.0,1950.0,1988.0,2000.0,2176.0,2200.0,2173.0,2150.0,2100.0,2197.0,2200.0,2263.0,2250.0,2200.0,2200.0,2175.0,2095.0,2185.0,2225.0,2250.0,2377.0,2295.0,2310.0,2295.0,2300.0,2207.0,2200.0,2200.0,2195.0,2390.0,2598.0,2600.0,2550.0,2550.0,1206.1003125789819,1179.8802855527067,1174.1423529395843,1150.0123373382667,1138.57121664453,1173.0271644103302,1223.269826697798,1171.6348367520914,1184.6122760221012,1199.9208515491548,1219.080775820967,1222.7883281628308,1239.9737681663066,1128.581142702589,1225.1920204586966,1425.0152875713304,1460.3413430875494,1521.4996693188384,1441.5011637806851,1545.227914915112,1552.8292584856379,1539.6335429645615,1403.546945846508,1528.4854102035383,1385.7322740269153,1538.9742855035306,1480.4403580542582,1450.0155557743362,1435.5897948996248,1472.4190348246823,1565.7853781731815,1491.4383355984469,1574.5471502127098,1489.9679448044142,1589.0156494047965,1452.0611396933614,1437.055691583468,1436.3759998032951,1429.390690535146,1350.014482962313,1361.335150335851,1374.2577658363703,1456.1804017010586,1466.9885268181445,1406.7270777762453,1415.4695475641936,1416.5798817722257,1426.5863828566357,1437.055691583468,1487.6751426534129,1429.390690535146,1450.0155557743362,1485.092891275474,1509.7203170402408,1443.4583955034016,1466.9885268181445,1470.8935760607758,1480.0348251723847,1571.972579348089,1597.7767487994322,1514.0408179182964,1538.9742855035306,1531.4900255733708,1500.0160921803479,1534.595987651323,1565.6722403635788,1565.7853781731815,1613.6873794999588,1579.483034696135,1638.9647392848556,1657.187929631627,1630.384437550441,1693.6727793662299,1641.5725712037658,1684.6390281307076,1650.0177013983825,1646.472985460742,1619.6609383071504,1578.5073843708385,1564.787761939354,1579.483034696135,1644.9246110640734,1703.3044721380122,1731.2644746238745,1743.9697285716513,1692.8717140538836,1684.6390281307076,1695.018184163793,1664.2941001560478,1644.2012555542285,1658.753885002214,1706.596652865108,1709.7903850585662,1688.6303374450029,1654.1803290333844,1681.3339512238922,1719.3344881445062,1718.5212854789424,1730.583728897909,1700.0182378043942,1732.6083731547196,1742.3625245425408,1712.5777573769171,1755.4962704257127,1771.9825295497265,1738.29593560515,1704.3070056707597,1732.2834648973435,1744.9961969227822,1795.469999754119,1735.6886956498201,1750.0187742104058,1777.1611598929837,1766.9028417896188,1761.508550444829,1760.3862321817733,1776.918414033152,1768.0952945012382,1754.433682308135,1783.2329785707948,1842.510690280232,1846.7691426042365,1863.312864447601,1825.0195788194233,1810.8232654285612,1766.9028417896188,1712.5777573769171,1662.5869970605636,1673.2648398812182,1668.7640981809438,1654.1803290333844,1655.8591943871666,1693.6727793662299,1703.131542623907,1684.6390281307076,1675.0179696013884,1678.1549671412854,1668.7415728013066,1697.8985194565435,1687.036805840866,1678.2007243646435,1713.4631365250764,1754.433682308135,1783.2329785707948,1847.6430320358872,1898.0682854543543,1888.8376982071572,1945.0208661938511,1927.650572875565,1953.4092528674119,1999.312204754881,2004.8843199847972,1974.353793370169,1986.6239264058856,1954.9403888576362,1987.0310332646,2040.6190820485242,2051.9657140047075,2221.6815304317697,2200.02360186451,2151.404568494403,2110.4672832487113,2055.0933088523007,2148.6491956129753,2171.7891727071856,2247.8649727282595,2255.700448681888,2241.7786016318564,2258.230372488307,2231.5127139801193,2138.9810690508075,2185.0234409427067,2202.887788725286,2208.6285522370235,2326.1699024485324,2244.492446031761,2280.378631342545,2279.6509555507537,2305.8271253192634,2248.9115335461397,2258.230372488307,2257.162285405178,2241.0804040890325,2390.025640207354,2572.180887689121,2552.192993696116,2495.470446463508,2493.8804955908454
All Upper West Side,Manhattan,submarket,1800.0,1800.0,1795.0,1800.0,1895.0,1895.0,1800.0,1895.0,1995.0,2000.0,2000.0,1895.0,1923.0,1950.0,1950.0,1963.0,2000.0,2000.0,2000.0,2150.0,2175.0,2095.0,2050.0,2050.0,2000.0,2000.0,2000.0,2095.0,2035.0,2033.0,2150.0,2171.0,2150.0,2100.0,2156.0,2150.0,2117.0,2163.0,2150.0,2150.0,2100.0,2100.0,2100.0,2150.0,2200.0,2200.0,2150.0,2158.0,2150.0,2185.0,2200.0,2200.0,2200.0,2200.0,2200.0,2200.0,2250.0,2200.0,2200.0,2200.0,2195.0,2200.0,2250.0,2300.0,2350.0,2337.0,2300.0,2300.0,2300.0,2300.0,2273.0,2300.0,2295.0,2300.0,2300.0,2300.0,2350.0,2399.0,2350.0,2325.0,2350.0,2350.0,2300.0,2300.0,2250.0,2299.0,2295.0,2250.0,2300.0,2300.0,2295.0,2300.0,2300.0,2275.0,2298.0,2300.0,2275.0,2300.0,2295.0,2300.0,2300.0,2295.0,2300.0,2295.0,2200.0,2203.0,2269.0,2300.0,2300.0,2350.0,2400.0,2350.0,2325.0,2300.0,2300.0,2300.0,2350.0,2363.0,2450.0,2451.0,2485.0,2450.0,2391.0,2295.0,2200.0,2195.0,2100.0,2000.0,1995.0,1950.0,1895.0,1900.0,1895.0,1949.0,1950.0,1995.0,2100.0,2197.0,2200.0,2250.0,2300.0,2363.0,2495.0,2499.0,2550.0,2500.0,2611.0,2700.0,2700.0,2800.0,2798.0,2788.0,2825.0,2825.0,2800.0,2885.0,2803.0,2850.0,2870.0,2863.0,2877.0,2895.0,2900.0,2900.0,2900.0,2936.0,2995.0,3000.0,2995.0,2995.0,2995.0,2900.0,2995.0,3000.0,2950.0,2950.0,2900.0,2863.0,2925.0,2925.0,2995.0,2989.0,3038.0,3198.0,3128.0,3250.0,3300.0,3399.0,1813.6856776925888,1805.5221732151035,1794.067404988459,1801.179245443149,1891.6619041672177,1884.3111759745286,1805.0515504540044,1890.6395685000866,1981.8675517193558,2003.767900176901,1998.642133405361,1898.0959154740117,1937.620865668249,1955.982354316362,1948.9868744999974,1964.28603266939,1996.476943712103,1988.718919234331,2005.6128338377828,2145.052808588489,2160.682669167719,2098.946875435304,2048.608186740495,2053.3491433887725,2015.206308547321,2006.1357480167817,1998.9608969230742,2096.3725106685542,2031.4152902270648,2021.5327814016973,2156.0337963756165,2166.004487184004,2135.8472361887793,2103.956295185746,2154.536219810979,2153.5125162370055,2133.095877597339,2169.635811480149,2148.882964192305,2151.408543168206,2096.3007908977083,2088.1548651960475,2105.893475529672,2145.052808588489,2185.518102146658,2204.1446901945915,2148.540293410763,2161.525586064864,2166.34678168837,2191.703304708334,2198.8569866153816,2201.441299986071,2196.1246380833136,2187.590811157764,2206.174117221561,2194.9377576254305,2235.188968104537,2204.1446901945915,2198.506346745897,2203.5942026611215,2211.6889236306847,2206.74932281846,2248.8310090384584,2301.5068136218015,2345.860408861721,2323.8180571253156,2306.45475891345,2294.707655699314,2284.8598340624153,2304.3330852034364,2271.4567846151926,2303.7575755093544,2312.449239058051,2307.0561102192987,2298.8050314615352,2301.5068136218015,2345.860408861721,2385.46834362158,2356.5950797593946,2319.6501302177844,2334.530700020294,2354.427282707859,2298.438453416165,2303.7575755093544,2267.107097115736,2306.0530423452906,2293.8076292192277,2251.4740568039365,2295.9484852689184,2287.0267571194804,2301.4407268288555,2294.707655699314,2284.8598340624153,2279.285986451225,2296.43981128276,2303.7575755093544,2292.2971759725774,2307.0561102192987,2293.8076292192277,2301.5068136218015,2295.9484852689184,2282.0549598213947,2306.45475891345,2289.7191607956197,2185.518102146658,2207.1503420448566,2267.459500348382,2303.7575755093544,2317.4872548294193,2357.2095039197184,2398.753076307689,2351.539570439667,2320.90444706532,2287.0267571194804,2306.45475891345,2294.707655699314,2334.530700020294,2367.4517740590086,2448.336613421567,2455.004268510186,2503.8938383700465,2457.5162913205577,2389.757752271535,2296.503537940015,2196.1246380833136,2182.619013859678,2105.893475529672,1995.397961477664,1981.8675517193558,1953.6737026724786,1893.7134214015796,1903.1040841164233,1909.4079773485867,1954.9792864423537,1948.9868744999974,1996.3069970328236,2096.3007908977083,2184.6077327789126,2206.174117221561,2244.822706662372,2284.8598340624153,2367.4517740590086,2493.3060614231877,2503.082687477338,2569.3880433978343,2507.669685020977,2609.6434509330734,2701.7688681647237,2695.2438740113394,2784.2064869280634,2805.852354539058,2781.5847582998636,2806.4039266201403,2830.322158999873,2798.0989867675053,2889.7133066715164,2824.3116414290703,2858.743440923914,2868.5088870846116,2864.8756553909643,2871.9320835298604,2878.670635591694,2908.1386090647848,2893.327044142613,2880.9102255569583,2941.531277459691,2992.966594774528,3004.901185446984,3017.771447049613,3004.1882826551305,2993.4439431423034,2901.8998954361846,2989.7242232088743,2983.0783788514964,2958.2789299107294,2943.2119931795546,2880.9102255569583,2868.393749103234,2923.01412010534,2929.7786558108096,3017.771447049613,2998.1698754110803,3036.4216024261495,3200.0951260706615,3122.4899399657293,3231.668243755788,3309.2611758323415,3391.17883553129
Astoria,Queens,neighborhood,1142.0,,,,,,,,,,,,,,,,,,,,,,,,,,,,1675.0,1400.0,1400.0,1463.0,1825.0,,1275.0,1750.0,1350.0,1575.0,1525.0,1600.0,1600.0,1650.0,1499.0,1538.0,1538.0,1500.0,1750.0,1750.0,1650.0,1698.0,1525.0,1638.0,1650.0,1563.0,1675.0,1725.0,1680.0,1550.0,1550.0,1500.0,1500.0,1550.0,1613.0,1638.0,1750.0,1850.0,1750.0,1950.0,1650.0,1550.0,1900.0,1850.0,1788.0,1663.0,1600.0,1613.0,1750.0,1750.0,1687.0,1750.0,1795.0,1795.0,1750.0,1700.0,1675.0,1798.0,1775.0,1700.0,1698.0,1663.0,1695.0,1700.0,1675.0,1615.0,1858.0,1700.0,1638.0,1725.0,1746.0,1746.0,1695.0,1700.0,1784.0,1750.0,1850.0,1750.0,1750.0,1650.0,1600.0,1675.0,1650.0,1650.0,1675.0,1700.0,1750.0,1750.0,1825.0,1750.0,1675.0,1750.0,1675.0,1675.0,1713.0,1700.0,1650.0,1700.0,1700.0,1650.0,1650.0,1600.0,1500.0,1550.0,1550.0,1575.0,1525.0,1540.0,1600.0,1605.0,1650.0,1700.0,1675.0,1650.0,1652.0,1750.0,1700.0,1650.0,1700.0,1823.0,1700.0,1895.0,1900.0,1850.0,1850.0,1975.0,1955.0,1950.0,2195.0,1866.0,1950.0,1900.0,2000.0,2025.0,2100.0,2075.0,2100.0,2000.0,2098.0,2000.0,2100.0,2225.0,2375.0,2450.0,2350.0,2350.0,2350.0,2299.0,2299.0,2200.0,2250.0,2400.0,2400.0,2495.0,2349.0,2400.0,2278.0,2200.0,2375.0,2275.0,1159.8094628277656,1164.0964334813223,1193.3630713469909,1198.9751998656645,1212.4877347056379,1233.3749125122004,1252.0881386024068,1259.700590959987,1269.1323565525788,1338.4075884247745,1338.0637422169702,1339.5853299015012,1391.800372392639,1393.1271876892813,1424.3645302276686,1427.3786363017268,1439.855846326878,1461.1011889022595,1479.7664161511927,1485.3438816251248,1493.121610209044,1571.199444829334,1567.470692713398,1566.0180519620735,1623.7912819575124,1622.1579418972403,1655.3659891083462,1655.7820727377891,1667.2239579481184,1395.6957527345705,1395.4015759712954,1445.161313134257,1789.5326550727589,1579.6070306375661,1280.4609338215255,1734.7097218524157,1371.0532178787073,1579.1520107209178,1542.176718918846,1599.8239450180722,1592.572138935516,1644.9271371514583,1494.0764017006943,1519.2468213263753,1508.1102594530976,1528.6519651331284,1757.4953993628783,1734.7097218524157,1675.7317107406423,1702.4762629867419,1542.176718918846,1637.8197637122514,1642.340018277251,1558.1946153743813,1669.4983141085143,1703.966688418724,1647.3506085053343,1579.6070306375661,1556.638782292835,1486.8940473020707,1523.3924643096748,1554.0861057888396,1631.1679000761303,1637.8197637122514,1741.8757769607207,1844.3122446849684,1744.2519699641193,1926.2232129950794,1617.9336333534534,1579.6070306375661,1908.1378621654105,1833.8359916725537,1815.8838174571324,1667.3839960818325,1618.021475586986,1612.822514571344,1741.8757769607207,1744.6196909182133,1681.458899045411,1728.6618578160967,1760.115679920878,1829.2868516093104,1757.4953993628783,1685.1465869423466,1701.1215851458035,1802.7398827150541,1794.9925744793127,1699.8129415817016,1690.1171824453165,1657.8871691411364,1689.4326223366756,1679.2715190213512,1642.4477793133542,1645.848615793335,1865.9579725807016,1685.1465869423466,1663.544571026165,1729.5474403133862,1765.6659352342986,1745.8078800009712,1687.1311096848124,1694.7734140348357,1778.1402939519937,1728.6618578160967,1814.0468010326597,1783.4272926553165,1757.4953993628783,1635.5834520322778,1624.9519619303198,1679.41563044923,1668.5846466990793,1649.818443299887,1667.2239579481184,1694.7734140348357,1744.2519699641193,1728.6618578160967,1789.5326550727589,1783.4272926553165,1682.174167961612,1734.7097218524157,1701.1215851458035,1679.41563044923,1732.294242300317,1699.8129415817016,1642.340018277251,1694.7734140348357,1694.416199393716,1629.8811802266055,1617.9336333534534,1630.5620961420038,1506.4246280253242,1536.4571822121397,1574.1722131199972,1579.1520107209178,1542.176718918846,1539.8305470798944,1592.572138935516,1600.0654879564183,1644.5804288233126,1679.2715190213512,1642.4477793133542,1681.5171616464413,1659.075656998557,1734.7097218524157,1726.5114595509647,1654.349725517152,1719.1478178111727,1822.799407354966,1692.1078976189858,1889.173893880008,1893.7592816753297,1827.442535405588,1814.0468010326597,2012.725087425286,1963.3734318596726,1932.9622614926918,2229.2309727731576,1870.9191441303064,1971.963673371639,1899.7909347089608,1990.715173669395,2018.7742137767896,2093.1023639569435,2049.6990599819433,2059.1882606316676,2038.2026201775047,2106.9859130647533,1982.5253964027609,2132.7494500335447,2230.865538954947,2401.7506278244323,2449.7304158089228,2339.0903290615393,2342.7750135187434,2342.2812168089604,2270.9677777824036,2254.3208624724784,2242.022882195255,2259.6369420379865,2379.030475683313,2437.4279428954796,2501.5773122213905,2375.457778846144,2399.735917527108,2267.424582809441,2193.2361828686107,2367.199102094162,2247.2604151609257
Auburndale,Queens,neighborhood,,,,,,,,,,,,,,,,,,,,,,,,,,,,,,,,,,,,,,,,,,,,,,,,,,,,,,,,,,,,,,,,,,,,,,,,,,,,,,,,,,,,,,,,,,,,,,,,,,,,,,,,,,,,,,,,,,,,,,,,,,,,,,,,,,,,,,,,,,,,,,,,,,,,,,,,,,,,,,,,,,,,,,,,,,,,,,,,,,,,,,,,,,,,,,,,,,,,,,,,,,,,,,,,,,,,,,,,,,,,,,,,,,,,,,,,,,,,,,,,,,,,,,,,,,,,,,,,,,,,,,,,,,,,,,,,,,,,,,,,,,,,,,,,,,,,,,,,,,,,,,,,,,,,,,,,,,,,,,,,,,,,,,,,,,,,,,,,,,,,,,,,,,,,,,,,,,,,,,,,,,,,,,,,,,,,,,,,
Bath Beach,Brooklyn,neighborhood,,,,,,,,,,,,,,,,,,,,,,,,,,,,,,,,,,,,,,,,,,,,,,,,,,,,,,,,,,,,,,,,,,,,,,,,,,,,,,,,,,,,,,,,,,,,,,,,,,,,,,,,,,,,,,,,,,,,,,,,,,,,,,,,,,,,,,,,,,,,,,,,,,,,,,,,,,,,,,,,,,,,,,,,,,,,,,,,,,,,,,,,,,,,,,,,,,,,,,,,,,,,,,,,,,,,,,,,,,,,,,,,,,,,,,,,,,,,,,,,,,,,,,,,,,,,,,,,,,,,,,,,,,,,,,,,,,,,,,,,,,,,,,,,,,,,,,,,,,,,,,,,,,,,,,,,,,,,,,,,,,,,,,,,,,,,,,,,,,,,,,,,,,,,,,,,,,,,,,,,,,,,,,,,,,,,,,,,
Battery Park City,Manhattan,neighborhood,2550.0,2300.0,2300.0,2500.0,2695.0,2795.0,2795.0,2500.0,2500.0,2650.0,2595.0,2500.0,2500.0,2295.0,2313.0,2500.0,2413.0,2500.0,2443.0,2450.0,2475.0,2475.0,2475.0,2625.0,2650.0,2595.0,2610.0,2725.0,2439.0,2550.0,2545.0,2475.0,2463.0,2473.0,2488.0,2595.0,2675.0,2650.0,2595.0,2673.0,2650.0,2650.0,2650.0,2700.0,2700.0,2700.0,2700.0,2700.0,2700.0,2700.0,2798.0,2900.0,3085.0,2800.0,2685.0,2763.0,2773.0,2850.0,2900.0,2600.0,2800.0,3100.0,2950.0,2935.0,2950.0,3050.0,2893.0,2950.0,3160.0,3000.0,2865.0,2925.0,3073.0,2995.0,3000.0,3000.0,3000.0,3100.0,3200.0,3100.0,3100.0,3100.0,3035.0,2977.0,3050.0,3050.0,2925.0,2950.0,2995.0,2960.0,2973.0,2950.0,2990.0,2915.0,2795.0,2686.0,2746.0,2870.0,3100.0,3100.0,3073.0,3090.0,3150.0,3350.0,3350.0,3200.0,2953.0,2908.0,3150.0,3150.0,3226.0,3180.0,3175.0,3150.0,3390.0,3393.0,3250.0,3186.0,3050.0,3100.0,3250.0,3250.0,3293.0,3250.0,2999.0,2801.0,2650.0,2595.0,2703.0,2705.0,2583.0,2650.0,2800.0,2835.0,2935.0,2999.0,3020.0,3155.0,3400.0,3348.0,3400.0,3445.0,3450.0,3495.0,3528.0,3450.0,3610.0,3660.0,3775.0,3771.0,3995.0,3982.0,3698.0,3402.0,3402.0,3467.0,3573.0,3608.0,3605.0,3545.0,3725.0,3985.0,3925.0,3808.0,3853.0,3700.0,3570.0,3590.0,3500.0,3545.0,3900.0,3950.0,4110.0,4165.0,4005.0,4018.0,3895.0,3868.0,3830.0,3860.0,3882.0,3911.0,3969.0,3995.0,4246.0,4242.0,4191.0,4209.0,2571.5304767283524,2321.527376921472,2289.2681602513053,2460.388849000377,2664.8057143611713,2752.8644452532026,2737.7478460919065,2474.1003460008064,2480.409234099771,2667.0426750907527,2674.757272713431,2584.9110951317357,2521.108310517993,2316.4805782759904,2302.207502026639,2460.388849000377,2385.9651906320987,2462.311668383902,2392.958135242407,2424.61833908079,2455.6051417587732,2490.9172154149483,2551.0690751313073,2714.156649888322,2672.374809149072,2619.288497004878,2597.8216948938725,2681.823845410411,2411.673891401446,2511.55790175158,2492.8687900908417,2449.359342540798,2443.6991774350945,2488.904353018653,2564.4686298693705,2683.1377167467417,2697.585892254252,2674.803282105174,2582.891685153103,2630.6477573512034,2620.309886106532,2610.050368486936,2595.717993611289,2672.0283736808706,2678.8419728277527,2717.364234998125,2782.9844455977895,2791.7039827422745,2722.796975359432,2725.2712685599886,2784.944483644849,2854.0510648404374,3050.436225901378,2757.78906858997,2630.001061451438,2734.375702400091,2751.2699224634657,2868.328914720243,2989.1314415679963,2688.307538937005,2823.6413077801517,3129.0151601985053,2936.2352490179783,2888.4965087264427,2916.9487411374603,3004.02023542836,2833.740436044324,2919.4384082809515,3135.2372719021105,3019.293594442361,2953.05571727321,3024.3459813041304,3098.9463352887165,3023.032388643395,2986.0019481538766,2952.4666188004526,2966.3885503092815,3053.266468796038,3134.4519168136317,3067.8844290409997,3075.707450283716,3119.936714257107,3128.2806638478855,3078.1121320828706,3075.752138831951,3078.5471737436906,2911.3518994500296,2903.258841820445,2961.4445693920993,2915.37701536654,2912.1017339646646,2919.4384082809515,2966.569443983326,2933.746942599828,2880.904268683638,2777.2284806095367,2769.185368272963,2896.862422506358,3085.5353464256723,3050.8821727604677,3038.570671700141,3043.4172221225026,3085.476105613419,3315.2944636410803,3323.748373693693,3220.579834071852,3043.760395500101,3006.768585857235,3176.5964712526707,3179.48314665332,3210.947428248135,3129.61461592848,3139.4278824106564,3102.5127021637163,3320.5599993744413,3357.8489895922944,3224.532004329702,3206.489797297788,3143.741688545651,3205.2897579633523,3277.4408036733903,3280.419119562949,3277.6348050902384,3198.5055037004904,2965.399754125845,2758.7739932573236,2595.717993611289,2568.1161591488367,2681.818463908672,2722.3963909888625,2662.388452955219,2740.0057608396396,2823.6413077801517,2861.534831987988,2921.3052392772092,2951.4824632608525,2986.16447397801,3107.4373255004843,3330.3551616144837,3313.3151833642796,3373.3565583756886,3467.1554776179782,3556.0356804860644,3613.705710994166,3557.788047802991,3482.2910653822078,3593.1556776118314,3602.009274936552,3732.7055924725123,3714.1509205902776,3913.1673148970185,3940.747031110084,3669.021339080381,3423.8789360976375,3506.5604014532146,3584.754706728691,3603.167997392315,3641.769902579422,3588.1790076982415,3488.8313878825347,3683.265783300691,3924.9247994039397,3844.60117921672,3768.549647028428,3822.806711594567,3723.795433145579,3679.7238780681882,3711.932332609172,3529.5516347251896,3578.1802396463554,3881.8025326000393,3887.414381420596,4063.952313923716,4102.211239527581,3922.962477137061,3976.3740760924957,3864.477586727443,3892.8758744343513,3947.714972829457,3991.1027308833995,3914.7769845723387,3947.6059004955982,3950.4805774075785,3931.701380702603,4198.428594871069,4178.050438913805,4105.152494801853,4165.395342526957
Bay Ridge,Brooklyn,neighborhood,,,,,,,,,,,,,,,,,,,,,,,,,,,,,,,,,,,,,,,,,,,,,1295.0,1263.0,1250.0,1150.0,1200.0,1250.0,1245.0,1313.0,,1360.0,1398.0,1398.0,1450.0,1325.0,1325.0,1150.0,1250.0,1213.0,1188.0,1338.0,1450.0,1300.0,1300.0,1335.0,1350.0,1363.0,1350.0,1325.0,1375.0,1375.0,1350.0,1400.0,1400.0,1475.0,1448.0,,,,1300.0,1338.0,1373.0,1465.0,1458.0,1400.0,1485.0,1498.0,1463.0,1450.0,1475.0,1425.0,1425.0,1400.0,1675.0,1450.0,1425.0,1450.0,1500.0,1450.0,1450.0,1500.0,1525.0,1598.0,1475.0,1450.0,1550.0,1500.0,1500.0,1480.0,1485.0,1500.0,1568.0,1550.0,1549.0,1500.0,1497.0,1490.0,1459.0,1468.0,1513.0,1500.0,1537.0,1600.0,1600.0,1500.0,1500.0,1475.0,1450.0,1450.0,1400.0,1399.0,1363.0,1435.0,1425.0,1450.0,1450.0,1450.0,1475.0,1475.0,1450.0,1450.0,1475.0,1495.0,1500.0,1500.0,1525.0,1525.0,1550.0,1580.0,1600.0,1650.0,1550.0,1550.0,1600.0,1596.0,1585.0,1612.0,1650.0,1650.0,1625.0,1625.0,1600.0,1625.0,1650.0,1650.0,1650.0,1700.0,1675.0,1673.0,1695.0,1650.0,1700.0,1750.0,1750.0,1745.0,1675.0,1700.0,1748.0,1775.0,1813.0,1750.0,1795.0,1900.0,1850.0,1875.0,1298.7988616347236,1305.760924400358,1316.257260587588,1297.4922390036406,1274.8396968513298,1279.0576949831657,1276.9731828922777,1279.6036364202766,1275.8212849134488,1288.9238841657914,1313.2843764556837,1336.4491235932721,1298.7988616347236,1305.760924400358,1316.257260587588,1297.4922390036406,1274.8396968513298,1279.0576949831657,1276.9731828922777,1279.6036364202766,1275.8212849134488,1288.9238841657914,1313.2843764556837,1336.4491235932721,1298.7988616347236,1305.760924400358,1316.257260587588,1297.4922390036406,1274.8396968513298,1279.0576949831657,1276.9731828922777,1279.6036364202766,1275.8212849134488,1288.9238841657914,1313.2843764556837,1336.4491235932721,1298.7988616347236,1305.760924400358,1316.257260587588,1297.4922390036406,1274.8396968513298,1279.0576949831657,1276.9731828922777,1279.6036364202766,1275.8212849134488,1257.0740275686444,1267.649012022861,1186.8081020326356,1203.5201806653808,1260.3869926644381,1265.4365169355576,1315.5268801635368,1315.6936330824728,1343.2575020672627,1378.5393897169145,1381.3790607842059,1428.5257630305027,1318.7831247256167,1343.7079527442324,1186.8081020326356,1253.6668548597718,1223.0795376815709,1207.5008691722428,1340.5749928856146,1427.426687594153,1283.9961416819424,1281.903581281823,1319.1280730664628,1330.0067448904679,1356.6048294347288,1369.0609329846898,1367.4093349506452,1379.0335403457489,1386.425691930882,1372.1600786048216,1402.6943124363681,1378.2050776771132,1456.841776139127,1427.8433736123693,1394.2245026942164,1353.6513092440762,1330.726820949547,1318.3549725037753,1380.8254265388402,1377.0276733779733,1477.1735554027216,1481.9328848932073,1402.6943124363681,1461.8818145360808,1479.5586309535,1442.6345687810056,1432.7608284242478,1453.1555175655112,1418.313926591701,1445.1198737060613,1444.809863344078,1679.9135855120942,1462.0489114907482,1448.391194082867,1452.7905378805242,1476.6482975111928,1432.1495426452434,1429.8155329681874,1482.1663742319806,1502.4150266355286,1590.5022138200268,1495.8258341869757,1496.4102156063664,1554.5469000261169,1512.4643911973258,1524.6223095609128,1482.8482731470178,1461.8818145360808,1481.5340096330106,1546.1729349614607,1531.5719200397132,1526.059590989137,1492.9620279912642,1518.1364567985781,1537.6904974161973,1463.2799529923257,1480.1984841851163,1537.8357029104407,1502.8867633246803,1513.0722888498021,1580.3029436085446,1577.7274846545515,1482.1663742319806,1477.78527210052,1468.0793275247431,1470.4728539465186,1496.4102156063664,1404.1068774429443,1410.6251221900393,1385.3734719543495,1437.7616702472774,1402.8158826356332,1432.1495426452434,1429.8155329681874,1432.7608284242478,1453.1555175655112,1468.0793275247431,1470.4728539465186,1496.4102156063664,1479.3268887345307,1507.422843226668,1524.6223095609128,1502.8867633246803,1501.2591024697126,1506.226243126894,1528.423500759097,1561.215247524353,1576.3042902405546,1642.2582307903906,1571.8847749083475,1599.6109201309434,1604.6935742205078,1609.2621122339547,1611.0175737693644,1615.1023083195896,1624.313127262312,1629.6874105963116,1602.379476602279,1605.6802387513123,1576.3042902405546,1617.3755303238695,1673.2966958701763,1702.8116246555205,1654.8402484148987,1714.1263100236358,1702.4949123430192,1676.21970336146,1668.6125761876478,1629.6874105963116,1676.335452445461,1729.194103270644,1724.0828174506066,1736.8124925631707,1698.6496761106334,1754.411976917809,1753.1277298359048,1789.7495295835022,1842.7601648226232,1753.36789054546,1767.0557960217272,1876.6097455351467,1824.2474041318253,1852.7079677899758
Baychester,Bronx,neighborhood,,,,,,,,,,,,,,,,,,,,,,,,,,,,,,,,,,,,,,,,,,,,,,,,,,,,,,,,,,,,,,,,,,,,,,,,,,,,,,,,,,,,,,,,,,,,,,,,,,,,,,,,,,,,,,,,,,,,,,,,,,,,,,,,,,,,,,,,,,,,,,,,,,,,,,,,,,,,,,,,,,,,,,,,,,,,,,,,,,,,,,,,,,,,,,,,,,,,,,,,,,,,,,,,,,,,,,,,,,,,,,,,,,,,,,,,,,,,,,,,,,,,,,,,,,,,,,,,,,,,,,,,,,,,,,,,,,,,,,,,,,,,,,,,,,,,,,,,,,,,,,,,,,,,,,,,,,,,,,,,,,,,,,,,,,,,,,,,,,,,,,,,,,,,,,,,,,,,,,,,,,,,,,,,,,,,,,,,
Bayside,Queens,neighborhood,,,,,,,,,,,,,,,,,,,,,,,,,,,,,,,,,,,,,,,,,,,,,,,,,,,,,,,,,,,,,,,,,,,,,,,,,,,,,,,,,,,,,,,,,,,,,,,,,,,,,,,,,,,,,,,,,,,,,,,,,,,,,,,,1650.0,,,,,,,,,,,,,,,,,,,,,,,,,,,,,,,,,,,,,,,,,,,,,,,,,,,,,,,,,,,,,1650.0,1650.0,1650.0,1650.0,1650.0,1650.0,1650.0,1650.0,1650.0,1650.0,1650.0,1650.0,1650.0,1650.0,1650.0,1650.0,1650.0,1650.0,1650.0,1650.0,1650.0,1650.0,1650.0,1650.0,1650.0,1650.0,1650.0,1650.0,1650.0,1650.0,1650.0,1650.0,1650.0,1650.0,1650.0,1650.0,1650.0,1650.0,1650.0,1650.0,1650.0,1650.0,1650.0,1650.0,1650.0,1650.0,1650.0,1650.0,1650.0,1650.0,1650.0,1650.0,1650.0,1650.0,1650.0,1650.0,1650.0,1650.0,1650.0,1650.0,1650.0,1650.0,1650.0,1650.0,1650.0,1650.0,1650.0,1650.0,1650.0,1650.0,1650.0,1650.0,1650.0,1650.0,1650.0,1650.0,1650.0,1650.0,1650.0,1650.0,1650.0,1650.0,1650.0,1650.0,1650.0,1650.0,1650.0,1650.0,1650.0,1650.0,1650.0,1650.0,1650.0,1650.0,1650.0,1650.0,1650.0,1650.0,1650.0,1650.0,1650.0,1650.0,1650.0,1650.0,1650.0,1650.0,1650.0,1650.0,1650.0,1650.0,1650.0,1650.0,1650.0,1650.0,1650.0,1650.0,1650.0,1650.0,1650.0,1650.0,1650.0,1650.0,1650.0,1650.0,1650.0,1650.0,1650.0,1650.0,1650.0,1650.0,1650.0,1650.0,1650.0,1650.0,1650.0,1650.0,1650.0,1650.0,1650.0,1650.0,1650.0,1650.0,1650.0,1650.0,1650.0,1650.0,1650.0,1650.0,1650.0,1650.0,1650.0,1650.0,1650.0,1650.0,1650.0,1650.0,1650.0,1650.0,1650.0,1650.0,1650.0,1650.0,1650.0,1650.0,1650.0,1650.0,1650.0,1650.0,1650.0,1650.0,1650.0,1650.0,1650.0,1650.0,1650.0,1650.0,1650.0,1650.0,1650.0,1650.0,1650.0,1650.0,1650.0,1650.0,1650.0,1650.0,1650.0,1650.0
Bedford Park,Bronx,neighborhood,,,,,,,,,,,,,,,,,,,,,,,,,,,,,,,,,,,,,,,,,,,,,,,,,,,,,,,,,,,1200.0,1175.0,1193.0,1200.0,1263.0,1225.0,1088.0,,,,,,,,,1295.0,1285.0,,,1250.0,,,1325.0,,,,,,,,,,,,,,,,,,,,,,,,,,,,,,,,,,,,,,,,,,,,,,,,,,,,,,,,,,,,,,,,,,,,,,,,,,,,,,,,,,,,,,,,,,,,,,,,,,,,,,,,,,,,1196.9754649438826,1195.6946188453537,1192.2379727848243,1196.4578218446852,1207.951536172182,1207.7385688412242,1204.7347789932442,1202.2945975237212,1199.8902484246973,1199.0362511222615,1198.1872225322693,1199.0143364301775,1196.9754649438826,1195.6946188453537,1192.2379727848243,1196.4578218446852,1207.951536172182,1207.7385688412242,1204.7347789932442,1202.2945975237212,1199.8902484246973,1199.0362511222615,1198.1872225322693,1199.0143364301775,1196.9754649438826,1195.6946188453537,1192.2379727848243,1196.4578218446852,1207.951536172182,1207.7385688412242,1204.7347789932442,1202.2945975237212,1199.8902484246973,1199.0362511222615,1198.1872225322693,1199.0143364301775,1196.9754649438826,1195.6946188453537,1192.2379727848243,1196.4578218446852,1207.951536172182,1207.7385688412242,1204.7347789932442,1202.2945975237212,1199.8902484246973,1199.0362511222615,1198.1872225322693,1199.0143364301775,1196.9754649438826,1195.6946188453537,1192.2379727848243,1196.4578218446852,1207.951536172182,1207.7385688412242,1204.7347789932442,1202.2945975237212,1199.8902484246973,1199.0362511222615,1198.1872225322693,1174.034871087882,1189.9931080650433,1195.6946188453537,1254.8304663560275,1221.3840264664495,1095.2093927961116,1118.1646249855,1138.474366148616,1159.2123744457879,1179.8920776176192,1202.0338417500673,1224.147945687135,1247.9740885010765,1268.7939928405156,1290.353776170611,1276.6881625237493,1269.5746887351938,1270.0268234476969,1258.0610092096085,1280.030702680322,1302.4858139840314,1324.8788159689368,1323.9358606141639,1322.9983915460473,1323.9116631416543,1321.6604092088703,1320.2461416417448,1316.4294282832434,1321.0888449535066,1333.7798211901174,1333.5446697621849,1330.227985138374,1327.533618099109,1324.8788159689368,1323.9358606141639,1322.9983915460473,1323.9116631416543,1321.6604092088703,1320.2461416417448,1316.4294282832434,1321.0888449535066,1333.7798211901174,1333.5446697621849,1330.227985138374,1327.533618099109,1324.8788159689368,1323.9358606141639,1322.9983915460473,1323.9116631416543,1321.6604092088703,1320.2461416417448,1316.4294282832434,1321.0888449535066,1333.7798211901174,1333.5446697621849,1330.227985138374,1327.533618099109,1324.8788159689368,1323.9358606141639,1322.9983915460473,1323.9116631416543,1321.6604092088703,1320.2461416417448,1316.4294282832434,1321.0888449535066,1333.7798211901174,1333.5446697621849,1330.227985138374,1327.533618099109,1324.8788159689368,1323.9358606141639,1322.9983915460473,1323.9116631416543,1321.6604092088703,1320.2461416417448,1316.4294282832434,1321.0888449535066,1333.7798211901174,1333.5446697621849,1330.227985138374,1327.533618099109,1324.8788159689368,1323.9358606141639,1322.9983915460473,1323.9116631416543,1321.6604092088703,1320.2461416417448,1316.4294282832434,1321.0888449535066,1333.7798211901174,1333.5446697621849,1330.227985138374,1327.533618099109,1324.8788159689368,1323.9358606141639,1322.9983915460473,1323.9116631416543,1321.6604092088703,1320.2461416417448,1316.4294282832434,1321.0888449535066,1333.7798211901174,1333.5446697621849,1330.227985138374,1327.533618099109,1324.8788159689368,1323.9358606141639,1322.9983915460473,1323.9116631416543,1321.6604092088703,1320.2461416417448,1316.4294282832434,1321.0888449535066,1333.7798211901174,1333.5446697621849,1330.227985138374,1327.533618099109,1324.8788159689368,1323.9358606141639,1322.9983915460473,1323.9116631416543,1321.6604092088703,1320.2461416417448,1316.4294282832434,1321.0888449535066,1333.7798211901174,1333.5446697621849,1330.227985138374,1327.533618099109
Bedford-Stuyvesant,Brooklyn,neighborhood,,,,1033.0,,1233.0,1225.0,,,,,,,1500.0,1300.0,1500.0,1350.0,1400.0,1450.0,1500.0,,1550.0,1525.0,1550.0,1450.0,1200.0,1200.0,,1300.0,1225.0,1200.0,1173.0,1538.0,1500.0,1748.0,1985.0,1538.0,1500.0,1500.0,1550.0,1250.0,1450.0,1450.0,1450.0,1425.0,1400.0,1400.0,1400.0,1400.0,1450.0,1375.0,1375.0,1423.0,1538.0,1500.0,1500.0,1500.0,1525.0,1550.0,1548.0,1650.0,1650.0,1670.0,1600.0,1575.0,1650.0,1750.0,1600.0,1600.0,1595.0,1600.0,1650.0,1600.0,1650.0,1663.0,1650.0,1749.0,1800.0,1895.0,1881.0,1800.0,1815.0,1800.0,1700.0,1750.0,1725.0,1700.0,1697.0,1700.0,1810.0,1895.0,1898.0,1895.0,1950.0,1789.0,1673.0,1799.0,1950.0,1920.0,1795.0,1750.0,1713.0,1906.0,1950.0,1998.0,1983.0,2000.0,1999.0,1935.0,1800.0,1950.0,1925.0,1850.0,1795.0,1825.0,1900.0,1795.0,1910.0,1775.0,1788.0,1868.0,2050.0,1800.0,1799.0,1770.0,1850.0,1850.0,1822.0,1750.0,1700.0,1697.0,1700.0,1700.0,1683.0,1745.0,1700.0,1725.0,1850.0,1900.0,1950.0,1925.0,1900.0,2000.0,2000.0,1900.0,1950.0,1900.0,1995.0,2177.0,2250.0,2250.0,2695.0,2500.0,2350.0,2261.0,2238.0,2446.0,2595.0,2500.0,2400.0,2400.0,2400.0,2400.0,2607.0,2413.0,2400.0,2300.0,2425.0,2300.0,2299.0,2375.0,2455.0,2500.0,2465.0,2500.0,2550.0,2650.0,2500.0,2750.0,2650.0,2650.0,2500.0,2450.0,2500.0,2645.0,2600.0,2585.0,2650.0,1032.7302577419869,1037.0814759577584,1058.831507499099,1056.2669655784532,1176.2216287052822,1247.0776171427212,1216.1891317298293,1234.8006652450376,1276.8755053363107,1326.593777822395,1361.8892666378388,1394.9642424542146,1460.3328565083414,1505.9266349822242,1332.5081894954778,1533.7855260093706,1401.4997341148553,1415.984317923609,1439.5708089863285,1465.0177384263159,1493.7694267906975,1531.2279244013814,1502.6530151275379,1521.1419126259527,1449.6213685632922,1204.7413079857795,1230.007559534287,1278.1546050078089,1349.592336555046,1238.9862781831578,1191.368945367996,1145.643871449379,1506.5031989535034,1481.8334752271433,1722.3852265199582,1948.043030040333,1537.598389551961,1505.9266349822242,1537.509449417859,1584.9117102096832,1297.6849389952365,1466.5551864208808,1439.5708089863285,1416.1838138121054,1395.8173332306517,1383.044576878667,1379.484735199051,1373.934630758925,1399.6344248197304,1455.7290804828167,1409.3836619663707,1405.9700655085899,1477.284534552177,1555.559914976079,1489.2111817099951,1465.0177384263159,1469.281403400686,1506.5306998142623,1527.2866711132353,1519.1791488677256,1649.5691435375395,1656.5192984804467,1711.760520351883,1636.0378944099955,1635.0830231339978,1668.8386604099678,1737.4130453283276,1562.685587654737,1567.2334969607318,1575.6829286581956,1576.5539830846299,1619.2801005373044,1599.5821997939777,1656.5192984804467,1704.5854762545996,1687.1640786103078,1815.7207666421348,1820.551265901783,1881.3701262269606,1837.1322439866,1763.1376840808232,1793.0185050248433,1773.6232309702086,1668.3491944929804,1749.5430310246632,1731.8156302295579,1742.51070934024,1735.2226917586015,1764.8515170335215,1830.6654396012373,1881.3701262269606,1853.7357783554316,1856.1921729628666,1926.3835177952863,1762.7844223365018,1641.8518837569154,1798.5302358933536,1957.7046254768916,1968.0120952548596,1835.4300127912136,1816.758914593331,1732.55795471653,1892.2910082261672,1904.5230599542106,1957.0828293297138,1958.9838542502832,1970.6924788557874,1961.7823763479223,1934.4947228758417,1807.1119619786691,1998.7622842432168,1968.3580917120257,1920.57370971295,1815.4941790520559,1811.8736044138275,1855.6891353400001,1758.240079402821,1886.8679584558956,1748.9895749845114,1754.71079985497,1867.512218259469,2058.0997344757066,1845.0113393014308,1839.5201075272387,1837.5218736172549,1871.1221343990546,1836.6937907756605,1779.5082129418317,1714.1616373008003,1679.4112719240957,1672.1325683091356,1668.3491944929804,1699.5560872811013,1689.6496844500557,1788.635992822776,1738.29026281062,1790.8052158134262,1871.1221343990546,1886.3341634993271,1904.5230599542106,1885.5778010308804,1876.989068621048,1970.6924788557874,1962.7637582270359,1899.5038622553484,1957.7046254768916,1947.5119692626213,2039.934749592463,2260.048089754104,2275.6890823772287,2233.816772564993,2632.1485367059477,2448.8023390011435,2321.539111189191,2227.8678473464674,2196.332645456053,2445.3612879350435,2605.253078519248,2562.5157490297647,2454.056841614993,2491.5550828708538,2427.401687869044,2382.737890735992,2546.200829384937,2363.5840176039037,2370.933560363429,2266.2963506841556,2379.8510568502807,2299.399412203843,2308.0835558827557,2434.3899615782766,2510.2956442353366,2595.369877990473,2493.143816915497,2482.0186361833253,2490.530155324737,2595.7304793412122,2469.7224587119053,2709.7021584267077,2600.6619796508226,2649.3080184087758,2509.877724970374,2511.2654340491695,2556.3092100156177,2745.9013309139204,2629.685161858131,2566.4072698135583,2588.198004553158
Bellerose,Queens,neighborhood,,,,,,,,,,,,,,,,,,,,,,,,,,,,,,,,,,,,,,,,,,,,,,,,,,,,,,,,,,,,,,,,,,,,,,,,,,,,,,,,,,,,,,,,,,,,,,,,,,,,,,,,,,,,,,,,,,,,,,,,,,,,,,,,,,,,,,,,,,,,,,,,,,,,,,,,,,,,,,,,,,,,,,,,,,,,,,,,,,,,,,,,,,,,,,,,,,,,,,,,,,,,,,,,,,,,,,,,,,,,,,,,,,,,,,,,,,,,,,,,,,,,,,,,,,,,,,,,,,,,,,,,,,,,,,,,,,,,,,,,,,,,,,,,,,,,,,,,,,,,,,,,,,,,,,,,,,,,,,,,,,,,,,,,,,,,,,,,,,,,,,,,,,,,,,,,,,,,,,,,,,,,,,,,,,,,,,,,
Belmont,Bronx,neighborhood,,,,,,,,,,,,,,,,,,,,,,,,,,,,,,,,,,,,,,,,,,,,,,,,,,,,,,,,,,,,,,,,,,,,,,,,,,,,,,,,,,,,,,,,,,,,,,,,,,,,,,,,,,,,,,,,,,,,,,,,,,,,,,,,,,,,,,,,,,,,,,,,,,,,,,,,,,,,,,,,,,,,,,,,,,,,,,,,,,,,,,,,,,,,,,,,,,,,,,,,,,,,,,,,,,,,,,,,,,,,,,,,,,,,,,,,,,,,,,,,,,,,,,,,,,,,,,,,,,,,,,,,,,,,,,,,,,,,,,,,,,,,,,,,,,,,,,,,,,,,,,,,,,,,,,,,,,,,,,,,,,,,,,,,,,,,,,,,,,,,,,,,,,,,,,,,,,,,,,,,,,,,,,,,,,,,,,,,
Bensonhurst,Brooklyn,neighborhood,,,,,,,,,,,,,,,,,,,,,,,,,,,,,,,,,,,,,,,,,,,,,,,,,,,,,,,,,,,,,,,,,,,,,,,,,,,,,,,,,,,,,,,,,,,,,,,,,,,,,,,,1950.0,1580.0,2040.0,,,,,,,,,,,1275.0,,,,,2050.0,,,,,,,,,,,1299.0,,,,,,,,,,,,,,,,,,,,,,,,,,,,,,,,,,,,,,,,,,,,,,,,,,,,,,,,1937.929486050841,1927.2641359184884,1932.2857262320563,1938.7273430215964,1945.1393076481447,1951.9855248090282,1958.5869901074686,1965.5468178034253,1998.816994474112,1954.4910079553047,1948.3626426120172,1942.8404772747103,1937.929486050841,1927.2641359184884,1932.2857262320563,1938.7273430215964,1945.1393076481447,1951.9855248090282,1958.5869901074686,1965.5468178034253,1998.816994474112,1954.4910079553047,1948.3626426120172,1942.8404772747103,1937.929486050841,1927.2641359184884,1932.2857262320563,1938.7273430215964,1945.1393076481447,1951.9855248090282,1958.5869901074686,1965.5468178034253,1998.816994474112,1954.4910079553047,1948.3626426120172,1942.8404772747103,1937.929486050841,1927.2641359184884,1932.2857262320563,1938.7273430215964,1945.1393076481447,1951.9855248090282,1958.5869901074686,1965.5468178034253,1998.816994474112,1954.4910079553047,1948.3626426120172,1942.8404772747103,1937.929486050841,1927.2641359184884,1932.2857262320563,1938.7273430215964,1945.1393076481447,1951.9855248090282,1958.5869901074686,1965.5468178034253,1998.816994474112,1954.4910079553047,1948.3626426120172,1942.8404772747103,1937.929486050841,1927.2641359184884,1932.2857262320563,1938.7273430215964,1945.1393076481447,1951.9855248090282,1958.5869901074686,1965.5468178034253,1998.816994474112,1954.4910079553047,1948.3626426120172,1942.8404772747103,1937.929486050841,1927.2641359184884,1932.2857262320563,1938.7273430215964,1945.1393076481447,1951.9855248090282,1958.5869901074686,1965.5468178034253,1998.816994474112,1954.4910079553047,1948.3626426120172,1942.8404772747103,1937.929486050841,1927.2641359184884,1932.2857262320563,1938.7273430215964,1945.1393076481447,1951.9855248090282,1958.5869901074686,1965.5468178034253,1998.816994474112,1954.4910079553047,1948.3626426120172,1942.8404772747103,1937.929486050841,1927.2641359184884,1932.2857262320563,1938.7273430215964,1945.1393076481447,1951.9855248090282,1958.5869901074686,1965.5468178034253,1619.554282702101,2044.6982852455496,1968.8000129890663,1893.9298079167459,1820.0274823540417,1741.2764081165642,1676.8997106671202,1613.3465302067832,1549.3102597281377,1485.14702866589,1420.3179781408705,1355.2651484994246,1306.9188040792271,1433.2934058338901,1583.6691223282294,1733.6115027989724,1883.2699364442788,2026.0981941707184,1963.7247807054823,1902.3931522572757,1840.5824022067316,1778.7183714646746,1716.1604885347263,1653.4418079461543,1611.447192794444,1507.2815969042729,1434.3400694399236,1362.252716932944,1290.959180707714,1283.85441669647,1287.1995683976622,1291.4906761974635,1295.762031094841,1300.322664988168,1304.7202564869754,1309.356572475205,1331.519628626601,1301.9917022225338,1297.9092680784668,1294.2306563999225,1290.959180707714,1283.85441669647,1287.1995683976622,1291.4906761974635,1295.762031094841,1300.322664988168,1304.7202564869754,1309.356572475205,1331.519628626601,1301.9917022225338,1297.9092680784668,1294.2306563999225,1290.959180707714,1283.85441669647,1287.1995683976622,1291.4906761974635,1295.762031094841,1300.322664988168,1304.7202564869754,1309.356572475205,1331.519628626601,1301.9917022225338,1297.9092680784668,1294.2306563999225,1290.959180707714,1283.85441669647,1287.1995683976622,1291.4906761974635,1295.762031094841,1300.322664988168,1304.7202564869754,1309.356572475205,1331.519628626601,1301.9917022225338,1297.9092680784668,1294.2306563999225,1290.959180707714,1283.85441669647,1287.1995683976622,1291.4906761974635,1295.762031094841,1300.322664988168,1304.7202564869754,1309.356572475205
Bergen Beach,Brooklyn,neighborhood,,,,,,,,,,,,,,,,,,,,,,,,,,,,,,,,,,,,,,,,,,,,,,,,,,,,,,,,,,,,,,,,,,,,,,,,,,,,,,,,,,,,,,,,,,,,,,,,,,,,,,,,,,,,,,,,,,,,,,,,,,,,,,,,,,,,,,,,,,,,,,,,,,,,,,,,,,,,,,,,,,,,,,,,,,,,,,,,,,,,,,,,,,,,,,,,,,,,,,,,,,,,,,,,,,,,,,,,,,,,,,,,,,,,,,,,,,,,,,,,,,,,,,,,,,,,,,,,,,,,,,,,,,,,,,,,,,,,,,,,,,,,,,,,,,,,,,,,,,,,,,,,,,,,,,,,,,,,,,,,,,,,,,,,,,,,,,,,,,,,,,,,,,,,,,,,,,,,,,,,,,,,,,,,,,,,,,,,
Boerum Hill,Brooklyn,neighborhood,,,,,,,1876.0,,,,,,,,,,,,,,,,,,,,,,,,,,,,,,,,,,,,,,,,,,,,1650.0,1750.0,2204.0,2192.0,2145.0,2000.0,,,,,,,,2150.0,2250.0,2150.0,1800.0,1798.0,2300.0,2250.0,,2100.0,2325.0,,,,2000.0,2098.0,,2148.0,2300.0,2200.0,2195.0,2095.0,1995.0,2195.0,2048.0,2195.0,2095.0,1995.0,2100.0,2148.0,2100.0,2048.0,2198.0,1995.0,1948.0,2100.0,2050.0,2000.0,2494.0,2195.0,2198.0,2425.0,2195.0,,1895.0,2250.0,2223.0,2225.0,2130.0,2184.0,2223.0,2295.0,2295.0,2250.0,2100.0,2100.0,2533.0,2293.0,2195.0,2150.0,2100.0,2200.0,2400.0,2198.0,2250.0,2100.0,1900.0,1850.0,1900.0,1948.0,1850.0,1773.0,1900.0,1900.0,1873.0,1850.0,1900.0,1850.0,,2200.0,2200.0,,,,,,2100.0,2500.0,2500.0,2800.0,2400.0,2500.0,2500.0,,,,2700.0,2650.0,2500.0,2500.0,2775.0,3200.0,2900.0,2725.0,2695.0,2800.0,,,3274.0,3413.0,3375.0,2900.0,2861.0,2775.0,3000.0,2900.0,2595.0,2600.0,2800.0,2800.0,2750.0,2700.0,3545.0,3598.0,3380.0,3380.0,1899.12266852973,1889.010095694464,1895.868520545197,1880.1939840013351,1826.226366722834,1864.4881343974398,1868.3547055988872,1844.6647076541833,1855.567817209392,1874.0436696136358,1865.753899216112,1874.1706453722436,1867.924636710018,1852.8062047830879,1854.3424219172446,1833.8633656225466,1776.2254994424309,1808.3348403710777,1806.9695296735117,1783.8914783828436,1794.2670824207173,1811.9616522683134,1803.775401241172,1811.7397269767648,1805.5285730705937,1790.7423917921574,1792.0532739753157,1772.0892077841618,1716.224458705947,1747.076701433228,1745.5843537481364,1723.118249111504,1732.966347632043,1749.8796349229906,1741.796903266232,1749.3088085812856,1743.1325094311696,1728.6785788012264,1729.7641260333867,1710.3150499457772,1656.2234179694628,1685.8185624953785,1684.1991778227612,1662.3450198401642,1671.6656128433683,1687.7976175776682,1679.818405291292,1686.8778901858068,1680.7364457917454,1666.6147658102957,1667.474978091458,1753.912298508708,2145.5239404355684,2178.549035500633,2136.2584453675977,1971.9926902204638,2007.7572889395342,2052.231878690329,2067.6639396322603,2101.7488383138752,2119.556549698359,2127.150227694326,2153.8218467014667,2154.806538167841,2190.303478212354,2136.806763835019,1792.6644296791028,1772.821428508197,2287.475796686528,2266.268332296069,2187.0731033192296,2127.0711134742833,2353.6568253366854,2259.3104489416064,2185.402812195623,2085.9028407264277,1946.9364250776482,2085.1258560585443,2114.3481023381864,2117.920149296778,2287.475796686528,2215.9068138006005,2207.1841203612457,2122.006658442202,2019.5894049663173,2210.222366764045,2069.6901546250338,2199.9071401294937,2039.4159052688365,1982.7579041166805,2091.44183462562,2117.920149296778,2088.5648578442215,2062.807797574377,2210.200772917548,2020.7175578005692,1972.0101057014465,2114.56353995649,2071.71133641666,2004.4711982956665,2427.8297220718273,2181.5306263338916,2189.0424535748157,2391.0411368923124,2183.047553794317,2059.786106464649,1905.518864731007,2279.0047644367323,2250.3996226767536,2240.4304173348523,2152.5586080817,2188.8825485388675,2164.019836473806,2280.916987442497,2285.647147840856,2218.491776498022,2088.5648578442215,2115.183776809664,2547.0603083713145,2322.5590777126345,2222.054508221086,2164.9102909078347,2122.2408812073104,2204.918318125233,2336.323710093178,2184.5122171671496,2240.8305370988787,2070.592324731487,1889.6539190019146,1863.3761843323232,1910.546618991511,1973.111680499002,1872.80220510661,1785.2957887346936,1920.1227020447093,1904.247638380883,1823.3059620852175,1838.6476805092022,1892.2568979946086,1824.093238453929,2013.9732557783564,2215.9068138006005,2212.2118746217493,2211.4786973423106,2193.37195192666,2164.9102909078347,2155.927244401077,2121.3986848629133,2044.2832463315306,2484.659027715138,2489.811707887643,2760.789766308649,2386.9312661076815,2518.0759247734095,2513.877130251988,2582.87206636163,2632.0463423119922,2668.3778004212845,2728.595418695113,2655.924337741758,2433.67053134706,2484.659027715138,2763.6909957552834,3155.1883043527423,2884.2086132134486,2744.7027580030167,2709.9595464116433,2836.094817965711,2994.458877138028,3137.60951928782,3308.674592891778,3420.6300998915544,3285.455217318531,2882.2044721495604,2849.3405185066185,2736.139857680894,2983.664082634602,2920.968072737155,2609.4044612015637,2633.516616682446,2834.511445566761,2819.41805327532,2779.1249634857636,2706.0361176991496,3450.9448134501313,3575.921272687627,3366.225429064093,3332.667646472584
Borough Park,Brooklyn,neighborhood,,,,,,,,,,,,,,,,,,,,,,,,,,,,,,,,,,,,,,,,,,,,,,,,,,,,,,,,,,,,,,,,,,,,,,,,,,,,,,,,,1875.0,,,,,,,,,,,,,,,,,,,,,,,,,,,,,,,,,,,,,,,,,,,,,,,,,,,,,,,,,,,,,,,,,,,,,,,,,,,,,,,,,,,,,,,,,,,,,,,,,,,,,,,,,,,,1875.0,1875.0,1875.0,1875.0,1875.0,1875.0,1875.0,1875.0,1875.0,1875.0,1875.0,1875.0,1875.0,1875.0,1875.0,1875.0,1875.0,1875.0,1875.0,1875.0,1875.0,1875.0,1875.0,1875.0,1875.0,1875.0,1875.0,1875.0,1875.0,1875.0,1875.0,1875.0,1875.0,1875.0,1875.0,1875.0,1875.0,1875.0,1875.0,1875.0,1875.0,1875.0,1875.0,1875.0,1875.0,1875.0,1875.0,1875.0,1875.0,1875.0,1875.0,1875.0,1875.0,1875.0,1875.0,1875.0,1875.0,1875.0,1875.0,1875.0,1875.0,1875.0,1875.0,1875.0,1875.0,1875.0,1875.0,1875.0,1875.0,1875.0,1875.0,1875.0,1875.0,1875.0,1875.0,1875.0,1875.0,1875.0,1875.0,1875.0,1875.0,1875.0,1875.0,1875.0,1875.0,1875.0,1875.0,1875.0,1875.0,1875.0,1875.0,1875.0,1875.0,1875.0,1875.0,1875.0,1875.0,1875.0,1875.0,1875.0,1875.0,1875.0,1875.0,1875.0,1875.0,1875.0,1875.0,1875.0,1875.0,1875.0,1875.0,1875.0,1875.0,1875.0,1875.0,1875.0,1875.0,1875.0,1875.0,1875.0,1875.0,1875.0,1875.0,1875.0,1875.0,1875.0,1875.0,1875.0,1875.0,1875.0,1875.0,1875.0,1875.0,1875.0,1875.0,1875.0,1875.0,1875.0,1875.0,1875.0,1875.0,1875.0,1875.0,1875.0,1875.0,1875.0,1875.0,1875.0,1875.0,1875.0,1875.0,1875.0,1875.0,1875.0,1875.0,1875.0,1875.0,1875.0,1875.0,1875.0,1875.0,1875.0,1875.0,1875.0,1875.0,1875.0,1875.0,1875.0,1875.0,1875.0,1875.0,1875.0,1875.0,1875.0,1875.0,1875.0,1875.0,1875.0,1875.0,1875.0,1875.0,1875.0,1875.0,1875.0,1875.0,1875.0,1875.0,1875.0
Briarwood,Queens,neighborhood,,,,,,,,,,,,,,,,,,,,,,,,,,,,,,,,,,,,,,,,,,,,,,,,,,,,,,,,,,,,,,,,,,,,1323.0,,,,,,,,,,,,1350.0,1350.0,1295.0,,1323.0,1325.0,1325.0,1350.0,1360.0,1360.0,1360.0,1395.0,,1400.0,,,,,,,,,,1600.0,1575.0,,,,,,,,1445.0,1475.0,1500.0,,1488.0,1498.0,,,,1450.0,1480.0,,,1401.0,,1488.0,1425.0,1425.0,1450.0,1438.0,1463.0,1463.0,1450.0,1450.0,1450.0,1400.0,1450.0,1425.0,1425.0,1480.0,1480.0,1495.0,1448.0,,,1463.0,1525.0,1525.0,1600.0,1500.0,1530.0,1500.0,1500.0,,1550.0,1595.0,,1570.0,1604.0,1685.0,,1600.0,1749.0,1750.0,1775.0,1600.0,1625.0,1600.0,,,,1750.0,1815.0,,,,,1650.0,1649.0,,1700.0,,,,,,1800.0,1331.8235696067707,1329.76085916524,1329.396283480006,1323.9756936226975,1320.6860039853718,1307.6281820053975,1315.6998573741828,1314.8221335352353,1316.7407138020412,1321.4310690075017,1332.245346970649,1332.3521624522512,1331.8235696067707,1329.76085916524,1329.396283480006,1323.9756936226975,1320.6860039853718,1307.6281820053975,1315.6998573741828,1314.8221335352353,1316.7407138020412,1321.4310690075017,1332.245346970649,1332.3521624522512,1331.8235696067707,1329.76085916524,1329.396283480006,1323.9756936226975,1320.6860039853718,1307.6281820053975,1315.6998573741828,1314.8221335352353,1316.7407138020412,1321.4310690075017,1332.245346970649,1332.3521624522512,1331.8235696067707,1329.76085916524,1329.396283480006,1323.9756936226975,1320.6860039853718,1307.6281820053975,1315.6998573741828,1314.8221335352353,1316.7407138020412,1321.4310690075017,1332.245346970649,1332.3521624522512,1331.8235696067707,1329.76085916524,1329.396283480006,1323.9756936226975,1320.6860039853718,1307.6281820053975,1315.6998573741828,1314.8221335352353,1316.7407138020412,1321.4310690075017,1332.245346970649,1332.3521624522512,1331.8235696067707,1329.76085916524,1329.396283480006,1323.9756936226975,1320.6860039853718,1307.6281820053975,1315.6998573741828,1314.8221335352353,1318.9800687574868,1325.9257325075273,1339.0425171082543,1341.4157826049875,1343.1485999605695,1343.329847524069,1345.222429711911,1341.9889683658635,1340.9005856790254,1329.8667565292988,1340.3132900801625,1341.6552383012604,1343.612973267389,1293.4642738962318,1318.1475126111714,1332.3521624522512,1333.8369083363348,1331.7710796628444,1356.5268198775573,1361.0029805947609,1357.6212890552576,1344.198282333591,1387.302570700669,1388.8616263155639,1393.3764167217366,1418.3160377858296,1450.0629626891418,1470.3206025550164,1489.8706598775664,1507.66537320322,1527.3487157139905,1541.1357280264203,1557.2714786222073,1561.6421221228481,1591.1714072552477,1565.2644446848037,1551.3753496892907,1540.6707663976354,1536.9156922252103,1520.6740478479965,1503.712363643321,1485.0503926051717,1468.314678182282,1446.0656668819333,1472.4201480562535,1482.5716349267545,1485.7563015245876,1478.8022182165003,1490.9127658922582,1484.2377691195372,1484.3005604193022,1472.3347403667356,1459.6705789341022,1487.5631682271771,1460.6946818484018,1428.3859713006777,1398.5495779164821,1427.7164844344647,1479.7894087473803,1416.1916404291082,1418.2581384489106,1448.280461119333,1448.0489863520736,1473.3418092725951,1472.75728067627,1457.4098607631126,1457.0102880166355,1451.0693543105906,1397.5513269686476,1433.1525804291962,1417.1370345867049,1416.1916404291082,1472.9979262486931,1478.2448844528365,1505.4473119585189,1458.2357756847011,1462.6905870284488,1465.4507427535298,1470.0731388747158,1526.1246657404488,1522.332695447991,1581.4097439218715,1491.7231943017946,1520.5426034080951,1492.9033036304322,1498.221166675172,1535.6569570145425,1560.9568040823804,1605.6376368275126,1590.586968729397,1577.5904497835295,1605.1829271132326,1682.0528471015507,1623.4159402447963,1591.1714072552477,1738.1888976214107,1741.7205209021708,1772.895047232287,1611.181069654602,1636.4869720218505,1610.6709836514233,1645.8680324135153,1683.0980913295618,1713.762944315094,1746.9391587108094,1793.911678261373,1772.1671548305321,1738.1888976214107,1707.8813793532145,1681.004149009543,1661.5304780813083,1660.6566257624809,1685.6678513276927,1708.6874229636494,1724.9662030541779,1734.611641934499,1746.9391587108094,1746.1399255804,1773.4931310032446,1788.873651068347
Brighton Beach,Brooklyn,neighborhood,,,,,,,,,,,,,,,,,,,,,,,,,,,,,,,,,,,,,,,,,,,,,,,,,,,,,,,,1400.0,1400.0,1450.0,1350.0,1225.0,,,,1250.0,1250.0,1295.0,,,,,,,,,,1550.0,1495.0,,,1550.0,,,,,1425.0,,,,1525.0,1449.0,1445.0,,,,,,1500.0,1500.0,1575.0,,,,,,,,,,,,,1488.0,,1633.0,1598.0,1600.0,1600.0,,1546.0,1517.0,1575.0,1595.0,,,1625.0,,,,1530.0,1513.0,1540.0,,1530.0,1525.0,1400.0,1390.0,1573.0,1560.0,1600.0,1750.0,,,,,,,1608.0,1625.0,1600.0,,,,,,,2123.0,,,,,,,,,,,,,,,,,,,,,,,,,1713.0,,,,,,,,1407.716752470674,1407.884574330325,1411.5650445155618,1411.1136169594395,1401.4434118849429,1399.3322620294543,1397.6057016741397,1386.6091993255707,1388.290122685474,1387.7746865548302,1394.9751226626365,1406.3466770702607,1407.716752470674,1407.884574330325,1411.5650445155618,1411.1136169594395,1401.4434118849429,1399.3322620294543,1397.6057016741397,1386.6091993255707,1388.290122685474,1387.7746865548302,1394.9751226626365,1406.3466770702607,1407.716752470674,1407.884574330325,1411.5650445155618,1411.1136169594395,1401.4434118849429,1399.3322620294543,1397.6057016741397,1386.6091993255707,1388.290122685474,1387.7746865548302,1394.9751226626365,1406.3466770702607,1407.716752470674,1407.884574330325,1411.5650445155618,1411.1136169594395,1401.4434118849429,1399.3322620294543,1397.6057016741397,1386.6091993255707,1388.290122685474,1387.7746865548302,1394.9751226626365,1406.3466770702607,1407.716752470674,1407.884574330325,1411.5650445155618,1411.1136169594395,1401.4434118849429,1399.3322620294543,1397.6057016741397,1386.6091993255707,1388.290122685474,1437.3380682175027,1345.1545825675423,1230.5533424364783,1238.0366081996553,1244.4694005241267,1254.0243029401643,1259.9228722852138,1251.2887606115562,1294.3823423772453,1318.2416636147868,1333.1257016372986,1360.0285023308054,1384.8008836550698,1417.394365705429,1454.5642774269554,1481.6218819753844,1507.4421263722552,1537.0935074028387,1562.3043616336652,1496.5413576914211,1512.6115403842196,1529.0471902839697,1535.1744706818818,1512.2445979252484,1486.9014498801753,1469.7059328052778,1456.5733441084844,1432.854551621936,1458.1661662706938,1487.1846004717527,1511.9074467422565,1526.5722879460984,1448.3088912004853,1442.528742085094,1440.257769537572,1451.0937234736261,1459.6415899657054,1476.3486714846238,1497.591788856367,1508.2679490757223,1508.4477582110626,1588.010675080007,1580.7573858554426,1563.2254233338585,1554.1814475089775,1545.5829647030446,1526.7938656310127,1522.008396590289,1514.8094463240802,1516.0007116013346,1521.6361958718446,1516.3893918784377,1509.8401715263344,1507.0395813176858,1499.8121871683186,1562.1088887474666,1632.2211313529278,1595.2670794823396,1584.6962278006522,1586.617283069113,1559.2639871076772,1540.4510997403115,1523.877077939704,1583.6813465295083,1603.9827828977632,1618.2584974624833,1627.8203509924963,1626.675388795023,1600.4862746961885,1574.8021388506825,1538.8886024657895,1517.2027769348392,1499.78792911247,1534.4726349289,1541.9586780734644,1538.4333080572367,1533.588554181247,1411.5650445155618,1401.0342339811577,1574.6217763535822,1559.2559491185348,1597.2636590561597,1733.2614991569633,1715.2466128036447,1694.5012142158264,1683.0801888125525,1676.4226409729374,1657.658298317508,1637.455956960923,1621.283279700731,1637.899733970778,1601.6496135827917,1673.9155212011524,1746.4366757858688,1806.6951904273685,1882.9747255852367,1956.3374790566304,2040.9340110956002,2132.624282442974,2118.211507681944,2101.971669475175,2090.93113522598,2073.7322539516795,2043.1042883265488,2023.6343555034523,2004.7655500728624,1972.7487165833368,1958.8773631092038,1941.893293543509,1935.6276237745983,1934.932120980526,1920.3267527632095,1904.063323597884,1892.5054203969355,1875.369996939095,1846.1013858558656,1826.9282203838834,1808.302120008955,1777.8310805638566,1763.7234372917026,1746.81182331923,1739.5339779603078,1737.239959518078,1722.4419978444748,1722.6473398770336,1727.1506580393982,1726.5983041796571,1714.7661175420765,1712.182974897468,1710.0704049770009,1696.6153988890733
Bronx,Bronx,borough,1325.0,1250.0,1100.0,1100.0,1200.0,1100.0,1200.0,1163.0,1200.0,,,,,,1175.0,1075.0,998.0,1000.0,1313.0,1175.0,1048.0,1000.0,988.0,992.0,1000.0,1275.0,1275.0,1213.0,1050.0,1050.0,1000.0,975.0,950.0,1000.0,1000.0,1038.0,1100.0,950.0,1000.0,1198.0,1195.0,1150.0,1080.0,1075.0,1188.0,1100.0,1025.0,1050.0,1000.0,1038.0,1025.0,1063.0,1098.0,1100.0,1250.0,1250.0,1200.0,1200.0,1197.0,1150.0,1150.0,1200.0,1195.0,1175.0,1150.0,1175.0,1200.0,1250.0,1250.0,1240.0,1200.0,1250.0,1295.0,1295.0,1295.0,1295.0,1295.0,1295.0,1325.0,1325.0,1325.0,1325.0,1260.0,1250.0,1325.0,1325.0,1350.0,1375.0,1375.0,1375.0,1375.0,1400.0,1437.0,1450.0,1410.0,1400.0,1408.0,1450.0,1495.0,1500.0,1400.0,1425.0,1400.0,1425.0,1450.0,1450.0,1445.0,1438.0,1430.0,1450.0,1450.0,1463.0,1475.0,1450.0,1525.0,1512.0,1550.0,1550.0,1547.0,1550.0,1500.0,1598.0,1663.0,1715.0,1613.0,1599.0,1600.0,1550.0,1601.0,1599.0,1550.0,1550.0,1550.0,1550.0,1550.0,1595.0,1547.0,1550.0,1650.0,1650.0,1643.0,1650.0,1600.0,1597.0,1550.0,1500.0,1600.0,1638.0,1675.0,1676.0,1895.0,1750.0,1772.0,1699.0,1697.0,1642.0,1724.0,1772.0,1800.0,1800.0,1900.0,1964.0,1800.0,2200.0,2202.0,2162.0,2150.0,2114.0,2371.0,2350.0,2350.0,2350.0,2180.0,2395.0,2397.0,2375.0,2182.0,2350.0,2400.0,2413.0,2350.0,2350.0,2400.0,2500.0,2500.0,2400.0,2375.0,2756.0,1345.4616409493087,1251.4070356519535,1088.765649850814,1079.894841071759,1214.4441951086,1109.6422553608863,1173.603318000059,1144.7324655665655,1187.6284780432102,1193.865663107996,1214.9826264598346,1215.8852942104368,1201.6072516654203,1180.4939702983427,1162.9996714315514,1055.3517765019462,1010.0127555986525,1008.7656866917148,1284.1176304450646,1156.5439785388774,1037.1955374910704,998.3545614840384,1007.3310503012445,1015.7121784056869,1015.4427478862708,1276.4351763649925,1261.9783668725345,1190.8294929273125,1062.6386707200252,1059.2039710263005,978.0027650000492,959.685429000345,940.2058784508748,998.3545614840384,1019.565840385875,1062.811735065628,1116.9870226748978,951.0693470954845,989.786954409831,1176.1036541854248,1209.3840109623143,1160.080539695472,1056.242986200053,1058.1147037696112,1175.752193262778,1098.1900176324423,1045.0549863955218,1075.0985759334387,1015.4427478862708,1039.168402405382,1014.5316282700768,1043.5711055084362,1111.216438524369,1109.6422553608863,1222.5034562500614,1230.365934615827,1187.6284780432102,1198.0254737808461,1220.4203109418925,1177.4889164985282,1167.7591600692115,1201.3507542258753,1182.795410519748,1153.524034781197,1163.8423536457417,1185.2996818627648,1173.603318000059,1230.365934615827,1237.1129979616774,1237.9596562402076,1223.4790084630501,1279.8792570636176,1314.9983585127206,1296.4576889354237,1281.774105960731,1271.330744716298,1310.587693888031,1306.3515642657705,1295.853663625065,1304.1878906927766,1311.339777839378,1322.819793966351,1284.6529588862027,1279.8792570636176,1345.4616409493087,1326.4914577910706,1336.2123884532718,1349.8685513396986,1391.5506402286044,1387.0528192011077,1344.7538018750677,1378.0098467697262,1422.1851024567443,1447.6141141518558,1437.5878349440839,1433.4647679112518,1429.7433890238692,1451.632161356266,1479.7314968426972,1472.5838741887621,1416.8515609600336,1437.4911035356936,1369.2038710000688,1402.6171654620427,1435.0510776355457,1447.6141141518558,1473.2726393575895,1472.3730973259858,1452.0831294773673,1451.632161356266,1435.191083894255,1436.2601386254394,1492.754323154321,1462.7102457029864,1491.454216625075,1488.2506345113043,1534.0201174724798,1547.4495703002597,1577.2683550769486,1587.050278758886,1523.1641218294062,1599.7987543774573,1646.015705183549,1683.6542294891515,1632.41540559181,1613.016333020052,1564.8044240000788,1525.6537589236254,1584.4943277893162,1596.3689438129775,1580.3270525981063,1587.050278758886,1573.9362592237198,1551.7447242084222,1534.169779335238,1565.8475195540505,1565.6209748608371,1563.586814372158,1613.7045622500812,1624.0830336928916,1626.0613245208287,1647.2850264486633,1631.3053446174001,1635.1737388244778,1573.9362592237198,1501.688442782344,1583.6591270557296,1608.0615906141284,1695.1616890057544,1690.6912908953138,1853.3152396750932,1722.5123084621578,1753.7313859104738,1696.2043999613813,1730.20323113483,1681.249392078768,1750.6232973559308,1773.9946137402092,1781.6165179376958,1767.1006490265147,1922.8699755886169,1981.2158086625277,1760.4049770000886,2165.4440449238555,2179.298257209291,2158.442561928491,2192.0665568296313,2164.53179954599,2407.614755238348,2352.6452270256723,2325.999342863103,2307.048069562394,2206.2402877806235,2415.9938196266567,2344.272627705118,2337.6952757700715,2159.504449241904,2346.1332194874904,2446.9580169261003,2470.6789178356075,2386.2904575327366,2352.6452270256723,2375.4886905835942,2454.3064569812705,2530.092073142917,2421.0376480601153,2322.7565668751167,2712.7108126409753
Bronxwood,Bronx,neighborhood,,,,,,,,,,,,,,,,,,,,,,,,,,,,,,,,,,,,,,,,,,,,,,,,,,,,,,,,,,,,,,,,,,,,,,,,,,,,,,,,,,,,,,,,,,,,,,,,,,,,,,,,,,,,,,,,,,,,,,,,,,,,,,,,,,,,,,,,,,,,,,,,,,,,,,,,,,,,,,,,,,,,,,,,,,,,,,,,,,,,,,,,,,,,,,,,,,,,,,,,,,,,,,,,,,,,,,,,,,,,,,,,,,,,,,,,,,,,,,,,,,,,,,,,,,,,,,,,,,,,,,,,,,,,,,,,,,,,,,,,,,,,,,,,,,,,,,,,,,,,,,,,,,,,,,,,,,,,,,,,,,,,,,,,,,,,,,,,,,,,,,,,,,,,,,,,,,,,,,,,,,,,,,,,,,,,,,,,
Brooklyn,Brooklyn,borough,1690.0,1725.0,1781.0,1725.0,1741.0,1665.0,1742.0,1700.0,1805.0,1783.0,1792.0,1600.0,1600.0,1685.0,1800.0,1857.0,1925.0,1944.0,1800.0,1800.0,1925.0,1850.0,1850.0,2000.0,2000.0,1990.0,1900.0,2095.0,2095.0,1900.0,1793.0,2195.0,2200.0,2000.0,2000.0,2200.0,1995.0,2000.0,1995.0,2000.0,2000.0,2000.0,2100.0,2100.0,2104.0,2000.0,2019.0,2200.0,2200.0,2150.0,2007.0,2050.0,2100.0,2100.0,2100.0,2100.0,2100.0,2000.0,2108.0,2000.0,2100.0,2000.0,2000.0,2000.0,1997.0,1995.0,2079.0,2000.0,2050.0,2100.0,2100.0,2199.0,2200.0,2100.0,2100.0,2000.0,2000.0,2000.0,2000.0,2080.0,2100.0,2100.0,2000.0,2000.0,1950.0,1995.0,2000.0,2000.0,2033.0,2100.0,2123.0,2250.0,2250.0,2200.0,2087.0,2100.0,2030.0,2000.0,2100.0,2100.0,2122.0,2171.0,2125.0,2200.0,2150.0,2050.0,2100.0,2060.0,2100.0,2100.0,2100.0,2199.0,2195.0,2195.0,2300.0,2250.0,2125.0,2225.0,2160.0,2199.0,2218.0,2275.0,2200.0,2300.0,2249.0,2181.0,2100.0,2100.0,1999.0,1900.0,1899.0,1900.0,1950.0,1950.0,1967.0,1950.0,2000.0,2099.0,2098.0,2150.0,2099.0,2075.0,2000.0,1975.0,2000.0,2200.0,2335.0,2400.0,2500.0,2500.0,2600.0,2690.0,2700.0,2600.0,2500.0,2595.0,2700.0,2670.0,2700.0,2850.0,2795.0,2750.0,2829.0,2809.0,2800.0,2795.0,2800.0,2850.0,2850.0,2835.0,2835.0,2975.0,2995.0,2950.0,2999.0,3050.0,3000.0,2995.0,2900.0,2995.0,3050.0,3000.0,3000.0,3135.0,3100.0,3150.0,3210.0,3250.0,1708.088671772071,1747.911503742024,1804.589193877167,1713.6499266610665,1720.603986601414,1656.2719525485672,1733.417064426507,1661.6029209399019,1769.9585391753437,1795.3849506852926,1828.352414881094,1612.991485327593,1617.1253697250377,1707.3802224958322,1823.840847264964,1844.7813993099135,1902.4484056333843,1933.8094148675166,1791.1312950446113,1759.3442692304843,1887.6289129709344,1862.850341428935,1887.5289997377365,2016.2393566594912,2021.406712156297,2016.4312419980452,1925.1653387796841,2081.2154181767737,2070.456836260748,1890.0400659713382,1784.165784452771,2145.422594978285,2157.2901862524964,2013.8922610042541,2040.5718916083638,2217.8632923254404,2016.3531953759064,2026.564062309593,2021.4236057186683,1986.8404946794974,1976.5697720866328,1989.515858917198,2089.6531775520466,2052.568314102232,2063.153887216024,2013.8922610042541,2059.9573245786432,2217.8632923254404,2223.5473833719266,2178.5563669828125,2033.5825447004347,2036.511507046485,2075.3982606909644,2088.991651863058,2089.6531775520466,2052.568314102232,2059.2315414228374,2013.8922610042541,2150.7627737552157,2016.2393566594912,2122.477047764112,2026.564062309593,2026.4898302944043,1986.8404946794974,1973.6049174285029,1984.542069269905,2068.756645776526,1954.8269658116494,2010.202219008008,2114.586874054467,2142.6004861887823,2216.8551726471105,2223.5473833719266,2127.8922654250728,2127.8143218091245,1986.8404946794974,1976.5697720866328,1989.515858917198,1990.1458833829015,2033.0200444441152,2059.2315414228374,2114.586874054467,2040.5718916083638,2016.2393566594912,1970.8715443523897,2021.4976521538192,2026.4898302944043,1986.8404946794974,2009.1831733260624,2088.991651863058,2112.53985521095,2199.1803365381056,2206.319508667326,2215.2814871046794,2129.3367688933276,2117.051324492466,2051.7278128386415,2026.564062309593,2127.8143218091245,2086.182519413472,2097.1405281839175,2159.6194648546184,2114.530001094333,2150.309662392814,2108.260863837667,2064.2395675293606,2142.6004861887823,2076.726537359276,2122.477047764112,2127.8922654250728,2127.8143218091245,2184.5311239001076,2169.2853248650795,2183.4936551616247,2288.667765890337,2199.1803365381056,2083.7462026302524,2240.4551403672326,2203.817642937033,2216.8551726471105,2241.7400437813335,2305.2166208771623,2229.1388133238447,2284.866568881422,2222.6527087114187,2169.5670441492043,2089.6531775520466,2052.568314102232,1960.192310144882,1913.1976479540415,1937.5230110821415,1915.4273888265168,1970.8715443523897,1975.8999607518533,1993.0527480945466,1937.1694823125101,1976.5697720866328,2087.9968939335995,2087.6630316686637,2101.438988247523,2058.250954974541,2089.413220791914,2040.5718916083638,1991.0363647012477,2021.406712156297,2229.2204685405522,2365.926876868717,2384.208593615397,2470.7122151082913,2486.8948236464976,2587.1896483977716,2629.242269016668,2647.583410400791,2618.0599393055304,2550.714864510455,2616.0705652656898,2728.899061411001,2705.4630231833066,2735.7612708974457,2831.247704918284,2762.2562564910695,2735.5843060111474,2815.061352045114,2745.5544734824616,2745.64205523045,2814.414434753445,2856.8006482517094,2873.141083239775,2880.5045648227233,2872.654558323848,2872.549334442318,2955.4252358357526,2959.9132336997327,2934.535891902867,2984.2237521326606,2981.111122862765,2941.759344889768,3015.8036608538705,2958.8292428321274,3019.318436597588,3082.6452360383532,3039.8460934643895,3039.7347454416063,3114.372475410112,3063.683146734281,3133.487477794587,3194.1841428295565,3176.59381944393
Brooklyn Heights,Brooklyn,neighborhood,1925.0,1900.0,1700.0,1725.0,1675.0,1675.0,1700.0,1700.0,,,1700.0,1700.0,1750.0,,1795.0,1725.0,1750.0,1900.0,1675.0,1625.0,1850.0,1850.0,1850.0,1988.0,1975.0,2075.0,2000.0,1900.0,1950.0,1973.0,2444.0,2023.0,1950.0,1950.0,1994.0,1995.0,1988.0,1998.0,1995.0,1900.0,1975.0,1900.0,1950.0,2100.0,2100.0,2100.0,2025.0,1995.0,2050.0,2000.0,1923.0,1895.0,1998.0,2000.0,2050.0,2100.0,2100.0,1995.0,2100.0,2113.0,2000.0,2000.0,2080.0,2075.0,2000.0,2000.0,2050.0,2300.0,2342.0,2333.0,2223.0,2250.0,2250.0,2200.0,2250.0,2225.0,2130.0,2186.0,2200.0,2200.0,2200.0,2174.0,2000.0,2000.0,1999.0,2000.0,2000.0,2100.0,2100.0,2113.0,2200.0,2300.0,2361.0,2361.0,2200.0,2150.0,2100.0,2025.0,2150.0,2125.0,2025.0,2100.0,2100.0,2200.0,2200.0,2295.0,2250.0,2273.0,2250.0,2488.0,2456.0,2350.0,2500.0,2500.0,2710.0,2425.0,2500.0,2450.0,2544.0,2619.0,2600.0,2600.0,2450.0,2260.0,2295.0,2200.0,2300.0,2190.0,1975.0,1925.0,1900.0,1900.0,1850.0,1850.0,1900.0,1995.0,2200.0,2200.0,2248.0,2300.0,2400.0,2800.0,2548.0,2300.0,2404.0,2600.0,2600.0,2550.0,2750.0,2800.0,2800.0,2975.0,2725.0,2750.0,2500.0,2725.0,2629.0,2700.0,2900.0,2725.0,2600.0,2675.0,2600.0,2950.0,3123.0,2795.0,2800.0,2999.0,3125.0,3195.0,2888.0,3195.0,3356.0,3098.0,3100.0,3200.0,3195.0,3000.0,3200.0,3150.0,2800.0,2850.0,3285.0,3397.0,3098.0,3479.0,3300.0,3300.0,1957.8090649767225,1909.583347988644,1706.5095046773815,1762.4611237928257,1686.088226833485,1686.6917513505607,1677.693527691424,1664.3794851844984,1661.4725777564668,1675.2390969590926,1714.6997621957846,1706.3816067526213,1779.8264227061113,1781.4402548999324,1801.8732711152352,1762.4611237928257,1761.5847146021486,1913.2622851140688,1653.021564048903,1590.9509784851823,1808.073099323214,1823.0543113966598,1865.996800036589,1995.462726014242,2008.6612484826114,2085.4660247770717,2007.6582407969195,1941.2615276558658,1962.9086819852512,1986.7718360684514,2411.931165692847,1980.611587369553,1905.806780367712,1921.597787688371,2011.2419563637613,2002.4890032185176,2021.8828161941424,2008.0776469901634,2002.639095194927,1941.2615276558658,1988.074177908139,1913.2622851140688,1924.4131641166332,2055.9981875808508,2052.407301934459,2069.413002125938,2042.510010850861,2002.4890032185176,2084.9395237414446,2010.0877347248884,1930.363398526238,1936.1529446883505,2011.2264341571959,2013.9603001200724,2023.101018686717,2055.9981875808508,2052.407301934459,1965.9423520196412,2118.158529771263,2120.9319618048758,2034.0873402355558,2010.0877347248884,2087.964570428796,2120.061931518906,2013.239673831027,2013.9603001200724,2023.101018686717,2251.8075387790273,2288.9228100621444,2299.0193018856257,2242.2221008007227,2258.4462442314107,2288.348257765,2211.0965081973773,2258.6155208965342,2273.319420544369,2144.1002526300435,2201.258608031239,2171.1328005418427,2153.9028631799392,2150.1409829789573,2142.3351745818045,2017.2938378773936,2007.507772650143,2033.070296565438,2010.0877347248884,2007.6582407969195,2145.6048463564834,2113.9016575225783,2127.7490570768564,2171.1328005418427,2251.8075387790273,2307.492209460599,2326.6114752473045,2219.023221665133,2158.0708555989036,2135.7917072473338,2035.2138314089495,2158.2326088566883,2171.1477611940604,2038.4051697539146,2114.658315126076,2072.444945971759,2153.9028631799392,2150.1409829789573,2261.5727808947754,2269.4555676120676,2281.532583616887,2288.348257765,2500.549141997761,2465.404319698617,2401.033994732255,2516.5495922887835,2517.4503751500906,2674.4408588492697,2374.1883832778876,2443.342026112451,2414.315169146928,2565.9977617800446,2628.831428285362,2644.3135423062226,2613.114055142355,2459.381344976226,2309.0795013169773,2310.1925257211033,2215.3563301320796,2269.8206551119265,2144.1123956200304,1930.2402006288364,1896.9619186154432,1916.429145983524,1907.1323840176358,1881.530789717889,1859.3311546205218,1907.2753287570733,2038.3246040386591,2214.5636412141293,2215.3563301320796,2218.502970735483,2251.8075387790273,2345.608345067953,2759.2173361679174,2570.0323494557992,2308.6339385476645,2444.972982963138,2613.114055142355,2609.9557130359954,2605.3773134328726,2768.204551517662,2819.5444201681016,2763.259927962345,2912.6640990728724,2663.2428084625717,2709.945598022062,2521.617297346742,2735.2293402358196,2673.807808739638,2713.6184418785992,2911.104449155533,2784.1777172959128,2617.211575980335,2693.671901410597,2565.8842188221774,2888.1879301731,3052.222859019674,2754.290162353332,2824.211373028351,3010.2579050888894,3178.261469118056,3211.1151562230093,2899.0584997107517,3264.384516242364,3378.216172688463,3119.6245048859923,3059.3234916725964,3132.9496191708204,3122.5911093717127,2956.30428875134,3227.6701406038296,3161.824741923975,2847.722276329778,2864.375021982966,3297.57866050894,3470.7712681299877,3118.5082547642605,3503.283942058866,3256.699200812764,3230.854294769909
Brookville,Queens,neighborhood,,,,,,,,,,,,,,,,,,,,,,,,,,,,,,,,,,,,,,,,,,,,,,,,,,,,,,,,,,,,,,,,,,,,,,,,,,,,,,,,,,,,,,,,,,,,,,,,,,,,,,,,,,,,,,,,,,,,,,,,,,,,,,,,,,,,,,,,,,,,,,,,,,,,,,,,,,,,,,,,,,,,,,,,,,,,,,,,,,,,,,,,,,,,,,,,,,,,,,,,,,,,,,,,,,,,,,,,,,,,,,,,,,,,,,,,,,,,,,,,,,,,,,,,,,,,,,,,,,,,,,,,,,,,,,,,,,,,,,,,,,,,,,,,,,,,,,,,,,,,,,,,,,,,,,,,,,,,,,,,,,,,,,,,,,,,,,,,,,,,,,,,,,,,,,,,,,,,,,,,,,,,,,,,,,,,,,,,
Brownsville,Brooklyn,neighborhood,,,,,,,,,,,,,,,,,,,,,,,,,,,,,,,,,,,,,,,,,,,,,,,,,,,,,,,,,,,,,,,,,,,,,,,,,,,,,,,,,,,,,,,,,,,,,,,,,,,,,,,,,,,,,,,,,,,,,,,,,,,,,,,,,,,,,,,,,,,,,,1500.0,,,1500.0,,,,,,,,,,,,,,,,,,,,,,,,,,,,,,,,,,,,,,,,,,,,1500.0,1500.0,1500.0,1500.0,1500.0,1500.0,1500.0,1500.0,1500.0,1500.0,1500.0,1500.0,1500.0,1500.0,1500.0,1500.0,1500.0,1500.0,1500.0,1500.0,1500.0,1500.0,1500.0,1500.0,1500.0,1500.0,1500.0,1500.0,1500.0,1500.0,1500.0,1500.0,1500.0,1500.0,1500.0,1500.0,1500.0,1500.0,1500.0,1500.0,1500.0,1500.0,1500.0,1500.0,1500.0,1500.0,1500.0,1500.0,1500.0,1500.0,1500.0,1500.0,1500.0,1500.0,1500.0,1500.0,1500.0,1500.0,1500.0,1500.0,1500.0,1500.0,1500.0,1500.0,1500.0,1500.0,1500.0,1500.0,1500.0,1500.0,1500.0,1500.0,1500.0,1500.0,1500.0,1500.0,1500.0,1500.0,1500.0,1500.0,1500.0,1500.0,1500.0,1500.0,1500.0,1500.0,1500.0,1500.0,1500.0,1500.0,1500.0,1500.0,1500.0,1500.0,1500.0,1500.0,1500.0,1500.0,1500.0,1500.0,1500.0,1500.0,1500.0,1500.0,1500.0,1500.0,1500.0,1500.0,1500.0,1500.0,1500.0,1500.0,1500.0,1500.0,1500.0,1500.0,1500.0,1500.0,1500.0,1500.0,1500.0,1500.0,1500.0,1500.0,1500.0,1500.0,1500.0,1500.0,1500.0,1500.0,1500.0,1500.0,1500.0,1500.0,1500.0,1500.0,1500.0,1500.0,1500.0,1500.0,1500.0,1500.0,1500.0,1500.0,1500.0,1500.0,1500.0,1500.0,1500.0,1500.0,1500.0,1500.0,1500.0,1500.0,1500.0,1500.0,1500.0,1500.0,1500.0,1500.0,1500.0,1500.0,1500.0,1500.0,1500.0,1500.0,1500.0,1500.0,1500.0,1500.0,1500.0,1500.0,1500.0,1500.0,1500.0,1500.0,1500.0,1500.0,1500.0,1500.0,1500.0,1500.0,1500.0,1500.0,1500.0,1500.0,1500.0,1500.0
Bushwick,Brooklyn,neighborhood,,,,,,,,,,,,1200.0,1250.0,1250.0,,,,,,,,,,,,,,,,1725.0,1638.0,,,,,,,2017.0,2017.0,2200.0,2200.0,2100.0,,,,2025.0,1925.0,1950.0,1950.0,1900.0,1700.0,1700.0,1750.0,1886.0,1896.0,1898.0,1500.0,1775.0,2200.0,2100.0,2000.0,2200.0,2600.0,2500.0,2500.0,2125.0,2100.0,1925.0,1889.0,1775.0,1900.0,1900.0,1989.0,1700.0,1820.0,2000.0,1800.0,1650.0,1675.0,1887.0,1900.0,1700.0,1640.0,1640.0,1699.0,1699.0,1750.0,1800.0,1862.0,2008.0,2033.0,2000.0,2000.0,1900.0,1831.0,1779.0,1945.0,1940.0,2000.0,2100.0,2100.0,2150.0,2069.0,2150.0,2013.0,2030.0,1994.0,1992.0,2044.0,2100.0,1917.0,2099.0,2077.0,2076.0,2265.0,2225.0,2299.0,2299.0,2275.0,2275.0,2275.0,2300.0,2299.0,2250.0,2169.0,2100.0,2000.0,2000.0,1975.0,1925.0,1838.0,1900.0,1969.0,1923.0,1925.0,1969.0,1999.0,2131.0,2400.0,2525.0,2450.0,2325.0,2325.0,2289.0,2300.0,2350.0,2250.0,2400.0,2400.0,2485.0,2500.0,2600.0,2600.0,2600.0,2420.0,2350.0,2400.0,2526.0,2761.0,2850.0,2595.0,2541.0,2606.0,2600.0,2732.0,2799.0,2747.0,2500.0,2500.0,2650.0,2684.0,2795.0,2825.0,2689.0,2695.0,2678.0,2699.0,2682.0,2700.0,2677.0,2338.0,2600.0,2595.0,2700.0,2800.0,2758.0,2868.0,2700.0,1223.6985355551587,1213.4209908687844,1198.7846103860709,1164.1682922570478,1180.1739519886662,1194.0563734300856,1188.3712564913355,1179.7965257322428,1200.7969910019715,1213.5367757751735,1215.3411031062672,1231.5414941584675,1274.6859745366237,1263.9801988216504,1278.391400919521,1270.27738139506,1316.9389021540194,1361.9705509436915,1384.885774166335,1404.0807610927993,1458.7807195375512,1504.2799616379755,1536.5836082241997,1587.5339573136496,1607.6976853843166,1624.2145554858207,1634.2805821278857,1615.8898431588711,1667.3030441506546,1716.4560368057482,1622.1267651106732,1663.6535532498115,1747.445525953345,1820.7385696541087,1878.280738157805,1958.884036125153,2001.621176015224,2039.5584488186153,2014.9571326239209,2134.308535804588,2163.6522453125544,2089.59865350265,2061.08139797716,2027.7752786022922,2045.1073753002327,2047.8433091206052,1949.6096862329703,2001.2549280075098,1988.510120277133,1921.2499022089087,1698.2781980469338,1649.2384140308177,1721.0870133168048,1876.6586002409513,1877.6265852563104,1866.0448381998308,1500.9962387524643,1795.0231475007774,2228.125355694823,2155.197614777318,2039.497559258598,2224.605149926105,2597.366655836487,2425.3506088688496,2458.695733309721,2114.47482794911,2079.6496988598374,1892.5902600288061,1890.2545966689368,1795.0231475007774,1924.2900799182564,1949.9406990842401,2028.2803226826757,1719.0130703974446,1818.156659085541,1940.2804870950797,1770.2609279829992,1641.8275134663677,1658.7682121858227,1855.230036713952,1901.2619024197882,1719.177099014829,1660.9661742452317,1683.1067086832388,1732.553176590179,1718.0018862383872,1748.22755681302,1746.2524383855716,1831.2365821690803,1998.0543315396767,2013.2989703724045,1966.3275428870713,2001.328318336619,1921.4332283106914,1854.407966489646,1825.760265089928,1983.4113763789865,1961.6972685712014,1997.9743506434515,2037.2945114498336,2065.3044159801657,2139.35100239557,2048.9501080671444,2113.8021086036015,2014.336952405807,2052.899712353002,2019.4917996615807,2044.358880303056,2084.366505562287,2123.4867340203728,1915.0584150917482,2036.324371206286,2042.6844152337162,2065.717526034048,2243.050746627396,2187.5393914618667,2300.5269019279435,2324.9342062559367,2304.0841746389647,2334.797416008761,2319.928473656655,2325.723565831837,2296.6715160646477,2182.8155479819648,2133.164418219514,2089.59865350265,1980.6187608188927,1966.3275428870713,1976.3117143574113,1946.7152444726742,1861.4974562577659,1949.9406990842401,2007.8853470900897,1944.5071378672271,1923.050312494322,1910.206139545106,1965.973108354453,2120.4451098162604,2376.742512982671,2482.4885228949274,2451.6271899623584,2351.2275030643987,2354.723387268393,2349.1654001072766,2345.4221931473876,2376.282773784703,2247.7211444738828,2328.3365845140956,2360.3479039773324,2472.691739978136,2475.773451023616,2556.2258057531926,2601.726813837605,2629.329680846209,2450.9378912643056,2411.7687593936653,2447.3970711103175,2554.2511857787913,2758.203591063285,2764.899694110489,2552.1261711754905,2528.4143707382063,2580.746245347017,2556.2258057531926,2733.8144828478216,2830.5745294955923,2782.1183418607634,2565.7114461634737,2549.3719490732474,2679.638021501899,2681.281578563512,2711.541980715374,2778.326178639985,2675.6813234612505,2668.8837802034577,2632.9125799257886,2700.792565595267,2712.254693857513,2734.5174819891013,2747.363816551848,2384.172646773301,2629.078813549033,2592.371719959878,2619.3786575783574,2753.7392213068874,2744.3395649334802,2840.207303014292,2654.5421828975464
Cambria Heights,Queens,neighborhood,,,,,,,,,,,,,,,,,,,,,,,,,,,,,,,,,,,,,,,,,,,,,,,,,,,,,,,,,,,,,,,,,,,,,,,,,,,,,,,,,,,,,,,,,,,,,,,,,,,,,,,,,,,,,,,,,,,,,,,,,,,,,,,,,,,,,,,,,,,,,,,,,,,,,,,,,,,,,,,,,,,,,,,,,,,,,,,,,,,,,,,,,,,,,,,,,,,,,,,,,,,,,,,,,,,,,,,,,,,,,,,,,,,,,,,,,,,,,,,,,,,,,,,,,,,,,,,,,,,,,,,,,,,,,,,,,,,,,,,,,,,,,,,,,,,,,,,,,,,,,,,,,,,,,,,,,,,,,,,,,,,,,,,,,,,,,,,,,,,,,,,,,,,,,,,,,,,,,,,,,,,,,,,,,,,,,,,,
Canarsie,Brooklyn,neighborhood,,,,,,,,,,,,,,,,,,,,,,,,,,,,,,,,,,,,,,,,,,,,,,,,,,,,,,,,,,,,,,,,,,,,,,,,,,,,,,,,,,,,,,,,,,,,,,,,,,,,,,,,,,,,,,,,,,,,,,,,,,,,,,,,,,,,,,,,,,,,,,,,,,,,,,,,,,,,,,,,,,,,,,,,,,,,,,,,,,,,,,,,,,,,,,,,,,,,,,,,,,,,,,,,,,,,,,,,,,,,,,,,,,,,,,,,,,,,,,,,,,,,,,,,,,,,,,,,,,,,,,,,,,,,,,,,,,,,,,,,,,,,,,,,,,,,,,,,,,,,,,,,,,,,,,,,,,,,,,,,,,,,,,,,,,,,,,,,,,,,,,,,,,,,,,,,,,,,,,,,,,,,,,,,,,,,,,,,
Carroll Gardens,Brooklyn,neighborhood,,,,,,,,,,,,,,,,,,,,,,,,,,,,,,,,,,,,,,,,,2000.0,2000.0,,,,,,,,,,,,2000.0,,,,,,,,,,2100.0,1900.0,1863.0,,,,2050.0,1850.0,1800.0,,,,,1925.0,1900.0,1900.0,2117.0,,,,,,,,,1900.0,1900.0,2000.0,2300.0,2680.0,3275.0,,,2700.0,2700.0,2750.0,2795.0,2717.0,2350.0,2275.0,2368.0,2650.0,2075.0,,,,2550.0,,2275.0,2500.0,2500.0,2500.0,2200.0,2100.0,,2800.0,2600.0,,3150.0,3150.0,3000.0,2350.0,2500.0,2675.0,2500.0,2150.0,2100.0,2000.0,2175.0,2200.0,2063.0,2181.0,2100.0,2325.0,2400.0,2500.0,2500.0,1950.0,,,,,,,,2500.0,2400.0,,3150.0,,,,,,,,3000.0,3000.0,3000.0,3000.0,,,,,2500.0,,2475.0,,2438.0,,2900.0,3000.0,3200.0,3200.0,2550.0,3050.0,,,2795.0,,3498.0,3000.0,3800.0,3995.0,3800.0,2007.9096204246205,2003.4925509925163,1987.271319438947,2008.360717992945,2022.077612228127,2032.6023298266277,1989.2426617377373,1955.961329214548,1984.112866924869,2003.4449384383515,1994.6395064146757,2013.0844008139668,2007.9096204246205,2003.4925509925163,1987.271319438947,2008.360717992945,2022.077612228127,2032.6023298266277,1989.2426617377373,1955.961329214548,1984.112866924869,2003.4449384383515,1994.6395064146757,2013.0844008139668,2007.9096204246205,2003.4925509925163,1987.271319438947,2008.360717992945,2022.077612228127,2032.6023298266277,1989.2426617377373,1955.961329214548,1984.112866924869,2003.4449384383515,1994.6395064146757,2013.0844008139668,2007.9096204246205,2003.4925509925163,1987.271319438947,2008.360717992945,2022.077612228127,2032.6023298266277,1989.2426617377373,1955.961329214548,1984.112866924869,2003.4449384383515,1994.6395064146757,2013.0844008139668,2007.9096204246205,2003.4925509925163,1987.271319438947,2008.360717992945,2022.077612228127,2032.6023298266277,1999.188875046426,1975.5209425066932,2013.874559928742,2043.5138372071185,2044.5054940750426,2073.476932838386,2078.186457139482,2083.632253032217,2076.6985288137,2108.7787538925922,1920.9737316167207,1893.3690702335036,1899.4780866268218,1913.4191703041315,1987.3370503336218,2053.5310618993103,1845.041543433575,1811.77596073257,1832.2175286374663,1853.2306096680775,1863.066861974013,1907.9426820932977,1946.2497017695723,1930.9722133352964,1889.7805286508503,2070.385066973599,2076.2638867442683,2072.341183821315,2039.1864553912703,2033.7744349334437,2004.3400033216433,1975.7775707037863,1935.8230730579164,1932.154586304657,1920.9737316167207,1930.9722133352964,1989.2426617377373,2249.35552859673,2658.7112416793243,3280.641086692801,3075.0692390559584,2910.5845295101935,2710.6779875732377,2704.714943839897,2732.4980642285523,2806.6841033951405,2746.9924362119104,2388.3077375462876,2262.763527726676,2315.858213790025,2628.9495486754513,2078.57412362979,2187.8702085985974,2327.628838441149,2440.8651323286795,2554.453002515458,2397.14602907323,2284.510316716975,2527.5970152851587,2540.752912283285,2486.5533271721715,2151.557462136003,2083.3185102711127,2454.2200495869806,2792.4953089805463,2617.0097210581566,2886.370079360392,3155.500767813213,3129.9523281163415,3012.5410769894174,2375.9411943680493,2540.752912283285,2660.6120600742233,2444.9516615181847,2132.921331944234,2103.617185360269,1994.6395064146757,2189.229285885189,2208.7005824670828,2066.6025663487803,2167.1193738481716,2108.7787538925922,2350.6652242151977,2439.122795791953,2486.5533271721715,2444.9516615181847,1934.5100452517472,2022.2272347362111,2081.9049848203176,2170.356619627558,2233.7994527223905,2297.755519419542,2347.464246087256,2441.413497810174,2527.5970152851587,2439.122795791953,2760.0741931611105,3080.639093512913,3106.376707279248,3117.8611854446845,3085.4579864852017,3095.1172662514737,3068.3368887113734,3042.804311819884,2999.5376477781606,3012.5410769894174,3033.1164183421906,3048.9034947399414,2983.8639926066057,2836.1439273610945,2777.758013694817,2704.6506668917746,2593.0313583390785,2516.355501017458,2497.337590403122,2479.322031853239,2440.865998100887,2448.1917152334,2698.4625735184354,2947.2733782486102,2983.8639926066057,3129.5381267432767,3174.5805870797903,2554.392296508898,3041.8252472823806,2984.3976242067056,2891.3898534114537,2799.8808400120415,3126.4746033073234,3512.6228957696608,3033.1164183421906,3861.9444266705927,3973.51221682113,3716.326525507641
Castle Hill,Bronx,neighborhood,,,,,,,,,,,,,,,,,,,,,,,,,,,,,,,,,,,,,,,,,,,,,,,,,,,,,,,,,,,,,,,,,,,,,,,,,,,,,,,,,,1325.0,1325.0,,,,,,,,,,,,,,,,,,,,,,,,,,,,,,,,,,,,,,,,,,,,,,,,,,,,,,,,,,,,,,,,,,,,,,,,,,,,,,,,,,,,,,,,,,,,,,,,,,,,,,,,,,1325.0,1325.0,1325.0,1325.0,1325.0,1325.0,1325.0,1325.0,1325.0,1325.0,1325.0,1325.0,1325.0,1325.0,1325.0,1325.0,1325.0,1325.0,1325.0,1325.0,1325.0,1325.0,1325.0,1325.0,1325.0,1325.0,1325.0,1325.0,1325.0,1325.0,1325.0,1325.0,1325.0,1325.0,1325.0,1325.0,1325.0,1325.0,1325.0,1325.0,1325.0,1325.0,1325.0,1325.0,1325.0,1325.0,1325.0,1325.0,1325.0,1325.0,1325.0,1325.0,1325.0,1325.0,1325.0,1325.0,1325.0,1325.0,1325.0,1325.0,1325.0,1325.0,1325.0,1325.0,1325.0,1325.0,1325.0,1325.0,1325.0,1325.0,1325.0,1325.0,1325.0,1325.0,1325.0,1325.0,1325.0,1325.0,1325.0,1325.0,1325.0,1325.0,1325.0,1325.0,1325.0,1325.0,1325.0,1325.0,1325.0,1325.0,1325.0,1325.0,1325.0,1325.0,1325.0,1325.0,1325.0,1325.0,1325.0,1325.0,1325.0,1325.0,1325.0,1325.0,1325.0,1325.0,1325.0,1325.0,1325.0,1325.0,1325.0,1325.0,1325.0,1325.0,1325.0,1325.0,1325.0,1325.0,1325.0,1325.0,1325.0,1325.0,1325.0,1325.0,1325.0,1325.0,1325.0,1325.0,1325.0,1325.0,1325.0,1325.0,1325.0,1325.0,1325.0,1325.0,1325.0,1325.0,1325.0,1325.0,1325.0,1325.0,1325.0,1325.0,1325.0,1325.0,1325.0,1325.0,1325.0,1325.0,1325.0,1325.0,1325.0,1325.0,1325.0,1325.0,1325.0,1325.0,1325.0,1325.0,1325.0,1325.0,1325.0,1325.0,1325.0,1325.0,1325.0,1325.0,1325.0,1325.0,1325.0,1325.0,1325.0,1325.0,1325.0,1325.0,1325.0,1325.0,1325.0,1325.0,1325.0,1325.0,1325.0,1325.0,1325.0,1325.0,1325.0,1325.0
Central Harlem,Manhattan,neighborhood,1100.0,1100.0,1068.0,1068.0,1050.0,1068.0,1275.0,1200.0,1200.0,1350.0,1350.0,1273.0,1298.0,1295.0,1295.0,1525.0,1598.0,1450.0,1300.0,1300.0,1471.0,1300.0,1200.0,1300.0,1250.0,1245.0,1245.0,1300.0,1350.0,1350.0,1500.0,1695.0,1548.0,1275.0,1298.0,1298.0,1301.0,1330.0,1350.0,1330.0,1350.0,1363.0,1400.0,1438.0,1495.0,1425.0,1425.0,1375.0,1375.0,1400.0,1450.0,1500.0,1500.0,1450.0,1403.0,1400.0,1425.0,1450.0,1500.0,1500.0,1500.0,1500.0,1550.0,1500.0,1550.0,1550.0,1650.0,1700.0,1650.0,1650.0,1600.0,1600.0,1700.0,1600.0,1650.0,1695.0,1650.0,1650.0,1650.0,1600.0,1600.0,1700.0,1750.0,1700.0,1700.0,1700.0,1695.0,1695.0,1650.0,1665.0,1700.0,1798.0,1775.0,1738.0,1650.0,1650.0,1695.0,1670.0,1699.0,1750.0,1795.0,1795.0,1775.0,1795.0,1800.0,1699.0,1700.0,1753.0,1775.0,1750.0,1700.0,1797.0,1820.0,1850.0,1800.0,1825.0,1800.0,1780.0,1736.0,1770.0,1800.0,1800.0,1800.0,1800.0,1840.0,1825.0,1768.0,1700.0,1695.0,1650.0,1650.0,1650.0,1673.0,1699.0,1625.0,1650.0,1685.0,1721.0,1799.0,1795.0,1725.0,1795.0,1800.0,1800.0,1938.0,1950.0,1950.0,2000.0,2000.0,2000.0,2190.0,2150.0,2150.0,2095.0,2078.0,2100.0,2050.0,2199.0,2225.0,2284.0,2250.0,2200.0,2100.0,2138.0,2250.0,2250.0,2295.0,2299.0,2263.0,2225.0,2088.0,2275.0,2250.0,2250.0,2295.0,2355.0,2225.0,2250.0,2325.0,2200.0,2200.0,2230.0,2200.0,2395.0,2605.0,2450.0,2450.0,2495.0,1116.9917839991724,1119.160922134801,1088.2169664514495,1056.565626815358,1031.7963283348806,1061.6292411655293,1255.3813301790728,1172.9170138846544,1179.7333806928127,1356.8283692441896,1368.4683410967696,1300.2049409764575,1318.0503051190233,1317.5576310586976,1319.514018309576,1508.6728285518923,1570.2957454087039,1441.3505615075069,1279.9966503786625,1270.6600983750423,1446.156502499273,1306.57546667959,1216.4163031971284,1327.7819507222268,1269.308845453605,1266.6866800525702,1268.567531116156,1286.081755486859,1326.5952792877035,1341.9470745069893,1476.9192119753798,1656.7452821120744,1521.8560610937284,1281.4490153972902,1315.7569679582273,1325.7392092595771,1321.096646348112,1353.1672967629868,1375.5551542223377,1315.7605652288635,1326.5952792877035,1354.8695278170567,1378.4579311770212,1405.5455549717776,1469.7511701131293,1432.207723091089,1444.49436004659,1404.384755571586,1396.2397299989655,1424.386628171565,1477.4481286091777,1483.9404871002218,1473.994754764115,1441.3505615075069,1381.4117696009719,1368.4031828654302,1400.9333895727152,1457.3341743733888,1520.5203789964105,1532.0560969871847,1523.1706145443259,1526.1285301838195,1579.3411029960175,1483.9404871002218,1523.1279132562522,1540.7540485080247,1624.6111331729178,1661.6324363365939,1622.1333984526175,1658.3457846317874,1621.8884042628379,1634.1931701196636,1726.2600298169027,1627.8704321960743,1681.2340773828573,1676.8527504232507,1621.3942302405264,1640.1575355085424,1624.6111331729178,1563.889351846206,1572.9778409237504,1708.598687196387,1773.940442162479,1736.3302432521427,1726.2600298169027,1729.612334208329,1727.0859158569351,1676.8527504232507,1621.3942302405264,1655.0680585586201,1673.8417735720973,1757.420659137174,1745.0222922747855,1746.7908931454826,1672.5724168960517,1685.2617066859032,1721.1827944350882,1699.0897636046525,1731.1616348324087,1731.2639016169255,1763.8803898677243,1784.292591659293,1747.6877341708662,1754.4883666024623,1769.600071039219,1707.5936291450948,1723.2564295292652,1790.4628920123566,1802.418560544119,1780.4832852144561,1732.1805645762772,1777.7607035460658,1788.4469691137929,1838.964509509578,1772.3030543704558,1783.8112919495786,1769.600071039219,1789.0033312997464,1759.7489186251792,1807.826194444878,1827.8047374531911,1831.3542362205835,1834.073538963117,1780.7285845202662,1808.1002325106479,1814.1136377594485,1740.795444514981,1661.6324363365939,1666.373400228598,1658.3457846317874,1672.5724168960517,1685.2617066859032,1698.8429587551047,1728.5949151882064,1655.7608337861473,1632.334535810244,1655.7874411850225,1710.73401127891,1771.3184415624723,1754.4883666024623,1695.8667347459184,1804.0792020691263,1824.6244547956926,1838.4673163846217,1967.936433991269,1983.9670892389656,1986.9130005433767,1978.5873161336292,1965.3263396854868,1988.0697400103545,2156.302049484055,2101.476316543339,2113.6889737412894,2105.596617456724,2106.4275650363606,2144.8785357820584,2081.666506543912,2237.3044252494797,2267.1186801071863,2259.5467150246045,2210.9921321461725,2186.87671401139,2067.686896765532,2089.7471464044925,2212.000088799024,2261.3806154069825,2326.396179864508,2348.1313113156916,2297.9567338092065,2263.7573197726656,2127.525305197216,2250.6430721020033,2210.9921321461725,2236.5784575116486,2259.686394322331,2301.849639748634,2187.4223100345903,2261.3806154069825,2356.8065874444364,2247.0156089145376,2233.983567998345,2268.8444148732783,2241.6454365104764,2369.358311070021,2559.8375574403462,2435.385431512684,2412.301379559787,2438.6899580351774
Central Park South,Manhattan,neighborhood,2298.0,2300.0,2448.0,2350.0,2325.0,2500.0,2400.0,2473.0,2623.0,2723.0,2650.0,2695.0,2695.0,2673.0,2750.0,2650.0,2800.0,2800.0,2800.0,2800.0,2800.0,2750.0,2700.0,2700.0,2750.0,2750.0,2750.0,2775.0,2650.0,2713.0,2725.0,2700.0,2650.0,2600.0,2450.0,2650.0,2700.0,2650.0,2675.0,2698.0,2650.0,2795.0,2785.0,2823.0,2900.0,2750.0,2700.0,2900.0,2850.0,2800.0,2800.0,2850.0,2898.0,3200.0,2900.0,2900.0,3000.0,3000.0,2950.0,3148.0,3295.0,3295.0,3000.0,3150.0,3000.0,2998.0,3343.0,3448.0,3398.0,3295.0,3295.0,3295.0,3500.0,3295.0,3395.0,3425.0,3575.0,3295.0,3295.0,3273.0,3373.0,3373.0,3175.0,3250.0,3273.0,3295.0,3000.0,3000.0,3000.0,3100.0,3000.0,3000.0,2995.0,2800.0,2850.0,2825.0,2900.0,3000.0,2850.0,,2931.0,2998.0,,2800.0,,,3047.0,3300.0,3300.0,,,,3000.0,,3200.0,3216.0,3231.0,3316.0,3646.0,3231.0,,,,,2800.0,2750.0,2750.0,2700.0,2500.0,2500.0,2500.0,2820.0,2998.0,2995.0,2850.0,2995.0,2995.0,3175.0,3200.0,3400.0,,,,,,3450.0,,,3625.0,,,,,3298.0,,,,,3800.0,,,3973.0,,3600.0,,,,,,,3800.0,3950.0,,4400.0,4100.0,,,,,,,,3999.0,3997.0,4100.0,3948.0,4250.0,4375.0,2260.2806923363423,2282.1616428532507,2471.4024882388353,2355.3695024290137,2326.4804053900593,2458.9421427947314,2400.8677637343358,2480.8755495215146,2628.006439227297,2755.698309440576,2692.5044353956255,2683.5238131264396,2650.7643454510194,2652.268726672495,2776.289559908822,2656.054970824207,2801.7828538030826,2754.015199930099,2801.012391023392,2808.9169181804455,2805.344273670008,2783.0225306506,2743.306405874788,2688.5025214995867,2704.861576990836,2728.671529498452,2776.289559908822,2781.3405826555377,2651.6873437779172,2668.4440133608423,2725.985273406694,2708.598456816858,2655.057973294829,2631.2213017060217,2489.296553478974,2638.715437768113,2655.682275591003,2629.4471102439625,2700.572571911309,2704.164645767438,2651.6873437779172,2749.0973156445093,2786.0069675000523,2831.9901642940704,2905.535140586794,2783.0225306506,2743.306405874788,2887.6508564254823,2803.220179790503,2778.2837391256962,2826.7675519071645,2856.511949754336,2899.8452536861905,3147.445942777256,2901.048547845656,2909.2353795440326,3005.72600750358,3036.0245788915636,2997.316258270602,3134.5947917335925,3240.91596224902,3269.444614435418,3028.6795199005333,3157.197418149529,3001.910200503303,2948.7634176394417,3344.2087225682853,3458.9805478164913,3404.4856578323884,3334.5669958159006,3347.849854576825,3280.9688179041254,3442.551097988337,3269.444614435418,3427.4556566874367,3432.825764178456,3577.2763222664357,3240.885744203456,3296.191367293599,3283.4232404302134,3379.437941103192,3413.503634867081,3225.9251254268343,3236.160442545799,3219.2770696330936,3269.444614435418,3028.6795199005333,3006.854683951932,3001.910200503303,3049.0882570654667,3001.08470466792,3009.55384090762,3000.7164641577406,2833.6229402987924,2895.7123173122764,2812.9702308282713,2852.3994811903362,2976.7325776346747,2877.2455439055066,2897.1044879876868,2932.8662658917265,2948.7634176394417,2900.048186277433,2808.9169181804455,2887.834754098162,3000.266956073507,3095.8720810001773,3285.9475262772726,3245.8338923890037,3199.987520957275,3180.11349589556,3082.0260510507305,3001.910200503303,3049.0882570654667,3201.1570183124477,3226.2417174529687,3237.1669100813556,3355.8191678681414,3704.479687340547,3217.241350727839,3093.1813408439207,3034.8780873178052,3000.8156683174484,2892.794662940689,2801.7828538030826,2704.8363570742044,2750.99431261226,2708.598456816858,2504.77167291965,2530.0204824096363,2540.098523958137,2807.991522455124,2948.7909119340097,2971.7713566719503,2877.2455439055066,3001.843259478679,2996.907016835797,3122.8565213493084,3201.1570183124477,3410.8276863619694,3414.838714080456,3457.6946592931695,3479.934977822648,3418.7130828945365,3385.175246355198,3423.242464279876,3541.872438550346,3574.816124253964,3627.3081589414905,3501.14018059685,3495.4633916835483,3439.719403234683,3369.8196178791804,3337.603020394792,3452.9083295277333,3483.900971193613,3540.1228319656066,3670.906614739081,3836.3273918740088,3866.4810285973012,3917.8263572346436,3907.7508533293867,3787.869078075026,3611.4646090891442,3635.4971709805204,3701.058534267811,3744.8309667497106,3698.4690771951987,3681.4219905018135,3742.178097597877,3836.3273918740088,3959.0253338700445,4177.658362367096,4327.738171318727,4101.482429712823,4100.391710159928,4082.5273496917375,4110.903780843298,4114.451589107391,4019.6846727698685,3958.19607316559,3980.5116089179005,4037.229800027411,4006.132723918625,4102.610607354513,3883.1614319014393,4251.536664946219,4388.932684656946
Central Queens,Queens,submarket,1025.0,1025.0,1000.0,1050.0,950.0,950.0,950.0,950.0,950.0,950.0,950.0,950.0,950.0,950.0,950.0,950.0,950.0,950.0,950.0,950.0,950.0,950.0,950.0,1273.0,1330.0,1250.0,1393.0,1298.0,1470.0,1575.0,1423.0,1450.0,1450.0,1500.0,1525.0,1525.0,1255.0,1255.0,1268.0,1285.0,1300.0,1300.0,1363.0,1350.0,1400.0,1625.0,1625.0,1400.0,1400.0,1375.0,1400.0,1450.0,1538.0,1495.0,1450.0,1450.0,1450.0,1450.0,1450.0,1425.0,1475.0,1400.0,1450.0,1500.0,1500.0,1450.0,1425.0,1485.0,1475.0,1450.0,1450.0,1450.0,1500.0,1495.0,1495.0,1500.0,1525.0,1550.0,1550.0,1593.0,1575.0,1575.0,1535.0,1575.0,1500.0,1525.0,1510.0,1523.0,1525.0,1550.0,1550.0,1550.0,1550.0,1550.0,1500.0,1500.0,1520.0,1550.0,1550.0,1550.0,1550.0,1550.0,1595.0,1599.0,1575.0,1595.0,1587.0,1570.0,1550.0,1552.0,1582.0,1600.0,1600.0,1640.0,1617.0,1625.0,1625.0,1621.0,1600.0,1614.0,1650.0,1650.0,1625.0,1625.0,1600.0,1600.0,1600.0,1600.0,1594.0,1573.0,1550.0,1550.0,1550.0,1550.0,1545.0,1550.0,1593.0,1575.0,1575.0,1600.0,1600.0,1600.0,1606.0,1650.0,1600.0,1625.0,1600.0,1650.0,1700.0,1700.0,1700.0,1750.0,1725.0,1725.0,1750.0,1750.0,1700.0,1800.0,1750.0,1750.0,1800.0,1850.0,1850.0,1883.0,2000.0,1850.0,1850.0,1850.0,1850.0,1825.0,1858.0,1950.0,2025.0,2050.0,2095.0,1998.0,1950.0,2000.0,1950.0,1975.0,1995.0,1950.0,1925.0,1975.0,1950.0,1995.0,2163.0,2150.0,1034.2455195976254,1043.5138087453176,1012.1575560272792,1058.5747157510107,939.7010345082537,937.3235705634913,948.0019360594443,945.1898368601645,947.110601054344,942.8721627799555,951.3623418211564,944.3961162949099,958.5690181636527,967.1591398127333,961.5496782259152,957.7580761556765,939.7010345082537,937.3235705634913,948.0019360594443,945.1898368601645,947.110601054344,942.8721627799555,951.3623418211564,1265.4907958351794,1341.9966254291137,1272.5778155430703,1409.935475546,1308.59998194744,1454.063706028561,1553.983814355262,1420.0071105395677,1442.6581720497247,1445.5898647671565,1488.745520178877,1527.1869171339615,1516.0042919470923,1266.320123995141,1277.6681268052425,1283.41578104259,1295.4938188000465,1285.906678800768,1282.653307086883,1360.1333040516029,1343.1645050118127,1395.7419383958752,1612.8076468604502,1627.3303215361884,1391.741645066183,1412.628026767488,1399.8355970973773,1417.0205784381908,1461.8412741323482,1521.326516919678,1475.0513031499154,1446.9503234591518,1442.6581720497247,1445.5898647671565,1439.1206695062479,1452.0793638322914,1416.5941744423649,1488.3045282014607,1425.2871534082387,1467.6284562395547,1512.2495939300154,1483.7384755393477,1430.6517655969078,1422.0029040891666,1477.480955512994,1470.513827952797,1439.1206695062479,1452.0793638322914,1441.4467038185467,1513.5300286794516,1522.003067389512,1513.1755462607823,1512.2495939300154,1508.4674501316704,1529.317404603591,1546.7400009390935,1584.934115913939,1570.2096806953598,1563.182796187821,1537.2012575741842,1565.7093506994559,1513.5300286794516,1552.5449349625458,1528.3579096011915,1535.4374210369424,1508.4674501316704,1529.317404603591,1546.7400009390935,1542.1518390876367,1545.285717509719,1538.3703708515063,1502.1510660334047,1491.1517625709105,1533.7104290618443,1577.9964912734072,1568.8442118422827,1562.6579137276826,1533.1964247239928,1529.317404603591,1591.645355805067,1590.9037359362137,1570.2096806953598,1583.0327364568725,1589.2758278633423,1560.7388448242195,1563.9810296354333,1580.032615778276,1601.2332536351555,1613.0662335253498,1582.6543739086378,1618.1164797096062,1613.5990848506542,1616.7720893660708,1620.057607066641,1608.8376588066399,1602.2944704356319,1604.4792965262995,1664.8830315473967,1679.8027165168528,1644.7560285443285,1638.2703934241833,1582.6543739086378,1578.6502241069327,1596.6348396790643,1591.8986726065928,1589.1518927164466,1561.1978021609157,1552.2227682345183,1540.856821323274,1563.9810296354333,1577.9964912734072,1563.7834240621462,1562.6579137276826,1575.7302610227873,1553.983814355262,1571.6874203090788,1591.8986726065928,1595.1336438810004,1587.9952215241356,1608.3030746997654,1640.2669388280015,1614.432030591415,1654.3511602059914,1619.4520896436466,1663.4745533230168,1681.5702722779276,1677.3158631136162,1696.4245171590057,1741.139173163461,1719.7534598092036,1712.0573482057086,1752.5095770389723,1739.6770563327289,1715.3340325033785,1832.512054382021,1771.2757230477384,1764.2911929183513,1780.4861706472175,1825.314321623641,1846.109033378918,1873.4657503238839,1993.9170548512504,1836.1194748872817,1852.6529814411992,1839.0871738374562,1866.6870353713236,1857.9636106928824,1880.5887390986845,1965.92447210902,2003.0469419781195,2022.6455996370075,2090.5937432047745,1987.8834674174827,1944.069128479969,1984.9940269051694,1952.7963858434262,1963.3498207183654,2012.9949381436707,1985.2213922471894,1948.4032953525123,1991.1286320078536,1928.8600182011521,1968.3794981833319,2158.450723891135,2139.1138413151093
Chelsea,Manhattan,neighborhood,2400.0,2200.0,2200.0,2295.0,2463.0,2425.0,2250.0,2475.0,2463.0,2600.0,2550.0,2450.0,2300.0,2450.0,2300.0,2348.0,2300.0,2300.0,2400.0,2400.0,2500.0,2340.0,2400.0,2350.0,2363.0,2375.0,2370.0,2450.0,2400.0,2425.0,2450.0,2295.0,2500.0,2400.0,2350.0,2450.0,2400.0,2500.0,2598.0,2695.0,2550.0,2400.0,2400.0,2408.0,2500.0,2550.0,2493.0,2695.0,2850.0,2700.0,2900.0,2900.0,2850.0,2850.0,2850.0,2875.0,2873.0,2850.0,2800.0,2900.0,2875.0,2850.0,2990.0,2995.0,2907.0,2855.0,3000.0,2975.0,3000.0,2950.0,2895.0,2913.0,2850.0,2835.0,2850.0,2850.0,2800.0,2900.0,2950.0,2800.0,2775.0,2700.0,2750.0,2750.0,2757.0,2855.0,2775.0,2775.0,2800.0,2825.0,2813.0,2739.0,2800.0,2728.0,2750.0,2700.0,2795.0,2750.0,2795.0,2795.0,2798.0,2842.0,2850.0,2875.0,2875.0,2815.0,2875.0,2910.0,2900.0,3020.0,3000.0,2958.0,2950.0,2950.0,3100.0,3000.0,3050.0,3030.0,3089.0,3100.0,2995.0,3050.0,3039.0,2963.0,2850.0,2704.0,2550.0,2495.0,2415.0,2350.0,2348.0,2398.0,2398.0,2447.0,2500.0,2500.0,2750.0,2800.0,2995.0,2900.0,2850.0,3200.0,3295.0,3696.0,3772.0,3895.0,4030.0,3956.0,3795.0,3800.0,3775.0,3805.0,3750.0,3836.0,3738.0,3847.0,3750.0,3775.0,3800.0,3673.0,3825.0,3850.0,3882.0,3800.0,3768.0,3500.0,3500.0,3804.0,3804.0,3825.0,3950.0,4100.0,4000.0,4000.0,4000.0,3995.0,3995.0,4000.0,3995.0,4000.0,4006.0,4240.0,4200.0,4295.0,4195.0,4277.0,4447.0,4447.0,2411.911450976119,2183.7039396514806,2165.065439532326,2258.4673396367607,2452.9063715650345,2427.9257064636786,2241.1827710173065,2496.6346346550167,2472.3414399844646,2636.819284979618,2595.3838670179503,2444.5870650144207,2311.415140518781,2431.8521146118765,2263.4775049656137,2310.6236659987426,2290.574362403402,2302.774896852149,2390.594955751794,2420.9790396654707,2509.4817701831757,2373.1373564816563,2442.7142277816,2344.8080011362813,2374.727816106904,2357.4076621237577,2332.365950768915,2410.999992204821,2390.1645520731154,2427.9257064636786,2440.399017329956,2315.0612066801064,2509.4817701831757,2433.9870322888783,2391.8243480361502,2444.5870650144207,2411.911450976119,2481.4817496039554,2556.7454599568105,2652.099991425303,2539.549836577685,2402.8955445413726,2390.594955751794,2429.048969797689,2509.4817701831757,2586.111221806933,2537.369404108137,2689.0457715158627,2864.1448480341414,2680.000289572272,2853.9498975653387,2853.8367254669306,2838.3204055868246,2853.43845914288,2838.831509955255,2900.131141265929,2883.8964502945055,2890.3596008430427,2849.8332657452,2893.592852466049,2889.268925648476,2828.8891945485093,2942.5207564552975,2947.3244802667095,2895.086813698561,2858.4444915273416,2988.2436946897424,3001.0052679186565,3011.378124219811,2991.775727188413,2946.5240372615553,2906.564130770207,2864.1448480341414,2814.0003040508855,2804.743864848695,2804.6326439933628,2788.525310751968,2903.498782987492,2938.43963311158,2824.475546276383,2785.524764903325,2738.235411324988,2798.9433859997503,2743.9242566488397,2770.683279308817,2833.8521580477172,2730.9348157737295,2730.8265217830112,2788.525310751968,2828.4082972205742,2801.976504387415,2762.9423290182185,2810.619582605157,2766.6319267016916,2798.9433859997503,2694.0347247097698,2808.8718772826055,2729.629924564351,2750.6172288603866,2750.508154372438,2786.5335069585735,2845.428807327742,2838.831509955255,2900.131141265929,2885.9040357106524,2854.863956622163,2926.168085363375,2903.570758853863,2914.3930032628105,2997.629953521578,2952.361962998626,2910.913459976269,2937.9105952565374,2953.559106832104,3087.851817846067,3026.2237995818386,3061.5677596234746,3072.9086282647086,3143.9767706739012,3093.1509802223286,3009.864498197282,3027.4077345168257,2990.7426685176083,2915.833868123626,2838.3204055868246,2707.262313516613,2540.007140486281,2516.809459985562,2424.159389996948,2383.2789691161934,2389.7887528463325,2392.7019517977883,2409.901524766972,2428.8743365123514,2460.3016358321884,2460.2040736783883,2738.7302159171113,2803.3781352982683,2983.2632885319263,2925.3496729291105,2860.8092180088206,3245.3160430518374,3353.6430752251554,3687.8342009360404,3790.7208304508003,3866.1485658829624,3966.006236961488,3893.026926188682,3779.4476979656138,3804.584612190507,3760.206649151259,3838.2605191362986,3764.222655274764,3890.3226066083903,3804.5274097698425,3838.5005873920313,3768.611642150186,3747.0374419019727,3739.6584864649267,3614.5318250482883,3809.3247548665277,3854.644936035119,3866.7873409285266,3833.216812803662,3782.2909240200825,3549.564422087947,3562.2915821815004,3795.5955899244314,3822.879649797149,3796.6670768940517,3887.2765846148577,4034.7346808325574,3983.6075867885256,4004.825907568955,3984.32492625299,4029.9213597764815,4010.151868752715,4056.645053814797,4066.1013916614556,3991.162555125585,4025.882196920972,4208.593047328309,4133.306748198077,4226.630598579472,4177.808456644466,4282.160101668105,4429.573236761761,4485.872412246812
Chinatown,Manhattan,neighborhood,,,,,,,,,,,,,,,,,,,,,,,,,,,,,,,,,,,,,,,,,,,,,,,,,,,,,,,2449.0,,,,,,,,1913.0,1995.0,,,2000.0,,,,,,,,1975.0,1873.0,,,,1975.0,,,,,,,,2123.0,2123.0,2348.0,2050.0,2000.0,,,,,,,,1998.0,,,2175.0,2150.0,,,,,1850.0,,,1973.0,2000.0,,2470.0,2398.0,2290.0,,,,,,,,1973.0,2199.0,1950.0,1950.0,1814.0,1850.0,1697.0,1725.0,1695.0,1714.0,1714.0,1850.0,1900.0,1850.0,1800.0,1800.0,,,,,,,,,2500.0,,,2475.0,2375.0,,,,,,,,,,2175.0,2525.0,,,,,,2270.0,,,,,,2948.0,2750.0,2595.0,2500.0,2535.0,2200.0,,,,,,,3000.0,2515.284898102944,2510.6568105021674,2489.264932931566,2464.883014404794,2442.2547495700405,2378.2247430503235,2399.828488291643,2382.552481801364,2424.6545515609555,2440.8468235047635,2471.262598617523,2478.100029725464,2515.284898102944,2510.6568105021674,2489.264932931566,2464.883014404794,2442.2547495700405,2378.2247430503235,2399.828488291643,2382.552481801364,2424.6545515609555,2440.8468235047635,2471.262598617523,2478.100029725464,2515.284898102944,2510.6568105021674,2489.264932931566,2464.883014404794,2442.2547495700405,2378.2247430503235,2399.828488291643,2382.552481801364,2424.6545515609555,2440.8468235047635,2471.262598617523,2478.100029725464,2515.284898102944,2510.6568105021674,2489.264932931566,2464.883014404794,2442.2547495700405,2378.2247430503235,2399.828488291643,2382.552481801364,2424.6545515609555,2440.8468235047635,2471.262598617523,2478.100029725464,2515.284898102944,2510.6568105021674,2489.264932931566,2464.883014404794,2442.2547495700405,2378.2247430503235,2399.828488291643,2317.3703600044305,2291.9866422472896,2240.515989889224,2200.8263485442294,2139.119421331005,2102.404322750807,2029.8491158817035,1944.452354715429,2007.9385927878984,1991.1672723457932,1940.5821879116222,1959.8436000748416,1942.6947681082481,1973.9301805531463,1983.9978391340017,2005.5673396293698,2007.9541635306116,2034.8747261602523,2027.9269102795429,2007.4717201061017,1885.147360547235,1893.2709849157704,1868.3970623229163,1910.3575491729516,1921.4132917752938,1973.682665796964,2005.3016777834155,2048.9582304993387,2073.347064478349,2123.4591779615503,2138.517805923855,2139.100878462426,2136.768738089578,2117.152647340627,2280.1436082818127,2008.8396900767125,1945.7349790129558,1979.8705347015193,1992.8432926083196,2017.4241528322102,2022.7529438224592,2052.848383047472,2048.8148778230225,2031.1039821276038,2010.9580493184067,2051.3344303248564,2054.848328417511,2131.32991508139,2091.6651024389275,2069.223361683298,2023.2417524355535,1987.908256135778,1932.695409054976,1900.072299506103,1938.608423299142,1963.7647408835385,1985.7959115641722,1994.4914247203271,2170.40926938239,2420.406846092429,2332.936239836534,2267.2351666290683,2242.883083072492,2230.8467904833356,2196.9232041803584,2189.191408863383,2144.5407168106253,2085.991816500125,2025.6778999046337,1967.5657904866027,2135.4496569896532,1910.8475100729704,1897.0916045376318,1795.9670708581355,1843.8410059141743,1712.4265536357436,1745.4971626281852,1740.8770527907268,1757.1522144551716,1742.1805206389156,1861.9981938133394,1894.7668534843108,1796.5356368489581,1763.8592400673574,1751.1614811116601,1859.1108353241755,1949.045147392761,2051.8173202078247,2136.196205470887,2248.1335916078215,2323.732994612051,2382.9903400415606,2437.931569076925,2493.1142809004086,2419.658357738011,2433.4724700929282,2407.847036528533,2351.3901837310204,2347.1597669880434,2356.226283287838,2342.50778636768,2357.116717495409,2332.2761306216544,2292.075305741397,2249.495115228548,2208.899252877762,2131.5652556126824,2131.32991508139,2456.4904110038565,2457.821528889372,2431.8767861786946,2419.294438622095,2382.983082892392,2375.090374382629,2327.1502490158923,2422.179802031818,2512.187833382754,2601.8140635476666,2643.335137028575,2778.078303106088,2868.0133590650967,2722.66231800434,2586.3607623498824,2522.7262133702766,2565.121917253594,2259.545437250501,2372.550914666926,2468.5004876530725,2559.348868716405,2649.824321414149,2691.335239758285,2827.7743372508426,2918.602468519434
City Island,Bronx,neighborhood,,,,,,,,,,,,,,,,,,,,,,,,,,,,,,,,,,,,,,,,,,,,,,,,,,,,,,,,,,,,,,,,,,,,,,,,,,,,,,,,,,,,,,,,,,,,,,,,,,,,,,,,,,,,,,,,,,,,,,,,,,,,,,,,,,,,,,,,,,,,,,,,,,,,,,,,,,,,,,,,,,,,,,,,,,,,,,,,,,,,,,,,,,,,,,,,,,,,,,,,,,,,,,,,,,,,,,,,,,,,,,,,,,,,,,,,,,,,,,,,,,,,,,,,,,,,,,,,,,,,,,,,,,,,,,,,,,,,,,,,,,,,,,,,,,,,,,,,,,,,,,,,,,,,,,,,,,,,,,,,,,,,,,,,,,,,,,,,,,,,,,,,,,,,,,,,,,,,,,,,,,,,,,,,,,,,,,,,
Civic Center,Manhattan,neighborhood,,,,,,,,,,,,,,,,,,,,,,,,,,,,,,,,,,,,,,,,,,,,,,,,,,,,,,,,,,,,,,,,,,,,,,,,,,,,,,,,,,,,,,,,,,,,,,,,,,,,,,,,,,,,,,,,,,,,,,,,,,,,,,,,,,,,,,,,,,,,,,,,,,,,,,,,,,,,,,,,,,,,,,,,,,,,,,,,,,,,,,,,,,,,,,,,,,,,,,,,,,,,,,,,,,,,,,,,,,,,,,,,,,,,,,,,,,,,,,,,,,,,,,,,,,,,,,,,,,,,,,,,,,,,,,,,,,,,,,,,,,,,,,,,,,,,,,,,,,,,,,,,,,,,,,,,,,,,,,,,,,,,,,,,,,,,,,,,,,,,,,,,,,,,,,,,,,,,,,,,,,,,,,,,,,,,,,,,
Clearview,Queens,neighborhood,,,,,,,,,,,,,,,,,,,,,,,,,,,,,,,,,,,,,,,,,,,,,,,,,,,,,,,,,,,,,,,,,,,,,,,,,,,,,,,,,,,,,,,,,,,,,,,,,,,,,,,,,,,,,,,,,,,,,,,,,,,,,,,,,,,,,,,,,,,,,,,,,,,,,,,,,,,,,,,,,,,,,,,,,,,,,,,,,,,,,,,,,,,,,,,,,,,,,,,,,,,,,,,,,,,,,,,,,,,,,,,,,,,,,,,,,,,,,,,,,,,,,,,,,,,,,,,,,,,,,,,,,,,,,,,,,,,,,,,,,,,,,,,,,,,,,,,,,,,,,,,,,,,,,,,,,,,,,,,,,,,,,,,,,,,,,,,,,,,,,,,,,,,,,,,,,,,,,,,,,,,,,,,,,,,,,,,,
Clinton Hill,Brooklyn,neighborhood,,,,2250.0,2100.0,,,,,,1900.0,1875.0,1900.0,1850.0,1800.0,1800.0,1800.0,1800.0,1800.0,1800.0,1800.0,1700.0,,,,,1563.0,1650.0,1650.0,1623.0,1550.0,,1850.0,,,,,2000.0,2300.0,1700.0,1700.0,1695.0,1695.0,1695.0,1750.0,1698.0,1700.0,1773.0,1695.0,1695.0,1500.0,1650.0,1850.0,1800.0,1800.0,1850.0,1900.0,1825.0,1895.0,1825.0,1895.0,1975.0,1900.0,1925.0,1963.0,1995.0,1999.0,1928.0,2000.0,1900.0,1900.0,1898.0,1862.0,1898.0,1938.0,1832.0,1795.0,1900.0,1950.0,1963.0,1850.0,2000.0,1995.0,1998.0,1950.0,1950.0,1950.0,1950.0,1900.0,1875.0,1898.0,2000.0,1825.0,1960.0,2063.0,1993.0,1971.0,1895.0,1971.0,1933.0,2211.0,1925.0,2023.0,2188.0,2200.0,2253.0,2208.0,1999.0,2119.0,2305.0,2294.0,2050.0,2379.0,2226.0,2252.0,2250.0,2437.0,2424.0,2332.0,2307.0,2314.0,2320.0,2050.0,1923.0,2125.0,1989.0,2000.0,1995.0,1956.0,1850.0,1800.0,1900.0,1800.0,1900.0,1899.0,1890.0,1999.0,2000.0,2238.0,2300.0,2549.0,2657.0,2150.0,2150.0,,2500.0,2600.0,2738.0,2400.0,2500.0,2499.0,2786.0,3013.0,2628.0,2924.0,2913.0,2697.0,2990.0,3013.0,3000.0,3008.0,3011.0,2973.0,2800.0,3150.0,3100.0,3000.0,3000.0,3000.0,2839.0,2475.0,3100.0,2900.0,2800.0,2850.0,3100.0,3085.0,3000.0,3000.0,3000.0,2975.0,2834.0,3175.0,3173.0,3100.0,3200.0,3200.0,3200.0,2269.0312505898232,2243.6551371466585,2266.4529462067294,2299.173273992062,2102.5854908310075,2113.3618395482204,2057.496427634108,1978.3453380853612,1899.8479363213253,1896.947830644561,1887.818177987311,1879.6527984732072,1916.0708338314064,1844.7831127650304,1813.1623569653834,1839.3386191936497,1802.2161349980065,1840.669989283934,1821.3902802006858,1780.510804276825,1738.843873921213,1668.0058510840106,1661.8761497376718,1649.282551492331,1631.4838920907628,1585.9151689413538,1574.4293132982746,1686.060400927512,1652.031457081506,1659.6707736710139,1568.4194079505905,1681.593537372557,1787.1450926412467,1844.6182353164352,1897.7540631346126,1944.814095486945,1986.6629171830898,1994.360121908141,2316.8185672335453,1737.153140349558,1702.0930163870062,1733.2975732423713,1715.1425138556458,1676.6476740273436,1690.5426552011793,1666.043491259206,1689.1004750412783,1777.3996862362649,1709.3368754443336,1690.2202033171495,1510.968630804486,1686.060400927512,1852.2776943035067,1840.669989283934,1821.3902802006858,1829.969437728959,1835.4463113612803,1790.6533401343054,1882.8502354136601,1829.5287238472552,1911.0285421634292,1969.4306203842893,1913.893599019016,1967.0704677487643,1965.4168183339373,2040.0759047896936,2022.7550945117616,1907.124905914288,1932.0487488013478,1864.2418335644822,1887.818177987311,1902.7098728011454,1877.7494171547783,1892.6477556908258,1952.1714709993962,1872.037972423759,1797.2099790674565,1942.9294331330414,1973.172803550743,1941.745949330782,1787.1450926412467,1962.3598248047183,1982.2090868866765,2002.9580220530497,1966.4937505111802,1944.5011188604376,1964.259220045832,1992.6168374597871,1902.339253609007,1917.3645721707646,1920.5548621227233,1978.3453380853612,1762.9944832812298,1923.112628308624,2049.773105888328,1997.9456145904544,1987.6713755166854,1889.6562155079637,1985.4127808770947,1975.2453060562916,2213.722152489218,1968.4942940953183,2047.0402982477708,2164.309799865385,2125.2536236814826,2210.598342642515,2193.8434405242015,2003.9605035455686,2136.923208888816,2298.5000404991324,2310.7746927103276,2094.802316303879,2381.928991755699,2276.295220081132,2278.761617228858,2225.6385053460313,2354.201400414442,2378.3801076633185,2317.0484163507417,2312.724803241434,2333.572583939934,2313.4577414134437,2064.9904620994644,1965.0267581718824,2127.616270483758,2033.9403381587472,2023.766978000762,1973.3994747401478,1889.543676327718,1815.1828379443643,1788.4593265142946,1904.7148357861834,1815.2250004718587,1894.642115812734,1912.8862865984795,1931.3055501533322,2001.4611410338973,2045.188876982149,2264.595248382853,2275.0971387981654,2462.396130347318,2606.995027253068,2136.215306669852,2155.3352089159443,2344.6656256094843,2492.9501523851764,2619.0122933944426,2797.8384107512293,2402.954846664009,2556.486096227686,2528.6968390119523,2755.835055952908,2910.6314400692304,2578.5408097933996,2905.2528170709984,2920.228587707975,2719.8121257070015,2981.5683822526707,3035.0323230759445,3065.5643653227494,3011.7034078188913,3079.031854296625,3008.329612798133,2769.6834733195055,3042.9767793621227,3041.6577284473133,2980.765544190491,3007.4444775571314,3025.3750007864314,2830.994193048606,2493.098240827402,3167.749844166841,2903.5704397190107,2863.2644277750082,2883.867943651086,3066.4352740323097,2980.185195026079,2943.5397372070775,2980.765544190491,3007.4444775571314,3000.1635424465444,2826.0082927438357,3198.216935202829,3242.345243723028,3103.8166769410113,3272.302203171438,3238.0271648012194,3165.3525409365775
Co-op City,Bronx,neighborhood,,,,,,,,,,,,,,,,,,,,,,,,,,,,,,,,,,,,,,,,,,,,,,,,,,,,,,,,,,,,,,,,,,,,,,,,,,,,,,,,,,,,,,,,,,,,,,,,,,,,,,,,,,,,,,,,,,,,,,,,,,,,,,,,,,,,,,,,,,,,,,,,,,,,,,,,,,,,,,,,,,,,,,,,,,,,,,,,,,,,,,,,,,,,,,,,,,,,,,,,,,,,,,,,,,,,,,,,,,,,,,,,,,,,,,,,,,,,,,,,,,,,,,,,,,,,,,,,,,,,,,,,,,,,,,,,,,,,,,,,,,,,,,,,,,,,,,,,,,,,,,,,,,,,,,,,,,,,,,,,,,,,,,,,,,,,,,,,,,,,,,,,,,,,,,,,,,,,,,,,,,,,,,,,,,,,,,,,
Cobble Hill,Brooklyn,neighborhood,,,,,,,,,,,,,,,,,,,,,,,,,,,,,,1890.0,,,,,,,,,,,,,,,,,,,,,,1990.0,,,2050.0,2000.0,2098.0,2000.0,1975.0,,2545.0,2200.0,2000.0,1900.0,1950.0,2150.0,2200.0,2000.0,2200.0,2050.0,,,2184.0,2230.0,2280.0,2300.0,2300.0,2250.0,2200.0,2200.0,,2200.0,2200.0,2200.0,2173.0,2200.0,2200.0,1950.0,2200.0,2100.0,2000.0,2095.0,2090.0,2000.0,2200.0,2250.0,2250.0,2495.0,2321.0,2773.0,2375.0,2150.0,2000.0,1950.0,,,,,,,2100.0,2200.0,2275.0,2250.0,,,2250.0,,,,2258.0,,2100.0,,2125.0,2058.0,2000.0,1950.0,1742.0,1850.0,1900.0,1750.0,1875.0,1900.0,2100.0,2150.0,2200.0,2400.0,2350.0,2450.0,2200.0,2550.0,2275.0,,,,,,,3050.0,,2500.0,,2600.0,,,,2825.0,2700.0,2700.0,,,,,,,,,,,,2950.0,2825.0,2898.0,3000.0,3100.0,3000.0,3598.0,4000.0,2845.0,,2999.0,,3395.0,3225.0,3650.0,,,1880.3125389463332,1879.1271415022577,1880.3260580389997,1863.1059564696452,1864.8080841269464,1864.0628195924553,1896.6722914133275,1918.9410723791868,1932.8514206355612,1903.145865181486,1885.7905403737516,1913.917297621626,1880.3125389463332,1879.1271415022577,1880.3260580389997,1863.1059564696452,1864.8080841269464,1864.0628195924553,1896.6722914133275,1918.9410723791868,1932.8514206355612,1903.145865181486,1885.7905403737516,1913.917297621626,1880.3125389463332,1879.1271415022577,1880.3260580389997,1863.1059564696452,1864.8080841269464,1864.0628195924553,1901.2337928356778,1928.1711881674464,1946.7969575809836,1921.4541467128136,1908.4671942983998,1941.5351518441603,1911.9676321945878,1915.2815838592035,1921.025756264952,1907.9136995304832,1914.141631326072,1917.8597263628003,1955.9718099038835,1983.5518828970048,2002.5791053626738,1976.3789913067958,1962.8911637175556,1996.770860289229,1966.2335063344533,1969.5132473946223,1975.292020566222,1961.6829912034889,1983.2085974048478,2002.1415469696742,2057.237141480064,2030.6254734171291,2145.567344176406,2013.910968446017,1970.601226051936,2288.5995199073413,2531.9552442425493,2187.3437625952206,1989.7630243798937,1872.9636599430296,1924.008340765897,2120.4947418644333,2207.7666884176297,2030.6254734171291,2249.8799605281665,2064.2587426571677,2090.001367849851,2166.405858224973,2172.805600560207,2217.171177539701,2268.329847793079,2267.2717988784043,2269.343171159776,2219.1224042767326,2207.7666884176297,2233.688020758842,2249.8799605281665,2215.302065290619,2195.1000999059543,2227.8402406177656,2161.861982608668,2187.3437625952206,2188.739326817883,1922.2521773099513,2170.676076761525,2071.1809106582837,2007.0606258342088,2127.080183404443,2137.385962501758,2013.910968446017,2195.1000999059543,2278.4729733590784,2238.4673082694444,2480.6466762159434,2309.119989792867,2733.541173169485,2343.3434919584643,2120.4947418644333,2007.0606258342088,1979.8598365817008,2016.1261983953698,2006.7184292729955,2009.7994421216852,2061.4755473248806,2046.598681846349,2066.613749724705,2089.2511755988885,2168.6947641445604,2244.6763975602134,2219.1224042767326,2257.943204063485,2284.45365759427,2301.0135959947156,2267.6637504702153,2248.9798296309186,2284.548901288036,2246.426303143291,2166.4645721340844,2089.2511755988885,2082.4398587524474,2096.6757559628363,2029.757292445118,2007.0606258342088,1979.8598365817008,1781.4958596545753,1862.8676458125658,1895.7682681005967,1772.14564594595,1865.3894235578703,1889.0696131504178,2089.2511755988885,2119.406246777639,2170.676076761525,2367.0638978951815,2358.2962353551957,2487.516204935983,2249.8799605281665,2567.7364847686717,2269.9330578572935,2415.9046765140706,2483.6327753656215,2592.144393984596,2703.9458242019628,2788.321839614435,2900.1078103485956,3008.1437035751264,2784.796618344965,2538.281841771411,2607.815408794011,2618.084258979822,2650.3339274432683,2746.8257512162227,2754.558382120455,2808.748240605227,2686.1800829128565,2661.579937813779,2684.567193419083,2704.041744470537,2772.252489433501,2825.9537838388383,2867.7447224156363,2844.649242929999,2839.495015598043,2902.9433438352703,2872.69971227912,2891.602171006561,2914.173762789719,2908.022524648388,2787.3454167505943,2858.229656708432,3010.5909387513134,3147.46948379655,3068.0181279929543,3623.025832234385,3991.0910907380985,2881.002492980702,2907.022877672585,2981.7472472832123,3180.6361944712603,3346.6903292139923,3182.013794343599,3599.9096780489217,3662.885642147431,3705.8914889862604
College Point,Queens,neighborhood,,,,,,,,,,,,,,,,,,,,,,,,,,,,,,,,,,,,,,,,,,,,,,,,,,,,,,,,,,,,,,,,,,,,,,,,,,,,,,,,,,,,,,,,,,,,,,,,,,,,,,,,,,,,,,,,,,,,,,,,,,,,,,,,,,,,,,,,,,,,,,,,,,,,,,,,,,,,,,,,,,,,,,,,,,,,,,,,,,,,,,,,,,,,,,,,,,,,,,,,,,,,,,,,,,,,,,,,,,,,,,,,,,,,,,,,,,,,,,,,,,,,,,,,,,,,,,,,,,,,,,,,,,,,,,,,,,,,,,,,,,,,,,,,,,,,,,,,,,,,,,,,,,,,,,,,,,,,,,,,,,,,,,,,,,,,,,,,,,,,,,,,,,,,,,,,,,,,,,,,,,,,,,,,,,,,,,,,
Columbia St Waterfront District,Brooklyn,neighborhood,,,,,,,,,,,,,,,,,,,,,,,,,,,,,,,,,,,,,,,,,,,,,,,,,,,,,,,,,,,,,,,,,,,,,,,,,,,,,,,,,,,,,,,,,,,,,,,,,,,,,,,,,,,,,,,,,,,,,,,,,,,,,,,1800.0,,,,,,,,,,,,,2068.0,,,,,,,,,,,,,,,,,,,,,,,,,,,,,,,,,,,,,,,,,,,,,,,,,1799.8738026196418,1799.9809006445296,1800.1123989433902,1800.2506719146295,1800.4006458652514,1800.5618622244453,1800.6786857868428,1799.5010789755877,1799.5536711558564,1799.6170973552682,1799.6920528016108,1799.7781135173748,1799.8738026196418,1799.9809006445296,1800.1123989433902,1800.2506719146295,1800.4006458652514,1800.5618622244453,1800.6786857868428,1799.5010789755877,1799.5536711558564,1799.6170973552682,1799.6920528016108,1799.7781135173748,1799.8738026196418,1799.9809006445296,1800.1123989433902,1800.2506719146295,1800.4006458652514,1800.5618622244453,1800.6786857868428,1799.5010789755877,1799.5536711558564,1799.6170973552682,1799.6920528016108,1799.7781135173748,1799.8738026196418,1799.9809006445296,1800.1123989433902,1800.2506719146295,1800.4006458652514,1800.5618622244453,1800.6786857868428,1799.5010789755877,1799.5536711558564,1799.6170973552682,1799.6920528016108,1799.7781135173748,1799.8738026196418,1799.9809006445296,1800.1123989433902,1800.2506719146295,1800.4006458652514,1800.5618622244453,1800.6786857868428,1799.5010789755877,1799.5536711558564,1799.6170973552682,1799.6920528016108,1799.7781135173748,1799.8738026196418,1799.9809006445296,1800.1123989433902,1800.2506719146295,1800.4006458652514,1800.5618622244453,1800.6786857868428,1799.5010789755877,1799.5536711558564,1799.6170973552682,1799.6920528016108,1799.7781135173748,1799.8738026196418,1799.9809006445296,1800.1123989433902,1800.2506719146295,1800.4006458652514,1800.5618622244453,1800.6786857868428,1799.5010789755877,1799.5536711558564,1799.6170973552682,1799.6920528016108,1799.7781135173748,1799.8738026196418,1799.9809006445296,1800.1123989433902,1800.2506719146295,1800.4006458652514,1800.5618622244453,1800.6786857868428,1799.5010789755877,1799.5536711558564,1799.6170973552682,1799.6920528016108,1799.7781135173748,1799.8738026196418,1799.9809006445296,1800.1123989433902,1800.2506719146295,1800.4006458652514,1800.5618622244453,1800.6786857868428,1799.5010789755877,1799.5536711558564,1799.6170973552682,1799.6920528016108,1799.7781135173748,1799.8738026196418,1799.9809006445296,1800.1123989433902,1800.2506719146295,1800.4006458652514,1800.5618622244453,1800.6786857868428,1799.5010789755877,1799.5536711558564,1799.6170973552682,1799.6920528016108,1799.7781135173748,1799.8738026196418,1799.9809006445296,1800.1123989433902,1800.2506719146295,1800.4006458652514,1800.5618622244453,1800.6786857868428,1820.110749452744,1840.7742167857514,1861.4500950592696,1882.1394835966248,1902.8423302743527,1923.5574382868376,1944.2870617389374,1965.045774299571,1985.8149719427527,2006.6003779558016,2027.4018780294737,2048.15657696165,2067.4267951786196,2067.487217750173,2067.5600874059414,2067.646202885406,2067.745077085517,2067.8550132318996,2067.978056962715,2068.1291338971837,2068.287994177474,2068.4602975829666,2068.6455172667515,2068.7797345595504,2067.4267951786196,2067.487217750173,2067.5600874059414,2067.646202885406,2067.745077085517,2067.8550132318996,2067.978056962715,2068.1291338971837,2068.287994177474,2068.4602975829666,2068.6455172667515,2068.7797345595504,2067.4267951786196,2067.487217750173,2067.5600874059414,2067.646202885406,2067.745077085517,2067.8550132318996,2067.978056962715,2068.1291338971837,2068.287994177474,2068.4602975829666,2068.6455172667515,2068.7797345595504,2067.4267951786196,2067.487217750173,2067.5600874059414,2067.646202885406,2067.745077085517,2067.8550132318996,2067.978056962715,2068.1291338971837,2068.287994177474,2068.4602975829666,2068.6455172667515,2068.7797345595504,2067.4267951786196
Concourse,Bronx,neighborhood,,,,,,,,,,,,,,,,,,,,,,,,,,,,,,,,,,,,,,,,,,,,,,,,,,,,,,,,,,,,,1050.0,,,,,,,1250.0,,,,,1125.0,,,,,,,1325.0,,,,,1273.0,,,,,,,1337.0,,,,,,,,,,1637.0,1400.0,1400.0,1398.0,1400.0,1475.0,,,1435.0,,1500.0,1500.0,,1690.0,,1499.0,,1555.0,,,,,,,,1500.0,,,,1525.0,1549.0,1549.0,1549.0,1472.0,,,,,,1475.0,1450.0,1450.0,1425.0,1498.0,1447.0,1575.0,1665.0,,1625.0,,,,1700.0,1654.0,1600.0,1614.0,1595.0,1723.0,1675.0,,,,1798.0,1800.0,1800.0,,,,2188.0,1900.0,2349.0,1900.0,1880.0,2437.0,1795.0,1950.0,,,,,2400.0,,2100.0,,,,,1051.3115402463663,1047.6740598403492,1055.998760217644,1034.362611095919,1049.2638585684565,1044.1713287985406,1031.850323713695,1056.1096528726969,1059.3472117809188,1059.9399073496627,1054.7506018482147,1056.1175883109952,1051.3115402463663,1047.6740598403492,1055.998760217644,1034.362611095919,1049.2638585684565,1044.1713287985406,1031.850323713695,1056.1096528726969,1059.3472117809188,1059.9399073496627,1054.7506018482147,1056.1175883109952,1051.3115402463663,1047.6740598403492,1055.998760217644,1034.362611095919,1049.2638585684565,1044.1713287985406,1031.850323713695,1056.1096528726969,1059.3472117809188,1059.9399073496627,1054.7506018482147,1056.1175883109952,1051.3115402463663,1047.6740598403492,1055.998760217644,1034.362611095919,1049.2638585684565,1044.1713287985406,1031.850323713695,1056.1096528726969,1059.3472117809188,1059.9399073496627,1054.7506018482147,1056.1175883109952,1051.3115402463663,1047.6740598403492,1055.998760217644,1034.362611095919,1049.2638585684565,1044.1713287985406,1031.850323713695,1056.1096528726969,1059.3472117809188,1059.9399073496627,1054.7506018482147,1056.1175883109952,1051.3115402463663,1076.1821975230798,1113.4680805015976,1118.8003752670145,1163.4694486167239,1186.235455165689,1200.3156826873596,1257.2733962770203,1235.905080411072,1211.3598941139003,1180.3161496872879,1156.7002157691852,1126.4052216925354,1151.0160589402476,1188.8965633742864,1192.683418916723,1238.4168670858994,1260.8191215084419,1274.019277238338,1332.7098000536414,1326.3027091497104,1316.546311586124,1299.653646353543,1290.8774407984108,1274.5900864129756,1279.302678512535,1298.6629651166375,1281.0616120824695,1308.653304965584,1311.3939504951468,1304.9045930501763,1344.7796246579007,1379.1691795281106,1410.2248100642655,1433.4562941308595,1465.4888820658286,1488.8573908060444,1513.6395702645807,1555.838173387329,1553.5141311412042,1605.8733530661998,1627.9128240411533,1375.80043161826,1408.1462038302627,1410.4451448283091,1413.2532097995504,1481.6734645010636,1470.1827380138777,1450.1424261493528,1431.8212151151438,1475.883981542279,1477.6608729941702,1498.9483693835095,1586.1459708892116,1660.7876638820426,1603.777944290967,1512.3442575805689,1541.4554652599381,1562.0354151180704,1557.1448013371044,1543.1751537187733,1530.9760814928911,1536.22676784043,1497.9787099978398,1512.6887294361916,1498.510162936477,1474.0718910195644,1515.0144425138094,1525.9644360177522,1533.127365987905,1531.8996836366928,1558.0248993273635,1550.9348341348775,1545.5686844692389,1480.4096905146403,1450.5704236559436,1471.9672987346062,1465.3204314139518,1448.5213115752251,1483.079698248373,1488.1306070255764,1463.726538720963,1456.560354933249,1433.3024412792079,1499.8711307514825,1443.7946329418905,1583.9981403264662,1640.2035690235289,1643.8467117572486,1615.9794374263129,1615.3371139089393,1672.1736170484369,1696.2166664825427,1716.0931833280254,1661.4833290066165,1609.3220393310405,1616.0160247215574,1591.466786138435,1732.8436798619057,1650.0546415101567,1704.5541207172807,1726.860488055872,1736.70236626955,1808.462053204866,1816.0237916244323,1817.0398411708504,1905.5827540057746,2005.6175915163092,2093.6118387191923,2183.1531837435086,1910.8548994414514,2314.0169271088703,1898.6679345524453,1869.5639029916726,2394.8754656097854,1805.444597053801,1967.359107593135,2059.3118199936303,2139.636935177807,2232.9343295718186,2312.885388542006,2394.6835653493695,2262.854486180666,2068.725222191838,2098.527717136913,2088.342657597081,2063.70064742739,2112.2193057453937
Coney Island,Brooklyn,neighborhood,,,,,,,,,,,,,,,,,,,,,,,,,,,,,,,,,,,,,,,,,,,,,,,,,,,,,,,,,,,,,,,,,,,,,,,,,,,,,,,,,,,,,,,,,,,,,,,,,,,,,,,,,,,,,,,,,,,,,,,,2033.0,1883.0,,,,,1880.0,1880.0,,1813.0,1700.0,1784.0,1788.0,1677.0,1695.0,1688.0,1671.0,1614.0,1594.0,1633.0,1665.0,1721.0,1721.0,1699.0,1721.0,1721.0,1778.0,1802.0,1783.0,1913.0,2088.0,,,,,,,,,,,,,2505.0,,,,,2342.0,2487.0,,,,,,,,,,,,,,,,,,,,2043.8678507301825,2038.592985450486,2038.245863930563,2041.664002932839,2037.2027985327366,2026.5989159205976,2022.2482672772885,2024.2046617784304,2024.2767604549638,2034.8390622159268,2032.2254134902576,2032.3208618667811,2043.8678507301825,2038.592985450486,2038.245863930563,2041.664002932839,2037.2027985327366,2026.5989159205976,2022.2482672772885,2024.2046617784304,2024.2767604549638,2034.8390622159268,2032.2254134902576,2032.3208618667811,2043.8678507301825,2038.592985450486,2038.245863930563,2041.664002932839,2037.2027985327366,2026.5989159205976,2022.2482672772885,2024.2046617784304,2024.2767604549638,2034.8390622159268,2032.2254134902576,2032.3208618667811,2043.8678507301825,2038.592985450486,2038.245863930563,2041.664002932839,2037.2027985327366,2026.5989159205976,2022.2482672772885,2024.2046617784304,2024.2767604549638,2034.8390622159268,2032.2254134902576,2032.3208618667811,2043.8678507301825,2038.592985450486,2038.245863930563,2041.664002932839,2037.2027985327366,2026.5989159205976,2022.2482672772885,2024.2046617784304,2024.2767604549638,2034.8390622159268,2032.2254134902576,2032.3208618667811,2043.8678507301825,2038.592985450486,2038.245863930563,2041.664002932839,2037.2027985327366,2026.5989159205976,2022.2482672772885,2024.2046617784304,2024.2767604549638,2034.8390622159268,2032.2254134902576,2032.3208618667811,2043.8678507301825,2038.592985450486,2038.245863930563,2041.664002932839,2037.2027985327366,2026.5989159205976,2022.2482672772885,2024.2046617784304,2024.2767604549638,2034.8390622159268,2032.2254134902576,2032.3208618667811,2043.8678507301825,2038.592985450486,2038.245863930563,2041.664002932839,2037.2027985327366,2026.5989159205976,2022.2482672772885,2024.2046617784304,2024.2767604549638,2034.8390622159268,2032.2254134902576,2032.3208618667811,2043.8678507301825,2038.592985450486,2038.245863930563,2041.664002932839,2037.2027985327366,2026.5989159205976,2022.2482672772885,2024.2046617784304,2024.2767604549638,2034.8390622159268,2032.2254134902576,2032.3208618667811,2043.8678507301825,2038.592985450486,2038.245863930563,2041.664002932839,2037.2027985327366,2026.5989159205976,2022.2482672772885,2024.2046617784304,2024.2767604549638,2034.8390622159268,2032.2254134902576,2032.3208618667811,1893.0659925848174,1887.5786698534162,1886.6557140897853,1889.2170793493638,1884.487743689456,1874.08065023646,1870.057423748796,1838.5115140058394,1805.2207411238805,1701.5378287098256,1783.3202841449186,1787.4027058621764,1685.9647740651826,1699.6631137917234,1692.355641079582,1678.1212734386493,1617.3366044426152,1588.98114706219,1624.3637090328639,1657.7967348062402,1713.6154966763368,1722.5568254174175,1698.3526697097627,1720.4250876894885,1730.199985787823,1782.891455057041,1806.6498016738192,1790.5985820114372,1916.954723852988,2081.425743454111,2108.8646749566515,2142.8430143871096,2174.8586254916454,2218.312575601244,2247.527965905132,2279.699734038465,2324.9006468841603,2351.065655020274,2382.8250201620417,2419.034643302392,2445.8920882455736,2465.136855311036,2491.75204600571,2461.703691972942,2429.3312543817124,2409.3775654531128,2373.6952616202484,2341.2176382154457,2500.294808050154,2493.8419846607767,2493.4173455953323,2497.5988073261046,2492.1413477377846,2479.169455924509,2473.8472408847106,2476.2405282060777,2476.328727620017,2489.2497529419625,2486.0524364733255,2486.1691999324566,2500.294808050154,2493.8419846607767,2493.4173455953323,2497.5988073261046,2492.1413477377846,2479.169455924509,2473.8472408847106,2476.2405282060777
Corona,Queens,neighborhood,950.0,950.0,950.0,950.0,900.0,900.0,900.0,900.0,900.0,900.0,900.0,900.0,900.0,900.0,950.0,950.0,950.0,950.0,950.0,950.0,950.0,950.0,950.0,,,,,,,,,,,,,,,,,,,,,,,,,,,,,1200.0,1500.0,,,1200.0,,,,,,,,,,1400.0,,,1425.0,1400.0,1395.0,1363.0,1395.0,1395.0,1465.0,1493.0,1480.0,1450.0,1430.0,1465.0,1538.0,,1460.0,,,1495.0,1485.0,1470.0,1470.0,1476.0,,1474.0,,1455.0,1468.0,,1508.0,1508.0,1500.0,,,,,,,,,,,,,1515.0,1510.0,,,,,,,,,1597.0,1607.0,,,1580.0,1580.0,1557.0,,1475.0,1436.0,1497.0,1524.0,1529.0,,1513.0,1504.0,1546.0,1626.0,1624.0,1603.0,,1674.0,,,,,,,,,,,,,,,,,,,,,,,,,,,,,,,,,,,,,,,,,,,,,,953.0066693677461,952.6343593211656,947.3978183659996,948.2857950461955,885.9088974235792,891.5183260729848,896.889084777258,902.2303109852638,902.1456324192126,906.0085890000182,908.2850841681819,906.2697737586429,902.848423611549,902.4957088305779,947.3978183659996,948.2857950461955,935.1260583915558,941.0471219659285,946.7162561537723,952.3542171511118,952.2648342202799,956.3423995000193,958.7453666219698,965.298839482386,970.302616180228,978.5681440576764,981.7861239328236,991.3114663277834,986.0403628411868,1000.8232549401707,1015.4433890868954,1030.1326922360483,1038.6772511186718,1051.8030745862281,1063.1459510091172,1069.4677789948737,1074.0782970551186,1082.3032830037198,1084.9510406332954,1094.5730774035942,1087.8689717404488,1103.2966257531575,1118.5340884865805,1133.8373256826305,1142.3721513967423,1155.9419928620923,1167.5465353962645,1173.6367185073614,1177.8539779300093,1186.0384219497632,1188.1159573337673,1197.8346884794048,1476.5148290392985,1386.806285002421,1295.5064557893727,1202.9737479803518,1222.9085239460437,1248.2785004000252,1271.5991178354548,1288.9170115678478,1304.1143896611263,1323.660372951514,1336.3295543267784,1357.5459802766588,1358.3936427161548,1386.806285002421,1403.4653271051536,1420.177341365693,1428.3972513304197,1409.3466940000285,1407.841880460682,1372.4952240367004,1399.415056597901,1398.8683486873956,1460.987162006515,1490.3059915831261,1456.827964652108,1436.3350808953644,1425.0571013683098,1468.6304506593463,1541.666647400832,1509.0076387900303,1473.4402476506061,1481.9189078312625,1488.0279574338492,1499.145649668571,1480.932379235273,1467.3474933872708,1446.9845324585126,1462.0900547596952,1469.9015556071727,1477.6527537691989,1467.9914207532631,1464.7138855500295,1481.5138928432123,1498.366025947623,1512.7726920069065,1512.1816987961238,1495.8912921568415,1498.445124722794,1478.7863903147438,1489.2927934270504,1499.4145724994157,1509.5007126099606,1510.515635819861,1518.1451613115692,1523.1242180666436,1520.906581859056,1516.3223524758066,1516.887018303702,1509.6995194690585,1512.2662942052486,1486.358261232894,1505.345203172866,1524.0470818363183,1542.813831784801,1552.35874378506,1568.7370939166983,1582.434457750788,1588.6573478517248,1592.3571086067393,1601.42849666937,1602.5982043306963,1595.116526825074,1564.121375562297,1565.1099502170177,1574.5386154978528,1560.8584380045065,1519.6141986083624,1484.84740975003,1449.219312072788,1507.4287236852094,1528.8233306488896,1533.2399320021707,1516.8337702470371,1510.2699030577828,1480.4522019167368,1531.430369009816,1620.379613164246,1628.0244722667428,1606.8216097422196,1649.4389700850334,1689.4102565528183,1685.6617791910758,1679.2980679174811,1678.6420184248748,1669.414682047035,1670.9793904287696,1647.7905492078573,1658.2240864957519,1668.2136976856998,1678.1483784325908,1677.9908762997352,1685.175975540034,1689.4102565528183,1685.6617791910758,1679.2980679174811,1678.6420184248748,1669.414682047035,1670.9793904287696,1647.7905492078573,1658.2240864957519,1668.2136976856998,1678.1483784325908,1677.9908762997352,1685.175975540034,1689.4102565528183,1685.6617791910758,1679.2980679174811,1678.6420184248748,1669.414682047035,1670.9793904287696,1647.7905492078573,1658.2240864957519,1668.2136976856998,1678.1483784325908,1677.9908762997352,1685.175975540034,1689.4102565528183,1685.6617791910758,1679.2980679174811,1678.6420184248748,1669.414682047035,1670.9793904287696,1647.7905492078573,1658.2240864957519,1668.2136976856998,1678.1483784325908
Country Club,Bronx,neighborhood,,,,,,,,,,,,,,,,,,,,,,,,,,,,,,,,,,,,,,,,,,,,,,,,,,,,,,,,,,,,,,,,,,,,,,,,,,,,,,,,,,,,,,,,,,,,,,,,,,,,,,,,,,,,,,,,,,,,,,,,,,,,,,,,,,,,,,,,,,,,,,,,,,,,,,,,,,,,,,,,,,,,,,,,,,,,,,,,,,,,,,,,,,,,,,,,,,,,,,,,,,,,,,,,,,,,,,,,,,,,,,,,,,,,,,,,,,,,,,,,,,,,,,,,,,,,,,,,,,,,,,,,,,,,,,,,,,,,,,,,,,,,,,,,,,,,,,,,,,,,,,,,,,,,,,,,,,,,,,,,,,,,,,,,,,,,,,,,,,,,,,,,,,,,,,,,,,,,,,,,,,,,,,,,,,,,,,,,
Crotona Park East,Bronx,neighborhood,,,,,,,,,,,,,,,,,,,,,,,,,,,,,,,,,,,,,,,,,,,,,,,,,,,,,,,,,,,,,,,,,,,,,,,,,,,,,,,,,,,,,,,,,,,,,,,,,,,,,,,,,,,,,,,,,,,,,,,,,,,,,,,,,,,,,,,,,,,,,,,,,,,,,,,,,,,,,,,,,,,,,,,,,,,,,,,,,,,,,,,,,,,,,,,,,,,,,,,,,,,,,,,,,,,,,,,,,,,,,,,,,,,,,,,,,,,,,,,,,,,,,,,,,,,,,,,,,,,,,,,,,,,,,,,,,,,,,,,,,,,,,,,,,,,,,,,,,,,,,,,,,,,,,,,,,,,,,,,,,,,,,,,,,,,,,,,,,,,,,,,,,,,,,,,,,,,,,,,,,,,,,,,,,,,,,,,,
Crown Heights,Brooklyn,neighborhood,,,,,,,,,,,,,1200.0,1300.0,1200.0,1075.0,1550.0,2000.0,,,1675.0,1525.0,1550.0,1450.0,1500.0,,1500.0,,,1050.0,1325.0,1298.0,,1475.0,1500.0,1550.0,1525.0,1288.0,1400.0,1380.0,1350.0,,,1550.0,1550.0,1500.0,,1250.0,1298.0,1348.0,1275.0,1300.0,1300.0,1500.0,1525.0,1825.0,1850.0,1550.0,1338.0,1325.0,1350.0,1350.0,1325.0,1325.0,1450.0,1525.0,1500.0,1573.0,1600.0,1550.0,1500.0,1500.0,1500.0,1498.0,1450.0,1488.0,1650.0,1800.0,1800.0,1800.0,1750.0,1800.0,1625.0,1663.0,1675.0,1675.0,1600.0,1699.0,1600.0,1668.0,1650.0,1707.0,1800.0,1885.0,1800.0,1753.0,1825.0,1800.0,1825.0,1840.0,1850.0,1725.0,1799.0,1797.0,1700.0,1750.0,1817.0,1800.0,1775.0,1900.0,1950.0,1798.0,1850.0,1850.0,1995.0,1900.0,1850.0,1746.0,1750.0,1799.0,1795.0,1798.0,1900.0,1825.0,1800.0,1795.0,1799.0,1797.0,1750.0,1695.0,1667.0,1699.0,1699.0,1675.0,1699.0,1675.0,1650.0,1750.0,1799.0,1800.0,1895.0,1800.0,1850.0,1800.0,1950.0,1850.0,1750.0,1900.0,2100.0,2013.0,2100.0,2250.0,2200.0,2300.0,2150.0,2200.0,2250.0,2100.0,2275.0,2466.0,2466.0,2468.0,2747.0,2550.0,2425.0,2499.0,2495.0,2563.0,2650.0,2598.0,2499.0,2397.0,2595.0,2500.0,2600.0,2700.0,2995.0,2700.0,2700.0,2800.0,3100.0,3100.0,3125.0,3100.0,2800.0,2900.0,2850.0,2750.0,1207.0575648595398,1225.3823052592688,1243.1094503650224,1260.3094204936203,1219.9899961064564,1185.8261151905638,1153.9127006850738,1143.581410534832,1146.8569295549285,1180.4500035814883,1218.752258839597,1228.5806599519508,1207.0575648595398,1327.497497364208,1243.1094503650224,1129.0271891922016,1575.8204116375061,1976.3768586509395,1819.0151601077207,1699.4890406559307,1600.8211308370878,1500.155212884808,1574.2216676678129,1484.5349641086073,1508.8219560744249,1531.727881574086,1553.8868129562782,1417.848098055323,1219.9899961064564,1037.5978507917432,1274.111940339769,1236.9738923951766,1325.0976106899236,1450.9697960689127,1523.4403235494963,1586.9166857712698,1533.9689886756653,1315.2436743116152,1450.2943587591928,1449.3558335676632,1372.4887456197634,1399.9336082110822,1426.3643105690496,1477.1259886074913,1481.3568673417826,1475.5625044768603,1396.486963253705,1279.771520783282,1305.6339326564023,1376.5127895745786,1320.8037910128364,1365.3352055347552,1321.6558291153278,1482.2826439882047,1466.4307237872813,1739.1967285217236,1768.0710997305148,1524.7479212927558,1358.9087686061507,1356.5578120302791,1357.9397604669823,1378.5550934166774,1372.600018111379,1391.591651795039,1474.1545786286347,1506.9873547213413,1442.3908758563423,1499.0446323094088,1529.1425727399048,1524.7479212927558,1523.4403235494963,1535.7258249399385,1508.8219560744249,1529.6855777319872,1502.0905858577355,1562.7836814120892,1677.4862446463776,1778.7391727858455,1730.8690510276108,1715.372115802248,1672.4996889342708,1770.6750053722324,1650.3936838452878,1702.6080312500785,1684.8511842831076,1710.4294677577293,1657.4792671533633,1784.388087848884,1626.6533281419418,1648.2983001148834,1586.6299634419765,1626.7445564857983,1720.2853943323928,1854.2902139592545,1828.1283882593957,1794.751580746475,1835.7333798905502,1838.0734578889032,1890.562289096805,1932.4744447568844,1880.8179106641203,1704.6250405864353,1729.9074571103731,1712.5131622759109,1624.7139835361488,1721.4895885563371,1845.3940452596232,1842.8709899279263,1785.4393146880693,1940.1886499938423,2020.0528568431616,1888.3636150396078,1880.8179106641203,1828.148594252119,1918.3798648889353,1810.6705666801506,1768.0710997305148,1717.5547552110654,1777.347044141079,1841.8471727112997,1805.5569407690616,1836.0311540468044,1968.256629744619,1916.7205770007142,1829.9849941596847,1773.7982306392182,1729.9074571103731,1712.5131622759109,1672.4996889342708,1667.3856300588523,1693.0500129046736,1739.465451048637,1708.9923355802985,1710.4294677577293,1760.0357968084777,1759.1818994390117,1677.4862446463776,1729.329751319572,1729.9074571103731,1715.372115802248,1811.0782345888247,1770.6750053722324,1878.909732377712,1842.8709899279263,1961.4685428967523,1889.1310539413728,1812.8679484489912,1995.4899157815655,2134.9824931862986,1989.2233082321704,2019.3472261988793,2144.21514475281,2102.571037517369,2262.5291735311857,2183.5977970876115,2252.3978765785764,2263.2329341116374,2144.4190342037205,2356.7283329836887,2589.9358591143896,2507.079441998768,2438.849043575259,2641.4984906515815,2430.1104973865176,2317.606711808918,2458.2871324584494,2533.9890715039955,2624.043526214042,2665.5854557314838,2652.9526908863168,2588.7754303851593,2517.4680674360065,2638.228366580212,2470.4710733136744,2500.14418481766,2573.0581737033717,2862.3637533475094,2656.012508058349,2742.1925823890933,2866.688206554552,3118.2320425538114,3165.570955253111,3237.264193658913,3255.799336275186,2846.643324248398,2865.746445043862,2740.5426641270506,2620.707399142323
DUMBO,Brooklyn,neighborhood,,,2788.0,2738.0,2775.0,,,,,,,,,,,,,,,3450.0,3500.0,,,,,3725.0,3500.0,2863.0,2500.0,,,,,,,,,,,,2650.0,2750.0,2700.0,2650.0,2650.0,3038.0,,,,,,2750.0,2700.0,,2900.0,3500.0,3150.0,,,,2940.0,2958.0,2815.0,3195.0,2961.0,2961.0,3500.0,3455.0,,,,,2904.0,2878.0,2875.0,,3162.0,3348.0,2825.0,3426.0,,3347.0,3347.0,3486.0,3486.0,3125.0,3121.0,2840.0,2855.0,3200.0,3100.0,3050.0,2850.0,,,,,3023.0,3495.0,3300.0,3112.0,3038.0,3185.0,3200.0,3000.0,2995.0,,,,3050.0,3158.0,3095.0,3083.0,3095.0,3275.0,3291.0,,,,,3500.0,3278.0,,3081.0,3025.0,3000.0,2995.0,2995.0,3195.0,3148.0,3148.0,2895.0,2895.0,2900.0,3073.0,3195.0,3448.0,3400.0,3400.0,,,,,,3445.0,3473.0,3555.0,3598.0,3698.0,3823.0,,3648.0,,3548.0,,,3540.0,3495.0,3795.0,4130.0,3723.0,3723.0,,3910.0,,3975.0,3898.0,3850.0,3750.0,,3873.0,3950.0,4103.0,4227.0,4142.0,4045.0,4088.0,3921.0,3921.0,3920.0,3721.0,3850.0,3792.0,3823.0,4042.0,4500.0,4275.0,4000.0,2804.412442318757,2830.1139452207854,2787.9367138976895,2758.6273510547544,2839.886885106135,2832.216962225228,2864.6696793686633,2845.241263854376,2927.1104267736964,2963.220616045659,3019.424073041314,3083.6367256106787,3153.455167384972,3228.0352746779404,3224.9267942324423,3294.635295087307,3392.5135222078693,3374.556380523676,3404.607419982652,3373.2241787964253,3466.966664537373,3501.5390279606204,3559.8464440782654,3627.5144005161224,3701.663481970238,3781.2677352752603,3499.92055188017,2884.5690672278165,2558.45665324877,2523.384793471945,2524.7088797228184,2481.0308271582403,2525.932855591515,2531.084276205667,2553.371753064494,2582.171529940981,2615.3057209572335,2651.962941854126,2624.9404139101275,2657.370211251612,2711.964052443697,2761.9137042976517,2699.6887030699445,2591.0272677711673,2624.989046006868,3000.7547438489037,2964.8860355972183,2935.941503801494,2911.0364447885518,2888.9900602935277,2797.9364869030614,2770.717755807368,2763.133185508672,2812.1303171030636,2899.6656440380884,3422.111485735504,3120.269998083636,3059.5252860671426,3019.424073041314,2986.337508540439,2957.3072383131794,3002.681868709858,2814.936101012194,3219.0702653834696,3030.2360601078435,2973.8278103364896,3499.5964669425207,3378.112909490333,3313.2314570127446,3194.9444682204294,3098.157167096973,3007.9928214678666,2921.0953129460795,2921.473434126765,2874.9347390444254,3041.2405621471057,3235.9359750290446,3362.5043934503774,2824.6742911750343,3349.758271465668,3354.5378884159472,3305.966467301607,3318.887478643441,3478.8212380190375,3506.5214397141986,3172.204475902064,3120.9291549765744,2861.395791451973,2921.757498010096,3213.8632195463583,3099.6425850062324,2982.1257232837966,2823.101426837575,2849.2353963484356,2894.680707396454,2947.717203918713,3005.9921601956144,3068.6637218086207,3494.920665377484,3324.8613069688417,3184.7668419640695,3051.161394056824,3184.6327849176937,3128.787644101032,2971.685712460606,2958.281915018916,2983.478548362251,3016.275729177436,3054.1238443293846,3096.0715684804145,3157.9283150964507,3118.31689244502,3155.088744786384,3108.4083326549935,3274.6224083533584,3217.7625427301555,3301.344714162902,3333.2280969692265,3387.7045658910824,3451.07848689542,3520.6038551347374,3327.515607042229,3179.4278270580003,3104.211420233637,3095.732550431012,3012.996768324711,2994.654690997957,2928.34968565081,3164.845283770545,3109.406166437245,3121.5589431638937,2889.038291470199,2912.0423316043043,2943.8057536371157,3072.930244550789,3219.0702653834696,3528.623416160704,3414.7296707680057,3399.6079964584487,3331.6699678982086,3382.7689026843227,3380.5408528054227,3401.190335149986,3430.421114655893,3465.2800802683346,3525.461166338518,3554.919303409715,3625.106358325422,3784.4690814855812,3839.5622151017897,3735.06931493251,3566.817914275177,3564.04173114442,3504.502248576666,3515.5549470024544,3535.371210333365,3560.839327764849,3547.7934858488684,3794.913855538641,4161.114302357975,3810.053648018069,3739.128989490966,3816.0599760246087,3822.987402635949,3905.2903071253127,3926.267316260498,3865.2594537652026,3842.0716484145996,3772.075559072933,3869.0743551682294,3872.912084980542,3979.7582310687653,4198.939059311882,4245.312446569517,4141.522447450263,3954.9831313714612,4049.417064179652,3872.9293451716762,3888.066269423643,3911.9274965675927,3742.9048414161025,3908.155914311343,3791.9139236370297,3851.8014474369343,4136.512716972612,4519.495152487067,4274.507113194079,3910.98455512629
Ditmas Park,Brooklyn,neighborhood,,,,,,,,,,,,,,,,,,,,,,,,,,,,,,,,,,,,,,,,,,,,,,,,,,,,,,,,1275.0,1275.0,1350.0,1400.0,1350.0,1425.0,1513.0,,,1338.0,1313.0,1338.0,1550.0,1550.0,,,,,,,1573.0,,1575.0,1500.0,1500.0,,,,1500.0,1425.0,1438.0,1475.0,1450.0,1475.0,1575.0,1575.0,1750.0,1525.0,1562.0,1475.0,1500.0,1563.0,1550.0,1525.0,1500.0,1499.0,1500.0,1475.0,1600.0,1599.0,1528.0,1575.0,1649.0,1650.0,1575.0,1573.0,1575.0,1697.0,1723.0,1575.0,1550.0,1673.0,1600.0,1398.0,1599.0,1800.0,1750.0,,,1700.0,1663.0,1600.0,1600.0,1600.0,1550.0,1575.0,1505.0,1585.0,1450.0,1595.0,1649.0,1647.0,1625.0,1575.0,1649.0,1600.0,1595.0,1638.0,1650.0,1750.0,1738.0,1723.0,1685.0,1700.0,1800.0,2084.0,2100.0,,1991.0,1750.0,1625.0,,1800.0,1675.0,,,2297.0,2195.0,2350.0,2182.0,1762.0,1695.0,,2105.0,2100.0,2000.0,1975.0,1750.0,2200.0,1739.0,2298.0,2295.0,1781.0,1900.0,1925.0,1800.0,1975.0,2223.0,2297.0,2250.0,2250.0,2250.0,2240.0,1274.5125246539335,1276.5484518093015,1282.8131541090331,1284.019987046071,1282.8268639886958,1248.3376369854245,1280.9735594061851,1223.3603813682314,1243.9715802323333,1293.1334762073857,1312.6433705457325,1302.4845930325062,1274.5125246539335,1276.5484518093015,1282.8131541090331,1284.019987046071,1282.8268639886958,1248.3376369854245,1280.9735594061851,1223.3603813682314,1243.9715802323333,1293.1334762073857,1312.6433705457325,1302.4845930325062,1274.5125246539335,1276.5484518093015,1282.8131541090331,1284.019987046071,1282.8268639886958,1248.3376369854245,1280.9735594061851,1223.3603813682314,1243.9715802323333,1293.1334762073857,1312.6433705457325,1302.4845930325062,1274.5125246539335,1276.5484518093015,1282.8131541090331,1284.019987046071,1282.8268639886958,1248.3376369854245,1280.9735594061851,1223.3603813682314,1243.9715802323333,1293.1334762073857,1312.6433705457325,1302.4845930325062,1274.5125246539335,1276.5484518093015,1282.8131541090331,1284.019987046071,1282.8268639886958,1248.3376369854245,1280.9735594061851,1223.3603813682314,1243.9715802323333,1369.2001512784084,1441.333897069824,1379.1013337991242,1424.4551746132197,1514.8374961470377,1463.5808116423061,1406.2116930028735,1346.2136031504904,1285.5429940093038,1344.2687235180201,1487.222424408438,1512.2791759687188,1575.377062947104,1602.5279737217145,1593.4822712965754,1562.5452150995338,1568.3309550799986,1579.3334383585498,1584.1281879399762,1583.6623403280057,1542.0641398055245,1507.0277169484532,1439.247507492037,1463.4959767439216,1521.3335014204536,1544.286318289097,1532.3348153323602,1424.4551746132197,1439.7464107464905,1484.03874691045,1460.258024483767,1484.0546073594717,1542.0641398055245,1582.3791027958757,1679.122092074043,1487.88757635632,1584.2152861458324,1518.5482129842787,1532.3348153323602,1562.4024125757633,1551.8824316113075,1534.3451451108044,1510.6117494659659,1508.2019365639649,1468.6325141004995,1481.9105883326456,1535.1973413248393,1560.0867112090202,1549.731726780302,1621.5006342035517,1684.5467403220412,1649.369149552149,1576.91279341149,1582.6392873831444,1586.1423369392642,1707.417402501033,1686.9692145301071,1582.3791027958757,1487.222424408438,1632.2858460617203,1622.7557348484838,1439.2748486454384,1633.468913144296,1799.3117995114355,1752.1253260127667,1743.9551376122802,1728.8112243888277,1710.4358186515944,1628.2239139660871,1607.4962314116833,1535.1973413248393,1561.0623751935163,1572.0446181344687,1621.5006342035517,1537.4425980501346,1584.3940012364585,1451.760984410578,1604.7741025913003,1660.6658499129185,1657.110466658339,1591.0185569422079,1582.3791027958757,1582.2127599029125,1561.0623751935163,1617.6846231770824,1686.360659571694,1685.5682968655963,1749.3309161916734,1740.110752348679,1733.5584819842072,1696.9205319001017,1710.4358186515944,1762.3590169205995,2093.7638414137177,2014.9465104888516,1995.720680286461,2019.3166675520822,1801.6673713372797,1660.0293832767236,1711.8452537018518,1802.1860496131312,1685.264339711867,1895.6498998298464,2102.4945386523227,2248.9659232592317,2205.283892467903,2254.8210950708576,2128.898814170158,1787.059753001893,1745.0435396666796,1940.9574327543228,2104.1951877619845,2102.55039121532,2012.2559280141697,1988.972136796855,1760.7427544942884,2153.994354014066,1747.1474665155733,2204.9271814778003,2239.1488444182,1806.3299773532185,1956.0960031661896,1966.4963463431955,1799.3117995114355,1977.398582214408,2236.6224639877496,2313.2501256822156,2263.812112921228,2202.948771150749,2260.5415754226797,2149.276277854775
Douglaston,Queens,neighborhood,,,,,,,,,,,,,,,,,,,,,,,,,,,,,,,,,,,,,,,,,,,,,,,,,,,,,,,,,,,,,,,,,,,,,,,,,,,,,,,,,,,,,,,,,,,,,,,,,,,,,,,,,,,,,,,,,,,,,,,,,,,,,,,,,,,,,,,,,,,,,,,,,,,,,,,,,,,,,,,,,,,,,,,,,,,,,,,,,,,,,,,,,,,,,,,,,,,,,,,,,,,,,,,,,,,,,,,,,,,,,,,,,,,,,,,,,,,,,,,,,,,,,,,,,,,,,,,,,,,,,,,,,,,,,,,,,,,,,,,,,,,,,,,,,,,,,,,,,,,,,,,,,,,,,,,,,,,,,,,,,,,,,,,,,,,,,,,,,,,,,,,,,,,,,,,,,,,,,,,,,,,,,,,,,,,,,,,,
Downtown Brooklyn,Brooklyn,neighborhood,1731.0,1765.0,1783.0,1805.0,1805.0,1805.0,1849.0,1805.0,1805.0,1915.0,1985.0,,,1972.0,1750.0,1842.0,1925.0,1944.0,1950.0,1983.0,1971.0,1879.0,1857.0,2000.0,2050.0,1999.0,1898.0,2095.0,2038.0,2100.0,2205.0,2200.0,2300.0,2200.0,2365.0,2450.0,2450.0,2415.0,2270.0,2270.0,2340.0,2380.0,2278.0,2255.0,2225.0,2250.0,2225.0,2415.0,2350.0,2352.0,2350.0,2350.0,2400.0,2400.0,2405.0,2405.0,2440.0,2443.0,2418.0,2458.0,2488.0,2570.0,2540.0,2535.0,2617.0,2690.0,2645.0,2595.0,2523.0,2505.0,2498.0,2495.0,2455.0,2471.0,2495.0,2532.0,2550.0,2575.0,2569.0,2540.0,2550.0,2505.0,2421.0,2435.0,2390.0,2446.0,2495.0,2520.0,2520.0,2525.0,2570.0,2580.0,2525.0,2400.0,2391.0,2400.0,2415.0,2429.0,2495.0,2542.0,2586.0,2625.0,2673.0,2721.0,2629.0,2670.0,2625.0,2625.0,2640.0,2650.0,2676.0,2710.0,2780.0,2795.0,2805.0,2813.0,2700.0,2738.0,2723.0,2665.0,2700.0,2792.0,2677.0,2677.0,2595.0,2485.0,2400.0,2284.0,2195.0,2160.0,2128.0,2144.0,2300.0,2400.0,2434.0,2595.0,2650.0,2750.0,2885.0,3053.0,2995.0,3000.0,3000.0,3026.0,3164.0,3095.0,3217.0,3300.0,3321.0,3302.0,3349.0,3402.0,3297.0,3230.0,3250.0,3250.0,3211.0,3282.0,3297.0,3341.0,3441.0,3489.0,3501.0,3523.0,3438.0,3422.0,3425.0,3425.0,3387.0,3400.0,3411.0,3381.0,3418.0,3495.0,3558.0,3540.0,3503.0,3503.0,3495.0,3457.0,3535.0,3455.0,3525.0,3493.0,3495.0,3510.0,3570.0,3575.0,1737.4720496625343,1768.3957317263232,1812.7540499592194,1803.8122372303724,1786.3479692826736,1774.3217306316128,1815.4834437918726,1778.5683910869536,1809.878398650893,1940.8898852130176,2018.3434818836429,1994.8278421274372,1983.7226617464212,1975.793984682328,1779.2033580642928,1840.7878897386959,1905.1079450798595,1910.9592489461802,1914.6526313651443,1953.9618390722599,1976.327049163939,1904.4031824100573,1888.1933732281736,2014.2994030233294,2057.664761298784,2002.8459307200678,1929.673127774873,2093.621405538853,2016.9402556222096,2064.3078306517377,2165.030283159048,2167.7841885824364,2306.216242048229,2229.742949069785,2404.726616954567,2467.5167687035787,2459.160324479035,2419.6462844867256,2307.8809273176826,2268.506248483626,2315.8195280451278,2339.548874738636,2236.707022692204,2221.9787932969975,2231.013538503178,2280.4189251850075,2262.3749356126477,2432.26652915067,2358.786433683972,2356.5250770653324,2389.21593797205,2348.4536052583794,2375.199515943721,2359.208949316272,2361.404912017011,2369.7822607003454,2446.594621998991,2476.028192989766,2458.6168963197224,2475.573966315672,2497.3024029811586,2574.944493221898,2582.3865882761734,2533.331867799997,2589.9571388436325,2644.280030691988,2597.0544666465676,2556.9999860779194,2529.818947255514,2538.866403372642,2539.9607142293903,2512.8385052716035,2464.179019018788,2475.754024416852,2536.6356447830917,2530.3338419209435,2523.6494856902036,2531.2346018705834,2522.4321076805413,2502.8053813633583,2556.8919205317325,2538.866403372642,2461.667289491335,2452.4095231809033,2398.935990001997,2450.70592623376,2536.6356447830917,2518.3417384047307,2493.959491740907,2482.0844154264946,2523.413980824831,2542.2196393375843,2531.824352683382,2432.4468535306746,2431.163357775209,2417.159283627995,2424.029462700763,2433.673219469257,2536.6356447830917,2540.3272615177875,2559.2774784293592,2580.3847883146723,2624.546914686682,2681.154898696732,2636.1054349325195,2706.0971245528754,2669.0940251609886,2643.76796646812,2649.870716989654,2655.0984074077937,2720.6561063885983,2708.21671074477,2751.2727726348103,2747.495422224575,2754.154169732938,2771.8076920374515,2707.297327621834,2775.016452069578,2768.740202100332,2684.0539545285865,2710.0950514666915,2797.371605087759,2721.6727940217784,2675.2384260751837,2568.1844766141485,2442.7642662712233,2356.4955462955622,2250.554130328311,2200.9324570851577,2189.2021681776073,2163.745556397175,2159.328960041009,2308.5994882864406,2404.61742557687,2474.6176991591365,2593.2923853810616,2622.6161321878585,2703.260254424895,2832.7040212761235,3008.2932398828084,3003.094628232368,3040.5585669133434,3050.3931716125585,3047.634996774297,3175.829904755782,3100.9545550668386,3270.68411593876,3297.8284669585755,3286.682330187124,3245.8783127676375,3288.293160226599,3352.182640707931,3305.9108478404396,3273.6680570433664,3304.592602580272,3273.23652991291,3223.0056334294613,3288.3143294763695,3352.0191265931276,3338.801487305637,3405.4423059843098,3429.7000100685304,3437.5378781586514,3471.4107710799653,3447.2919305051355,3468.26380532582,3482.532204257671,3449.4877276774514,3399.6636812287716,3406.541352900566,3467.9215167756015,3378.7751656930136,3382.6799772898494,3435.598032441821,3493.504647383171,3488.1618307190115,3512.4676069108464,3550.3588866324803,3553.708044928631,3481.7165181258247,3548.2170396054644,3461.647168903369,3583.8239069580754,3490.701465177668,3458.884295093044,3450.3430883750475,3505.287125114649,3522.6493064464594
Dyker Heights,Brooklyn,neighborhood,,,,,,,,,,,,,,,,,,,,,,,,,,,,,,,,,,,,,,,,,,,,,,,,,,,,,,,,,,,,,,,,,,,,,,,,,,,,,,,,,,,,,,,,,,,,,,,,,,,,,,,,,,,,,,,,,,,,,,,,,,,,,,,,,,,,,,,,,,,,,,,,,,,,,,,,,,,,,,,,,,,,,,,,,,,,,,,,,,,,,,,,,,,,,,,,,,,,,,,,,,,,,,,,,,,,,,,,,,,,,,,,,,,,,,,,,,,,,,,,,,,,,,,,,,,,,,,,,,,,,,,,,,,,,,,,,,,,,,,,,,,,,,,,,,,,,,,,,,,,,,,,,,,,,,,,,,,,,,,,,,,,,,,,,,,,,,,,,,,,,,,,,,,,,,,,,,,,,,,,,,,,,,,,,,,,,,,,
East Brooklyn,Brooklyn,submarket,1500.0,,1225.0,1213.0,1275.0,1000.0,1100.0,1100.0,1650.0,1650.0,1375.0,1200.0,1250.0,1250.0,1300.0,1325.0,1400.0,1550.0,1675.0,1500.0,1550.0,1650.0,1600.0,1500.0,1500.0,1500.0,1200.0,1900.0,1725.0,1550.0,1338.0,1350.0,1540.0,1550.0,1575.0,1800.0,1588.0,1500.0,1550.0,1575.0,1600.0,1825.0,1625.0,1600.0,1550.0,1500.0,1650.0,1400.0,1400.0,1600.0,1425.0,1400.0,1500.0,1650.0,1550.0,1600.0,1550.0,1550.0,1575.0,1500.0,1500.0,1600.0,1550.0,1550.0,1650.0,1650.0,1695.0,1685.0,1695.0,1623.0,1599.0,1600.0,1600.0,1600.0,1625.0,1650.0,1750.0,1800.0,1800.0,1830.0,1800.0,1800.0,1699.0,1663.0,1699.0,1695.0,1699.0,1700.0,1700.0,1750.0,1821.0,1800.0,1895.0,1900.0,1800.0,1740.0,1845.0,1895.0,1895.0,1850.0,1800.0,1800.0,1900.0,1999.0,1976.0,1971.0,1970.0,1971.0,1988.0,1999.0,1917.0,1925.0,1948.0,1850.0,1995.0,1950.0,1900.0,2100.0,1925.0,1950.0,2188.0,2159.0,1999.0,1930.0,1896.0,1900.0,1850.0,1850.0,1798.0,1750.0,1700.0,1750.0,1800.0,1775.0,1750.0,1750.0,1775.0,1900.0,2000.0,2099.0,2099.0,2075.0,2050.0,2000.0,1900.0,1975.0,1950.0,2100.0,2177.0,2250.0,2298.0,2550.0,2490.0,2450.0,2375.0,2222.0,2350.0,2349.0,2492.0,2499.0,2450.0,2499.0,2500.0,2595.0,2500.0,2500.0,2497.0,2497.0,2500.0,2497.0,2500.0,2500.0,2600.0,2500.0,2650.0,2663.0,2721.0,2699.0,2701.0,2795.0,2795.0,2795.0,2652.0,2700.0,2700.0,2750.0,2750.0,2699.0,1529.0070032907074,1379.0816035324253,1280.6068751658315,1225.4166292075133,1276.3086469789973,983.0647920962728,1094.1792444648236,1088.1635386842554,1590.8855244986935,1594.4591327143391,1370.3333207745327,1228.55979821695,1274.1725027422563,1265.2124803049774,1359.0113777270049,1338.5630945589078,1401.4369457024284,1523.7504277492228,1666.1365767987086,1483.8593709330753,1494.468219983621,1594.4591327143391,1594.56968235582,1535.6997477711875,1529.0070032907074,1518.2549763659729,1254.4720409787737,1919.4489657825848,1726.770522383349,1523.7504277492228,1330.919844630849,1335.473433839768,1484.826489532114,1497.825245883167,1569.6545310690103,1842.839697325425,1618.7087474837624,1518.2549763659729,1620.3597195975829,1591.1221690039847,1601.642223659918,1794.0932455756977,1616.401156595762,1582.7833289952805,1494.468219983621,1449.508302467581,1644.3999849294394,1433.3197645864418,1427.073203071327,1619.471974790371,1489.6855486622937,1414.330816892431,1501.5395846811732,1622.05690695885,1541.7980262913422,1582.7833289952805,1494.468219983621,1497.825245883167,1569.6545310690103,1535.6997477711875,1529.0070032907074,1619.471974790371,1620.3597195975829,1565.8662615594772,1651.6935431492905,1622.05690695885,1686.0307448798872,1666.8686933481547,1634.2733115304761,1568.3679832699227,1593.5730763043475,1638.0797309559334,1630.940803510088,1619.471974790371,1698.7642221587562,1666.8898913375078,1751.7961821280355,1769.516625773291,1790.475127306075,1810.308432538352,1735.511481271302,1739.4099629610973,1693.2336814515863,1702.5791203623232,1731.8552657272746,1715.6281232935494,1776.1233313524472,1717.4017062265232,1701.7448626386629,1720.3633861684773,1811.3640037913124,1780.6312451196904,1827.1079205606209,1836.0438497922694,1793.8908926502975,1781.4117074145774,1880.6786140475701,1918.0621201423457,1981.0204313789802,1868.9371508935694,1801.847501617408,1769.516625773291,1889.9459677119678,1977.4899216634785,1905.2059372178294,1904.6539094424015,1963.3139214006032,2017.9094685713403,2026.4439483612844,2023.3277985037198,2004.019085463591,1944.7048732270925,1949.9994073059502,1818.6698653781045,1984.4432660975663,1929.017182212998,1831.9287857863744,2029.3116234546135,1918.4666490843458,1996.4096721025437,2230.3115488000453,2185.274995982757,2089.7413415971405,1949.756054715994,1897.946035037003,1867.8231049829183,1840.2105475090214,1830.093224150793,1733.5831351810007,1691.0930195455112,1694.2302875030587,1791.649705733052,1834.808403948849,1796.601722033068,1829.438393094045,1767.9135211155387,1776.8218418727217,1867.8231049829183,1989.416808117861,2076.4138797256833,2023.7992217713684,2005.1531517468204,2043.0424055183944,2047.5996636949167,1936.7422041682296,1999.0357188818643,2038.5170665905073,2121.4962253386466,2179.234450567276,2211.8957822166135,2285.8399125274223,2522.560930586228,2400.7908824253013,2367.5302273637158,2366.9393722469204,2274.8832263650525,2395.4443051554417,2377.5872929891134,2605.1202717659203,2524.5805081529893,2452.5146549792494,2456.6789154485855,2486.7710101473263,2567.0767117142204,2410.4326128768084,2415.847170779302,2488.5253105265515,2556.4281801231036,2548.3450054845125,2527.3884506572226,2613.4834187057786,2525.5907444507693,2602.668613447367,2457.6619802406817,2635.9772707561656,2634.34500319652,2623.514855855118,2608.1486055733344,2691.8329450269184,2861.5205300136463,2849.049716131685,2829.0151059619293,2772.38321056309,2727.638004006831,2702.771252426112,2703.42817826475,2735.448111162059,2669.9576280989136
East Elmhurst,Queens,neighborhood,,,,,,,,,,,,,,,,,,,,,,,,,,,,,,,,,,,,,,,,,,,,,,,,,,,,,,,,,,,,,,,,,,,,,,,,,,,,,,,,,,,,,,,,,,,,,,,,,,,,,,,,,,,,,,,,,,,,,,,,,,,,,,,,,,,,,,,,,,,,,,,,,,,,,,,,,,,,,,,,,,,,,,,,,,,,,,,,,,,,,,,,,,,,,,,,,,,,,,,,,,,,,,,,,,,,,,,,,,,,,,,,,,,,,,,,,,,,,,,,,,,,,,,,,,,,,,,,,,,,,,,,,,,,,,,,,,,,,,,,,,,,,,,,,,,,,,,,,,,,,,,,,,,,,,,,,,,,,,,,,,,,,,,,,,,,,,,,,,,,,,,,,,,,,,,,,,,,,,,,,,,,,,,,,,,,,,,,
East Flatbush,Brooklyn,neighborhood,,,,,,,,,,,,,,,,,,,,,,,,,,,,,,,,,,,,,,,,,,,,,,,,,,,,,,,,,,1200.0,,1200.0,1238.0,1050.0,1100.0,1238.0,,1260.0,1250.0,1198.0,1225.0,1195.0,1195.0,1195.0,1195.0,1223.0,1195.0,1195.0,1195.0,1400.0,1400.0,1375.0,1375.0,,,1350.0,,,,,1400.0,1375.0,1425.0,,,,,,1450.0,1450.0,1400.0,1483.0,1495.0,1469.0,,1525.0,1450.0,1400.0,,,,1413.0,1400.0,,,,1500.0,1555.0,1538.0,1500.0,1486.0,1588.0,1500.0,1995.0,2059.0,,1938.0,1600.0,1600.0,1692.0,1750.0,1650.0,1600.0,1600.0,1675.0,1599.0,1591.0,1581.0,1581.0,1800.0,1813.0,1530.0,1630.0,1413.0,1419.0,1449.0,1475.0,1734.0,1450.0,,1550.0,1939.0,1485.0,1600.0,,1663.0,1873.0,,,2000.0,1766.0,,2199.0,2250.0,2375.0,2295.0,2350.0,2363.0,2350.0,2350.0,2299.0,1929.0,1750.0,1900.0,2225.0,2139.0,2250.0,2900.0,2350.0,2275.0,2250.0,2075.0,2495.0,2363.0,2000.0,2400.0,2250.0,2195.0,2195.0,2541.0,1201.3896801606127,1199.2170982648904,1239.6402904078093,1212.1093781145833,1191.8602408888532,1169.6964193734505,1183.2027638891047,1172.9425662805584,1188.0540094260873,1215.2600239351664,1214.1875876627944,1216.227962747896,1201.3896801606127,1199.2170982648904,1239.6402904078093,1212.1093781145833,1191.8602408888532,1169.6964193734505,1183.2027638891047,1172.9425662805584,1188.0540094260873,1215.2600239351664,1214.1875876627944,1216.227962747896,1201.3896801606127,1199.2170982648904,1239.6402904078093,1212.1093781145833,1191.8602408888532,1169.6964193734505,1183.2027638891047,1172.9425662805584,1188.0540094260873,1215.2600239351664,1214.1875876627944,1216.227962747896,1201.3896801606127,1199.2170982648904,1239.6402904078093,1212.1093781145833,1191.8602408888532,1169.6964193734505,1183.2027638891047,1172.9425662805584,1188.0540094260873,1215.2600239351664,1214.1875876627944,1216.227962747896,1201.3896801606127,1199.2170982648904,1239.6402904078093,1212.1093781145833,1191.8602408888532,1169.6964193734505,1183.2027638891047,1172.9425662805584,1188.0540094260873,1215.2600239351664,1214.1875876627944,1216.227962747896,1239.433686699032,1049.314960981779,1136.3369328738252,1250.4928417548786,1240.5278673918149,1228.1812403421231,1232.5028790511508,1170.9876620034242,1212.805134622464,1210.1964405021033,1209.1284727141992,1211.1603462364465,1196.38388982661,1222.2020926483008,1234.4751225311102,1207.0589223724392,1186.8941565518164,1364.645822602359,1380.403224537289,1343.9966905298065,1361.3118858007251,1384.0461383706063,1374.3928943683018,1368.256458091383,1361.5749708486942,1369.1061871857498,1425.5863339689806,1404.026696316059,1390.5036143703287,1340.2771471987453,1405.053282118312,1396.9420147021929,1419.0645112589375,1455.7802370056681,1458.7114768448848,1465.385774560833,1451.6791968607401,1449.0539937367425,1446.2470054757775,1497.9651731199392,1484.8592167740296,1431.9033667163324,1476.0454479516582,1490.6145113148764,1435.5652613898556,1417.8033612576942,1419.84061032318,1425.520524670763,1411.3825846720197,1412.0781332069084,1446.2470054757775,1439.3798865110678,1440.1644577406978,1437.7518488131996,1479.003454861381,1519.9380754718902,1522.689222081102,1519.075029918958,1503.568962722427,1609.4750040363824,1501.7371002007658,1993.6984258653802,2127.0161316247327,2018.6671601349956,1924.854289035498,1559.5952258312673,1577.603685185473,1653.8490184555874,1732.5787637463773,1670.982532910854,1618.9167835503924,1621.6372836638614,1676.939761890855,1597.9567834379664,1643.5564183656873,1596.9541056659637,1570.2758673710641,1754.5446290601758,1787.6221757757892,1495.501772007712,1613.7733628037686,1430.9686781836585,1435.7768224112542,1468.5952650180843,1476.7081485307529,1732.8687069927666,1497.8986842427696,1515.1367226432292,1539.4861444814355,1890.0344643042672,1464.213420312767,1563.9234217074113,1615.258430315551,1684.147849836818,1895.144459743678,1941.2349649859473,1959.9337754397993,1998.6951637748173,1824.3372940501595,2002.5057017601346,2184.083891428824,2193.1807863252197,2341.7554701971867,2243.252658011568,2326.605768459421,2393.049530465665,2377.7840258396386,2381.7797603812965,2301.6623955743735,1927.7414854608112,1807.808756844722,1919.173182014757,2209.9075299814153,2084.9838675331757,2218.5051822920714,2834.611201844683,2326.605768459421,2303.930462043753,2276.601726867739,2103.06085225157,2497.8893766672736,2361.4583359999465,2066.067150679682,2424.2187562291665,2234.7379516665997,2139.56970043727,2164.2750556138208,2483.7058840990826
East Harlem,Manhattan,neighborhood,1400.0,1400.0,1400.0,,,,,,,,,,,1075.0,,1525.0,1550.0,1725.0,1695.0,1743.0,1699.0,1717.0,1699.0,1673.0,1673.0,1700.0,1650.0,1650.0,1697.0,1650.0,1719.0,1746.0,1700.0,1700.0,1700.0,1700.0,1650.0,1675.0,1699.0,1699.0,1746.0,1746.0,1719.0,1746.0,1738.0,1650.0,1630.0,1669.0,1738.0,1669.0,1600.0,1649.0,1650.0,1740.0,1741.0,1795.0,1681.0,1650.0,1738.0,1749.0,1760.0,1746.0,1693.0,1649.0,1650.0,1746.0,1650.0,1650.0,1700.0,1795.0,1811.0,1795.0,1750.0,1750.0,1750.0,1750.0,1772.0,1691.0,1650.0,1750.0,1724.0,1741.0,1793.0,1800.0,1849.0,1813.0,1800.0,1849.0,1825.0,1800.0,1800.0,1795.0,1763.0,1825.0,1725.0,1785.0,1795.0,1850.0,1850.0,1750.0,1850.0,1725.0,1738.0,1825.0,1795.0,1846.0,1750.0,1700.0,1795.0,1828.0,1795.0,1825.0,1800.0,1850.0,1850.0,1823.0,1900.0,1848.0,1846.0,1738.0,1798.0,1800.0,1850.0,1863.0,1800.0,1750.0,1750.0,1722.0,1650.0,1625.0,1600.0,1615.0,1628.0,1600.0,1618.0,1700.0,1750.0,1700.0,1795.0,1800.0,1700.0,1750.0,1785.0,1650.0,1750.0,1873.0,1914.0,1948.0,1945.0,2100.0,2050.0,2148.0,2000.0,2328.0,1995.0,2000.0,2246.0,2195.0,2395.0,2245.0,2395.0,2455.0,2250.0,2295.0,2295.0,2295.0,2350.0,2350.0,2250.0,2273.0,2314.0,2180.0,2250.0,2250.0,2513.0,2300.0,2500.0,2500.0,2338.0,2531.0,2295.0,2325.0,2400.0,2350.0,2500.0,2500.0,2500.0,2595.0,1420.6947985222291,1422.4174027370511,1402.8239017153887,1369.4280179373188,1326.3712158933997,1289.903881333524,1268.0804299150386,1232.1768182387618,1223.5616216566477,1182.902179170569,1177.9037203360997,1156.1098899287526,1120.8728442886418,1092.21336281595,1302.6221944500037,1523.8577115023895,1533.195202100506,1696.7713101077031,1676.8340153025458,1715.029120587425,1700.1593417948766,1702.2075015614885,1719.831455418857,1705.4821887261592,1697.730284234064,1727.2211318949908,1653.328169878851,1648.7640812976674,1678.6014567513284,1622.9986444508465,1700.576797820104,1717.9809779378338,1701.1600241620306,1685.3539619420678,1720.8437164285208,1733.0064081497135,1674.3902982583415,1701.820821131829,1702.4270064388895,1697.7273782574164,1727.0702083016024,1717.427656491623,1700.576797820104,1717.9809779378338,1739.1859541138879,1635.784727767301,1649.9854457520523,1701.4045265893362,1763.691114165453,1695.7247465486703,1603.2273162461586,1647.764830339305,1632.1110215908614,1711.5258432390747,1722.3410151278656,1766.1946479945084,1682.147059186102,1635.784727767301,1759.3096347957467,1782.9577693257934,1786.0163181422308,1773.9577036992082,1696.4149040029665,1647.764830339305,1632.1110215908614,1717.427656491623,1632.3162980821241,1623.521542724757,1701.1600241620306,1779.5355068741246,1833.2046885012066,1829.8508838992561,1775.8684981527863,1778.021753421314,1753.5298771442358,1748.6891771338896,1752.7883213690948,1663.3277016765949,1632.3162980821241,1721.9167877383786,1725.1764009737299,1726.0007339653764,1814.9839903272575,1834.9479615702849,1876.331916048287,1842.0305365444813,1803.6307307769282,1847.6150220117497,1805.213705698983,1770.54397576456,1780.7086888168628,1766.1946479945084,1764.2030132927412,1809.2770473789847,1746.1502416701167,1819.6567285571991,1821.5336881052867,1879.6229964739605,1853.7315844096208,1748.6891771338896,1829.9426605715719,1696.7713101077031,1719.3731673131708,1795.7132214985947,1796.2248490416735,1830.0961257323866,1771.4567669117127,1733.0064081497135,1821.5336881052867,1857.2707230023782,1798.620645413659,1823.6329990110564,1780.4847508263942,1819.725752869131,1830.1728190617757,1793.7453165983225,1901.2964975928578,1832.0788950993772,1868.633823839441,1771.7441984495306,1824.57803410212,1828.8223749476372,1853.7315844096208,1861.6045354288208,1780.4847508263942,1721.3621986599887,1731.24455857195,1694.3661191345645,1651.1259058043238,1611.0001106799177,1619.6176154621373,1646.3560877422278,1652.0650942815637,1625.6198888423442,1621.2636235539278,1698.7266292157785,1731.0268410812166,1672.1804215554178,1775.7622757923716,1771.1144102451894,1701.1600241620306,1734.9231961168346,1806.8859022499469,1682.0356314394278,1775.8684981527863,1902.9912823760692,1917.8606770594672,1946.5408668896098,1923.9126890874093,2065.6346383919868,2028.029340041427,2113.5298628925925,2001.3647343082714,2307.9435431771376,2019.4607142793525,2038.8310684114276,2279.200369629233,2230.147285005591,2399.8308890059684,2243.31840152319,2369.033876794008,2414.8252558344416,2225.8858610210787,2258.1708730626165,2296.5660326187412,2275.2278486217915,2378.813372710014,2395.6265053834272,2283.259497625011,2309.3962545866552,2318.6675061210067,2178.3670892296454,2225.6059385329927,2213.1799697057,2486.06718610932,2263.0906353132978,2501.705917885339,2478.461708738335,2366.6662405940483,2580.1407170746616,2328.924687577511,2362.2289009740316,2404.8409743692378,2348.239752151223,2472.895487258881,2459.0888552285555,2473.206512245643,2553.3566081034814
East New York,Brooklyn,neighborhood,,,,,,,,,,,,,,,,,,,,,,,,,,,,,,,,,,,,,,,,,,,,,,,,,,,,,,,,,,,,,,,,,,,,,,,,,,,,,,,,,,,,,,,,,,,,,,,,,,,,,,,,,,,,,,,,,,,,,,,,,,,,,,,,,,,,,,,,,,,,1500.0,,,,,,,,,1838.0,2025.0,1900.0,,,,,,,,,,2200.0,,,,,,,,,,,2343.0,2175.0,2216.0,2850.0,3050.0,3050.0,3050.0,3053.0,,2838.0,3125.0,2166.0,2170.0,2400.0,2200.0,3325.0,2750.0,1499.7932901012935,1491.4019737597146,1506.4420055909864,1508.4852597141776,1518.2374333086113,1510.8908452254902,1497.6505115443156,1493.9417570293178,1494.138084412809,1492.8054272106333,1491.8106184442975,1494.973029276248,1499.7932901012935,1491.4019737597146,1506.4420055909864,1508.4852597141776,1518.2374333086113,1510.8908452254902,1497.6505115443156,1493.9417570293178,1494.138084412809,1492.8054272106333,1491.8106184442975,1494.973029276248,1499.7932901012935,1491.4019737597146,1506.4420055909864,1508.4852597141776,1518.2374333086113,1510.8908452254902,1497.6505115443156,1493.9417570293178,1494.138084412809,1492.8054272106333,1491.8106184442975,1494.973029276248,1499.7932901012935,1491.4019737597146,1506.4420055909864,1508.4852597141776,1518.2374333086113,1510.8908452254902,1497.6505115443156,1493.9417570293178,1494.138084412809,1492.8054272106333,1491.8106184442975,1494.973029276248,1499.7932901012935,1491.4019737597146,1506.4420055909864,1508.4852597141776,1518.2374333086113,1510.8908452254902,1497.6505115443156,1493.9417570293178,1494.138084412809,1492.8054272106333,1491.8106184442975,1494.973029276248,1499.7932901012935,1491.4019737597146,1506.4420055909864,1508.4852597141776,1518.2374333086113,1510.8908452254902,1497.6505115443156,1493.9417570293178,1494.138084412809,1492.8054272106333,1491.8106184442975,1494.973029276248,1499.7932901012935,1491.4019737597146,1506.4420055909864,1508.4852597141776,1518.2374333086113,1510.8908452254902,1497.6505115443156,1493.9417570293178,1494.138084412809,1492.8054272106333,1491.8106184442975,1494.973029276248,1499.7932901012935,1491.4019737597146,1506.4420055909864,1508.4852597141776,1518.2374333086113,1510.8908452254902,1497.6505115443156,1493.9417570293178,1494.138084412809,1492.8054272106333,1491.8106184442975,1494.973029276248,1499.7932901012935,1491.4019737597146,1506.4420055909864,1508.4852597141776,1518.2374333086113,1510.8908452254902,1497.6505115443156,1493.9417570293178,1494.138084412809,1492.8054272106333,1491.8106184442975,1494.973029276248,1499.7932901012935,1491.4019737597146,1506.4420055909864,1508.4852597141776,1518.2374333086113,1510.8908452254902,1497.6505115443156,1493.9417570293178,1494.138084412809,1492.8054272106333,1491.8106184442975,1494.973029276248,1499.7932901012935,1491.4019737597146,1506.4420055909864,1508.4852597141776,1518.2374333086113,1510.8908452254902,1497.6505115443156,1493.9417570293178,1494.138084412809,1492.8054272106333,1491.8106184442975,1494.973029276248,1499.7932901012935,1491.4019737597146,1506.4420055909864,1508.4852597141776,1518.2374333086113,1510.8908452254902,1497.6505115443156,1493.9417570293178,1531.5468749707002,1567.5562767509584,1603.8621715630024,1644.6918096896916,1687.5451908621221,1715.4436924845072,1770.4599156078957,1810.6292702524838,1860.3469349474851,2039.7026410544117,1897.0239812894665,1922.2050607110557,1952.3404302994038,1980.4552000994404,2008.9716328383206,2043.1298066775391,2079.713362273794,2097.9054430886654,2149.1905946431407,2182.27534238651,2226.748235519297,2229.0676269893397,2222.5133591317644,2229.9570626590953,2243.199310731764,2254.1361950880564,2265.5630592107395,2283.322140047923,2303.682493595587,2303.718915467506,2340.006582017999,2356.2539756735455,2201.4442782974866,2232.0894086797907,2845.5359719341996,3037.68157262628,3038.0807716393783,3035.3710353282877,3036.331878740293,2935.628705155459,2837.608904871647,3107.0874453327388,2175.3022560733843,2182.27534238651,2429.179893293778,2215.9732396640525,3319.7919672565663,2738.8932212204163
East Tremont,Bronx,neighborhood,,,,,,,,,,,,,,,,,,,,,,,,,,,,,,,,,,,,,,,,,,,,,,,,,,,,,,,,,,,,,,,,,,,,,,,,,,,,,,,,,,,,,,,,,,,,,,,,,,,,,,,,,,,,,,,,,,,,,,,,,,,,,,,,,,,,,,,,,,,,,,,,,,,,,,,,,,,,,,,,,,,,,,,,,,,,,,,,,,,,,,,,,,,,,,,,,,,,,,,,,,,,,,,,,,,,,,,,,,,,,,,,,,,,,,,,,,,,,,,,,,,,,,,,,,,,,,,,,,,,,,,,,,,,,,,,,,,,,,,,,,,,,,,,,,,,,,,,,,,,,,,,,,,,,,,,,,,,,,,,,,,,,,,,,,,,,,,,,,,,,,,,,,,,,,,,,,,,,,,,,,,,,,,,,,,,,,,,
East Village,Manhattan,neighborhood,1640.0,1713.0,1750.0,1800.0,1819.0,1875.0,1795.0,1895.0,1850.0,1900.0,1913.0,1988.0,1938.0,1913.0,1797.0,1850.0,1938.0,1900.0,1773.0,1895.0,1850.0,1795.0,1955.0,1950.0,1898.0,1995.0,2000.0,2000.0,2000.0,1995.0,1995.0,1998.0,1975.0,1995.0,1995.0,1998.0,2000.0,2000.0,2000.0,2050.0,2100.0,2100.0,2100.0,2150.0,2198.0,2395.0,2050.0,2050.0,2175.0,2195.0,2100.0,2150.0,2100.0,2075.0,2100.0,2150.0,2100.0,2150.0,2148.0,2095.0,2035.0,2050.0,2035.0,2100.0,2100.0,2123.0,2100.0,2195.0,2195.0,2100.0,2100.0,2195.0,2188.0,2156.0,2235.0,2300.0,2350.0,2300.0,2300.0,2275.0,2250.0,2295.0,2315.0,2350.0,2300.0,2300.0,2300.0,2245.0,2200.0,2250.0,2250.0,2200.0,2200.0,2240.0,2200.0,2150.0,2100.0,2199.0,2200.0,2285.0,2250.0,2295.0,2278.0,2295.0,2213.0,2152.0,2196.0,2200.0,2350.0,2275.0,2175.0,2295.0,2335.0,2388.0,2379.0,2300.0,2395.0,2300.0,2300.0,2300.0,2350.0,2375.0,2350.0,2300.0,2200.0,2199.0,2100.0,2006.0,1958.0,1975.0,1932.0,1900.0,1900.0,1900.0,1918.0,1975.0,2025.0,2150.0,2250.0,2300.0,2395.0,2450.0,2495.0,2495.0,2450.0,2504.0,2508.0,2598.0,2697.0,2745.0,2750.0,2725.0,2699.0,2699.0,2699.0,2699.0,2600.0,2799.0,2695.0,2700.0,2700.0,2700.0,2700.0,2750.0,2750.0,2749.0,2600.0,2600.0,2600.0,2672.0,2650.0,2750.0,2800.0,2795.0,2850.0,2850.0,2800.0,2799.0,2725.0,2725.0,2800.0,2895.0,2850.0,2900.0,2995.0,3098.0,3200.0,3200.0,1659.4826434919773,1713.7177176742557,1775.9242801438356,1794.4304266223824,1806.3397449507709,1853.2904914060005,1788.5580649749163,1876.2901752655193,1846.1464143214741,1890.8561154018387,1927.5695699884648,2004.048746558982,1961.0227823703976,1913.801514250351,1823.6205322391272,1844.275716250782,1924.5115039662417,1878.0010312914137,1766.6370190532182,1876.2901752655193,1846.1464143214741,1786.361435340158,1969.8894455449288,1965.7419797736493,1920.547595943764,1995.8358708465498,2029.6277487358122,1993.8115851359805,1986.0799834532938,1971.9010828559844,1987.8403006267176,1978.2732296467059,1970.886036910763,1985.3989211719306,2010.1940889320374,2014.1294746603853,2023.7593213316798,2000.8379657609523,2029.6277487358122,2043.6568747643798,2085.3839826259587,2075.6853503747207,2092.4634743439133,2128.7724943645735,2193.4215236100545,2383.4738928354755,2065.6129735893114,2066.5492607876827,2200.8382619482018,2195.919667422645,2131.109136172603,2143.347454021179,2085.3839826259587,2050.9748104893074,2092.4634743439133,2128.7724943645735,2095.625659500052,2139.652972691554,2164.3593498877276,2111.9125372439976,2059.175109454984,2050.8589149049762,2065.146234338689,2093.5021643927794,2085.3839826259587,2098.4190470693006,2092.4634743439133,2173.328197734995,2190.427772667911,2089.893601233611,2115.993777823197,2212.719818258031,2213.9926975368576,2156.9033270903064,2268.1090092122704,2292.8833229063775,2333.64398055762,2273.369669458027,2291.7457099957146,2252.538337060188,2245.3132066071985,2283.9551499195895,2332.6312360289053,2368.9711038297824,2327.3232195314317,2300.963660625095,2334.071911046184,2238.053504315138,2184.6879817986232,2223.9485896872006,2241.9251510827644,2178.2788314428194,2195.417357571483,2229.219841315852,2216.7553862909685,2167.356541801716,2124.9472873982636,2199.921343354167,2232.5905236093936,2277.9297360178575,2234.3399813849555,2268.4275614809444,2269.8246640740167,2272.3408718914866,2208.390278320769,2141.643347549872,2212.724921952258,2217.7601823087325,2377.9172025647235,2275.9531860530833,2207.220176750196,2287.8987939435374,2318.7483806817204,2360.3507698546823,2370.462193078176,2277.291505599311,2390.0111688107736,2288.9310870653835,2317.5169947587397,2318.567463322766,2377.9172025647235,2375.9950843411307,2384.812604764579,2292.8833229063775,2184.6879817986232,2173.5390883209575,2092.4634743439133,1986.1942435792253,1953.9214482386196,1965.4951725887533,1946.7142755973414,1915.3383392666326,1922.5713552650957,1900.7960674729047,1946.4130110376439,1968.8889403217806,2010.90598324646,2125.106430145547,2241.9251510827644,2277.291505599311,2390.0111688107736,2438.209201439213,2514.0021312708936,2515.1416613001306,2479.1051686313076,2505.049133132712,2545.1531969147086,2589.9612490916384,2678.228857686767,2713.217279418385,2740.1307402122675,2698.095370764401,2693.3779309479237,2686.01087129977,2719.555812545147,2720.7885145687587,2630.8871177311835,2800.172733082453,2734.923391421507,2691.6456399335734,2681.2079776619466,2668.7383076246406,2690.3101812993173,2722.8485393035244,2744.2716969643534,2735.770242757713,2619.8018201620534,2620.9893063648656,2630.8871177311835,2673.119522256632,2689.2567670749513,2741.490929561973,2780.5119768346112,2762.6383591892113,2839.771858038168,2821.8612134600157,2794.1675460000693,2785.5296142156562,2745.7538307467676,2746.998407632407,2833.2630498643516,2896.2129554389785,2892.2195419485324,2891.0267984471716,2974.154775221308,3062.130102600421,3188.5157704288204,3168.405573007737
Eastchester,Bronx,neighborhood,,,,,,,,,,,,,,,,,,,,,,,,,,,,,,,,,,,,,,,,,,,,,,,,,,,,,,,,,,,,,,,,,,,,,,,,,,,,,,,,,,,,,,,,,,,,,,,,,,,,,,,,,,,,,,,,,,,,,,,,,,,,,,,,,,,,,,,,,,,,,,,,,,,,,,,,,,,,,,,,,,,,,,,,,,,,,,,,,,,,,,,,,,,,,,,,,,,,,,,,,,,,,,,,,,,,,,,,,,,,,,,,,,,,,,,,,,,,,,,,,,,,,,,,,,,,,,,,,,,,,,,,,,,,,,,,,,,,,,,,,,,,,,,,,,,,,,,,,,,,,,,,,,,,,,,,,,,,,,,,,,,,,,,,,,,,,,,,,,,,,,,,,,,,,,,,,,,,,,,,,,,,,,,,,,,,,,,,
Edenwald,Bronx,neighborhood,,,,,,,,,,,,,,,,,,,,,,,,,,,,,,,,,,,,,,,,,,,,,,,,,,,,,,,,,,,,,,,,,,,,,,,,,,,,,,,,,,,,,,,,,,,,,,,,,,,,,,,,,,,,,,,,,,,,,,,,,,,,,,,,,,,,,,,,,,,,,,,,,,,,,,,,,,,,,,,,,,,,,,,,,,,,,,,,,,,,,,,,,,,,,,,,,,,,,,,,,,,,,,,,,,,,,,,,,,,,,,,,,,,,,,,,,,,,,,,,,,,,,,,,,,,,,,,,,,,,,,,,,,,,,,,,,,,,,,,,,,,,,,,,,,,,,,,,,,,,,,,,,,,,,,,,,,,,,,,,,,,,,,,,,,,,,,,,,,,,,,,,,,,,,,,,,,,,,,,,,,,,,,,,,,,,,,,,
Elmhurst,Queens,neighborhood,,,,,,,,,,,,,,,,,,,,,,,,,,,,,,,,,,,,,,,,,,,,,,,,,,,,,1425.0,,,,,,1338.0,1375.0,1400.0,,1550.0,1538.0,,1525.0,1488.0,1525.0,1550.0,1437.0,,,,,1385.0,1463.0,1463.0,1425.0,1550.0,1523.0,1400.0,1475.0,1613.0,1600.0,1383.0,1520.0,1500.0,1463.0,1550.0,1400.0,1400.0,1550.0,1375.0,1470.0,1450.0,1450.0,1523.0,1650.0,1600.0,1506.0,1519.0,1470.0,1512.0,1575.0,1550.0,1525.0,1525.0,1500.0,1498.0,1499.0,1575.0,1575.0,1550.0,1688.0,1530.0,1650.0,1627.0,1673.0,1725.0,1600.0,1600.0,1638.0,1700.0,,1573.0,1600.0,1574.0,1600.0,1550.0,1550.0,1525.0,1535.0,1535.0,1500.0,1500.0,1500.0,1513.0,1455.0,1400.0,1495.0,1500.0,1598.0,1600.0,1725.0,1699.0,1650.0,1639.0,1650.0,1600.0,1630.0,1650.0,1700.0,1598.0,1685.0,1700.0,1700.0,1695.0,1799.0,1700.0,1690.0,1700.0,1800.0,1800.0,1850.0,1748.0,1750.0,1800.0,1775.0,1875.0,1873.0,1895.0,1950.0,1950.0,1950.0,1998.0,1850.0,1850.0,1900.0,1825.0,1950.0,1973.0,1950.0,1895.0,1800.0,1875.0,1900.0,1995.0,1995.0,1431.0916675466972,1411.2056818135152,1411.6717686464744,1418.9493317153067,1422.0408649090812,1427.8811563392267,1433.7847059148828,1410.5134711590645,1448.422073833745,1432.936625630209,1427.719937875379,1424.7376393491631,1431.0916675466972,1411.2056818135152,1411.6717686464744,1418.9493317153067,1422.0408649090812,1427.8811563392267,1433.7847059148828,1410.5134711590645,1448.422073833745,1432.936625630209,1427.719937875379,1424.7376393491631,1431.0916675466972,1411.2056818135152,1411.6717686464744,1418.9493317153067,1422.0408649090812,1427.8811563392267,1433.7847059148828,1410.5134711590645,1448.422073833745,1432.936625630209,1427.719937875379,1424.7376393491631,1431.0916675466972,1411.2056818135152,1411.6717686464744,1418.9493317153067,1422.0408649090812,1427.8811563392267,1433.7847059148828,1410.5134711590645,1448.422073833745,1432.936625630209,1427.719937875379,1424.7376393491631,1431.0916675466972,1411.2056818135152,1411.6717686464744,1418.9493317153067,1422.0408649090812,1413.35183930981,1404.6059294436325,1367.4556915131564,1389.4687543373539,1360.0328323963913,1340.5538785103558,1374.7468449860346,1405.9847961862288,1460.7216706490772,1535.502625545288,1531.469524335538,1528.3197084970232,1528.083342748997,1497.173082386909,1509.4968726439113,1575.4766417138978,1445.0034603723582,1429.3229918407126,1415.9392595412526,1411.8095903418575,1381.8922164228627,1372.0458944388542,1456.787980561048,1459.96195463999,1427.8811563392267,1559.5552941530302,1507.5172046142143,1423.0111602577142,1483.215103722497,1616.0787788020957,1599.705419620113,1388.9121236611104,1505.286060601083,1485.9702827857627,1456.787980561048,1546.781291655492,1402.8306097367843,1408.6305882672532,1534.242723015123,1397.6002466816835,1478.1872559132682,1452.767656083719,1449.7330365307273,1529.5106032797332,1634.0276315735439,1585.0349683048134,1499.6053989917557,1515.845665822382,1472.9721402236235,1521.3210353286333,1558.9885733863346,1575.4766417138978,1533.493581814785,1527.9108107087388,1499.7238308938558,1504.4037319192648,1484.489345290147,1560.2687969250508,1568.3124192642863,1546.781291655492,1691.4129065969225,1539.4320000349267,1633.2261244999695,1653.742255528072,1682.3178769679575,1728.2925563754588,1599.705419620113,1606.8397670699758,1622.143794253009,1684.0996538238644,1629.5512851593678,1569.7335301768314,1603.2349825563247,1583.7032470947547,1583.7344237575462,1575.4766417138978,1558.632820860929,1527.9108107087388,1534.717386948046,1541.561901532758,1485.4796650668582,1485.9702827857627,1493.6308754897964,1509.8581253385544,1457.9418122621578,1408.6305882672532,1479.8018521984573,1524.6548145618367,1606.9001598295256,1603.053965333759,1724.6824055279342,1706.2629776574306,1634.0276315735439,1623.6701956572433,1642.993963038776,1596.6774623540562,1633.2956384792558,1660.1717647435485,1682.7178252423928,1624.2655957798765,1694.3847117101068,1703.2448381671188,1699.68700834637,1702.2458782397557,1781.5852783035184,1684.0996538238644,1682.8241197185039,1696.4698037511846,1803.6393553758653,1811.0964706293255,1831.1929274696627,1776.7310772360604,1759.7467332300812,1803.4357110004787,1774.6731998910627,1883.015352035128,1854.8689417801502,1877.2757905860135,1941.7201381367354,1945.950657244006,1953.9426349905207,2010.3170823985513,1831.1929274696627,1880.4076046262653,1910.5821675069453,1828.4834292088187,1949.6409801620127,1981.4342877681638,1931.1235645869156,1877.2757905860135,1792.3570505877558,1871.1064011961596,1903.8415417856356,2007.2985882808357,1974.7188596226904
Financial District,Manhattan,neighborhood,2500.0,2400.0,2300.0,2300.0,2495.0,2500.0,2495.0,2499.0,2500.0,2640.0,2499.0,2499.0,2500.0,2500.0,2500.0,2500.0,2500.0,2575.0,2600.0,2535.0,2660.0,2700.0,2550.0,2500.0,2525.0,2525.0,2525.0,2625.0,2600.0,2630.0,2650.0,2669.0,2795.0,2695.0,2700.0,2655.0,2650.0,2675.0,2655.0,2650.0,2695.0,2745.0,2750.0,2750.0,2750.0,2750.0,2765.0,2733.0,2700.0,2705.0,2750.0,2750.0,2750.0,2725.0,2750.0,2795.0,2850.0,2895.0,2936.0,2950.0,2895.0,2900.0,2900.0,2946.0,2950.0,2950.0,2950.0,2935.0,2950.0,2925.0,2900.0,2910.0,2900.0,2895.0,2944.0,2956.0,2949.0,2948.0,2930.0,2950.0,2900.0,2850.0,2759.0,2722.0,2703.0,2768.0,2775.0,2780.0,2825.0,2850.0,2895.0,2995.0,2995.0,2907.0,2806.0,2800.0,2849.0,2865.0,2873.0,2850.0,2950.0,2925.0,3020.0,3050.0,3000.0,2990.0,2938.0,2935.0,2943.0,2995.0,3020.0,3095.0,3153.0,3150.0,3169.0,3150.0,3084.0,3100.0,3109.0,3095.0,3139.0,3050.0,2997.0,2950.0,2894.0,2725.0,2650.0,2500.0,2444.0,2490.0,2450.0,2392.0,2400.0,2495.0,2564.0,2700.0,2802.0,3000.0,3200.0,3275.0,3275.0,3285.0,3300.0,3436.0,3500.0,3545.0,3550.0,3600.0,3575.0,3564.0,3512.0,3575.0,3585.0,3526.0,3507.0,3500.0,3500.0,3550.0,3575.0,3600.0,3698.0,3770.0,3700.0,3665.0,3597.0,3555.0,3500.0,3600.0,3600.0,3650.0,3700.0,3869.0,3860.0,3928.0,3845.0,3750.0,3700.0,3625.0,3697.0,3700.0,3725.0,3840.0,3895.0,3895.0,3877.0,3850.0,3917.0,3948.0,2539.6326381954386,2422.345627792339,2319.0571173474764,2295.0888523104486,2475.5315334389074,2470.0733659560497,2461.0637072130244,2472.3831206151667,2477.6329546794555,2629.367259919954,2528.325291494106,2537.312180288785,2539.6326381954386,2523.27669561702,2520.7142579863876,2494.661795989618,2480.492518475859,2544.1755669347313,2564.6355265546545,2507.99968417745,2636.2014637789403,2689.1256067363165,2579.9237668307205,2538.3275112933025,2565.0289645773933,2548.50946257319,2545.921400566251,2619.3948857890987,2579.7122192148936,2598.5171809857643,2613.9554405268595,2640.5724485481715,2769.993643331631,2684.14574450162,2731.683988408998,2695.703816993487,2692.010596487165,2699.906064310211,2676.9985419815434,2644.341503748995,2673.970934916976,2712.1405558197425,2712.5952684712693,2720.7097165633086,2725.3962501474007,2738.9242290832854,2797.4467510929185,2774.899635345838,2742.803249251074,2730.1853846576155,2772.7856837850263,2744.12797558858,2728.5417703234452,2692.379968892094,2712.5952684712693,2765.230421016163,2824.501568334579,2883.3402338894953,2970.453403692155,2995.2264633260966,2940.894595030318,2927.000966915743,2924.0285392642095,2939.709460394166,2926.981171801514,2914.6865718281388,2909.8749243600887,2903.7392793139315,2923.606886521757,2913.2194072976763,2934.030950513368,2954.613223145404,2945.973860306709,2921.954413524509,2968.39311020477,2949.6881075781243,2925.9889747941234,2912.7105131353737,2890.1469587712068,2918.5795141315493,2874.054227428168,2838.521473777223,2791.376342229787,2763.7309942961474,2745.8508084169084,2793.7719573871645,2797.99282636489,2774.063917140455,2802.956545877721,2815.8836371898965,2855.6230189906632,2963.1002185844036,2968.2042797059876,2895.2919032527675,2838.9278783243144,2842.9268126484985,2894.165354487522,2891.675093177105,2896.8048252779563,2843.9144474281643,2926.981171801514,2889.985838168578,2978.9228039211757,3017.5144129156697,2973.1595456153464,2977.957616348736,2972.4768733131987,2979.996498258337,2989.6555416836704,3022.88548134919,3045.022823647556,3088.391303435147,3128.3971643017535,3112.2924411046224,3125.8961475583465,3116.44931169979,3056.408012892576,3087.5145855120672,3145.483525912435,3142.4494589811084,3188.762740518193,3078.397568652764,3021.832252474081,2943.700919267749,2871.4181393876547,2692.379968892094,2613.9554405268595,2473.372469603008,2422.1339764946356,2479.9713928790475,2478.7502857785353,2428.6717628054316,2438.047332667621,2518.230142225786,2585.244542990839,2694.2347396687874,2780.136014707743,2964.0880391472597,3156.474494221113,3240.1179351799406,3245.6991706300864,3271.769488195852,3338.724874722109,3488.6773315215146,3555.4856934736144,3578.006354384934,3579.41424634067,3592.31298622505,3547.104301420479,3521.3365905069445,3464.2307574076717,3536.9226315323012,3552.925657010339,3511.7988479082414,3548.153980500132,3553.658515810623,3555.4856934736144,3583.052907776168,3604.621388920534,3592.31298622505,3669.144533329491,3724.870635861723,3649.6736339431623,3625.9640404380098,3564.8182951928,3540.6820488694834,3541.071836826479,3655.191616262355,3657.070999001432,3683.983975600849,3730.6571018198533,3860.7385954735328,3829.8804485267265,3880.9792725901452,3792.7013844625562,3710.058704404512,3666.8967729255937,3610.40012015524,3740.3835944992834,3756.724716714087,3784.052630911204,3875.7530044677424,3927.272813942792,3886.6830781518247,3846.7477976523624,3803.9129835723165,3863.7220605825314,3905.9498039970704
Flatbush,Brooklyn,neighborhood,,,,,,,,,,,,,,,,,,,,,,,,,,,,,,,,,,,,,,,,,,,,,,,,,,,,,,,,,1363.0,1230.0,1275.0,1125.0,995.0,1223.0,1300.0,1297.0,1300.0,1388.0,1375.0,1349.0,1300.0,1300.0,1288.0,1300.0,1288.0,1350.0,1400.0,,1413.0,1400.0,1400.0,1425.0,1398.0,1512.0,1495.0,1495.0,1425.0,1545.0,1475.0,1475.0,1450.0,1460.0,1373.0,1375.0,1400.0,1375.0,1300.0,1350.0,1500.0,1450.0,1500.0,1500.0,1595.0,1554.0,1600.0,1940.0,1621.0,1575.0,1495.0,1500.0,1550.0,1595.0,1595.0,1475.0,1555.0,1595.0,1588.0,1695.0,1675.0,1750.0,1750.0,1698.0,1723.0,1700.0,1625.0,1800.0,2010.0,1914.0,1886.0,1800.0,1690.0,1650.0,1573.0,1550.0,1631.0,1649.0,1600.0,1550.0,1575.0,1741.0,1753.0,1775.0,1833.0,1650.0,1558.0,1550.0,1550.0,1950.0,1950.0,1930.0,2125.0,2400.0,2200.0,2150.0,2350.0,2335.0,2181.0,2150.0,2150.0,2100.0,2253.0,2310.0,2385.0,2439.0,2545.0,2499.0,2375.0,2400.0,2399.0,2501.0,2400.0,2256.0,2300.0,2200.0,2360.0,2450.0,2562.0,2425.0,2447.0,2395.0,2642.0,2600.0,2695.0,2350.0,2253.0,2440.0,2495.0,2571.0,2650.0,2652.0,1404.093812240229,1381.492833548541,1372.0367889362724,1380.1525891287831,1343.0293981781545,1319.669735384499,1332.2601986966542,1324.062444858869,1348.2248347595587,1368.218469594682,1387.3268267738229,1402.446942502253,1404.093812240229,1381.492833548541,1372.0367889362724,1380.1525891287831,1343.0293981781545,1319.669735384499,1332.2601986966542,1324.062444858869,1348.2248347595587,1368.218469594682,1387.3268267738229,1402.446942502253,1404.093812240229,1381.492833548541,1372.0367889362724,1380.1525891287831,1343.0293981781545,1319.669735384499,1332.2601986966542,1324.062444858869,1348.2248347595587,1368.218469594682,1387.3268267738229,1402.446942502253,1404.093812240229,1381.492833548541,1372.0367889362724,1380.1525891287831,1343.0293981781545,1319.669735384499,1332.2601986966542,1324.062444858869,1348.2248347595587,1368.218469594682,1387.3268267738229,1402.446942502253,1404.093812240229,1381.492833548541,1372.0367889362724,1380.1525891287831,1343.0293981781545,1319.669735384499,1332.2601986966542,1324.062444858869,1348.2248347595587,1234.709257227776,1297.7562025947354,1157.5589217278318,1024.998784430688,1239.5933495450224,1308.6190943632826,1313.3220162142566,1280.9524707495236,1343.8749763123146,1343.9895621481287,1310.46239039957,1285.907766094957,1304.9772637366739,1310.9882266211914,1337.6236428854945,1326.832597333393,1368.3164528910713,1409.2821016219966,1424.200012186085,1392.29680089929,1355.493491957666,1368.4257360053675,1384.2912574643346,1382.8454284621153,1517.788940592193,1521.6827630424543,1538.2671893183187,1467.9630832298799,1565.962162753115,1484.7793570660322,1493.5620461958586,1428.75467891293,1413.586070184423,1342.0346682395498,1335.7196343954106,1384.8237481022613,1380.2644135676358,1323.2024026456124,1389.0707060733982,1545.2242981367156,1469.673227179299,1509.9451088807107,1518.8766571483309,1571.6301468042232,1504.5977760730093,1563.915126863277,1884.578975074252,1603.428068338404,1581.030146450201,1521.6827630424543,1543.4118956371092,1596.7317747412728,1616.6405498972288,1605.574965776489,1493.5620461958586,1532.216224627315,1544.2943711946266,1552.1857634118026,1646.5780220365243,1656.8426986223485,1756.7001627224456,1781.2340035614013,1747.1422658612075,1774.9476437930407,1723.0651628998676,1635.7738679541033,1822.651988577997,1980.5495893896482,1853.153245433552,1843.464955790088,1748.5784304812648,1671.6800959234442,1656.317296281163,1601.074907201191,1594.8589588250127,1680.1738868406555,1671.3732080128716,1610.6081161394247,1569.505879053275,1551.923185715769,1685.652978213069,1713.464510869578,1724.2926189468028,1813.1299501938895,1656.317296281163,1585.8071871706647,1594.8589588250127,1596.7317747412728,1976.4570986204365,1962.928641544924,1954.2879655308523,2093.8646156482596,2323.7031290702844,2150.383299437006,2088.579791963733,2324.525577171653,2343.939931403949,2219.926492438524,2212.223717079856,2214.821493995959,2128.4922600527775,2267.9375535388276,2339.0700520084292,2350.0551097981647,2361.463304917677,2487.6024986669004,2427.6097209848226,2349.2545726734793,2409.1887945907824,2441.8173568821726,2573.38210065894,2472.358877018745,2286.6088279424125,2315.249166950423,2227.685763817552,2325.4214084375967,2372.1136109259155,2504.2190968898226,2355.7237188428153,2420.4740797187383,2404.1696512687186,2689.154421376699,2675.247285770989,2776.2529889856323,2381.8841957733466,2267.9375535388276,2470.7060289612846,2458.4433957846627,2489.2669770165426,2590.2344288673025,2576.23888757573
Flatiron,Manhattan,neighborhood,2500.0,2400.0,2188.0,2500.0,2500.0,2550.0,2400.0,2495.0,2588.0,2400.0,2650.0,2400.0,2500.0,2550.0,2688.0,2748.0,2600.0,2650.0,2625.0,2495.0,2625.0,2600.0,2600.0,2813.0,2600.0,2795.0,2600.0,2700.0,2700.0,2625.0,2800.0,2750.0,2990.0,2813.0,2598.0,2677.0,2673.0,2790.0,2893.0,2850.0,2795.0,2725.0,2995.0,3000.0,2893.0,3030.0,2889.0,2873.0,2995.0,3200.0,3027.0,3187.0,3198.0,2995.0,2995.0,2898.0,3015.0,3405.0,3475.0,3350.0,3497.0,3413.0,3500.0,3505.0,3513.0,3500.0,3395.0,3430.0,3250.0,3085.0,3000.0,3000.0,3100.0,3250.0,3050.0,3200.0,3250.0,3300.0,3240.0,3250.0,3150.0,3160.0,3168.0,3279.0,3250.0,3229.0,3298.0,3295.0,3275.0,3273.0,3216.0,3095.0,2995.0,3198.0,3250.0,3213.0,3350.0,3339.0,3175.0,3323.0,3293.0,3205.0,3275.0,3295.0,3431.0,3150.0,3198.0,3125.0,3093.0,3400.0,3329.0,3385.0,3363.0,3325.0,3461.0,3430.0,3350.0,3200.0,3200.0,3295.0,3320.0,3323.0,3309.0,3102.0,2993.0,2935.0,2822.0,2738.0,2660.0,2650.0,2633.0,2625.0,2658.0,2753.0,2710.0,2875.0,3100.0,3100.0,3100.0,3232.0,3458.0,3600.0,3974.0,3823.0,3717.0,3974.0,3967.0,3995.0,4000.0,4008.0,3995.0,3800.0,3861.0,3700.0,3974.0,3983.0,3983.0,4290.0,4065.0,4114.0,3985.0,4117.0,4125.0,4035.0,4000.0,3720.0,3800.0,4000.0,4192.0,4249.0,4304.0,4424.0,4326.0,4240.0,4184.0,4100.0,4150.0,4075.0,4199.0,4173.0,4258.0,4503.0,4707.0,4464.0,4385.0,4311.0,4246.0,4393.0,2518.978668651537,2337.78253163285,2169.039452701986,2443.116678256485,2466.6745784542204,2547.340923957058,2394.3232778346282,2524.7417298944124,2605.4671532892753,2456.329713027024,2681.3865552683255,2436.3187562013695,2518.978668651537,2483.893939859903,2664.7066036850724,2685.4738527395284,2565.341561592389,2647.2366464651777,2618.7910851316246,2524.7417298944124,2642.7168768873057,2661.023855779276,2630.7943561123193,2855.5686088310217,2619.7378153975988,2722.542573297423,2577.469185112049,2638.566012517004,2664.008544730558,2622.262715838148,2793.377157473733,2782.781465815485,3010.1803664354456,2879.023117810424,2628.770668146079,2717.510545979611,2693.2919925222236,2717.672193023188,2867.930135588138,2785.153013212393,2757.7421787118183,2722.1584383462678,2987.9159237977965,3035.761599071438,2912.5256856514193,3101.1162626966175,2923.217267234035,2916.4765777360562,3017.7364450445416,3117.0433755104664,3000.768932051605,3114.485141441367,3155.3701207586387,2991.8768891181917,2987.9159237977965,2932.545704703009,3035.349098596277,3484.91778035709,3516.1578413424268,3400.694930531078,3523.54736170977,3324.5215751928818,3469.670056881605,3425.249582915592,3466.1711176438703,3496.3502877841975,3386.969803436901,3470.8874282716774,3271.935180908093,3157.407151953487,3035.531949360369,3045.398445251712,3123.533549127906,3165.7471782528173,3023.5696209968273,3127.189348168301,3206.6769519904865,3296.5588427679572,3232.336425076748,3288.741732327391,3171.260252264767,3234.1674554855813,3205.521738524549,3328.6205006601213,3274.672269246998,3145.2915811010303,3269.420527884438,3220.027781942047,3231.3436977750284,3269.586997690765,3208.393192298402,3131.8940497087,3015.2141128676117,3273.0593426085093,3288.492945140399,3261.6217348645832,3375.4314159930595,3252.439947134202,3147.4864087425985,3247.39068873852,3249.1037547398987,3201.6579063852437,3267.25363954517,3334.2781563134627,3454.156801752513,3223.9327483479688,3235.877058018153,3172.2900471372,3116.4804088556816,3311.8585864798706,3300.1518912453894,3307.9799823592807,3318.1706429366172,3321.5327733949875,3452.8136935773537,3470.8874282716774,3372.610109551419,3275.106284036032,3237.9007459843933,3344.8626257014635,3345.203671969241,3236.85473025665,3280.3252052060657,3031.419174380647,2953.1028053253926,2931.9394556133198,2815.3251208538836,2770.638419419199,2677.9531019124697,2712.197391467339,2664.1852075552833,2664.7236395952477,2678.1781205103143,2681.631378993848,2686.5159583283285,2809.5841799949576,3058.676477283233,3096.7673977517175,3092.6675672030615,3270.5271627329626,3481.3390324862107,3684.494569540536,4021.0679889193684,3880.852752065765,3745.2174845511054,3870.9782419620606,3932.6231758998074,3904.100451853863,3946.679325526752,4003.8205581254465,3985.5506228955583,3845.298025490488,3887.0589949188143,3786.841640916662,4021.0679889193684,4043.2740024791897,4013.236814895629,4178.786275293719,4029.7739374924927,4020.3928057388716,3931.879278056027,4112.7068956592975,4115.243133778267,4083.099350751084,4026.9971457330375,3807.311055191887,3845.007135856467,4060.531260335616,4223.823431594898,4138.849157044991,4266.702835662408,4323.3392738426755,4268.333690557182,4235.578634344285,4174.103581025035,4148.874185397632,4178.0095386980265,4170.643158577134,4248.732885121396,4236.149237345131,4290.3244684472975,4386.264474976135,4666.210559354776,4362.42914069478,4326.547210608702,4306.50459732505,4235.956932369097,4445.366901573609
Flatlands,Brooklyn,neighborhood,,,,,,,,,,,,,,,,,,,,,,,,,,,,,,,,,,,,,,,,,,,,,,,,,,,,,,,,,,,,,,,,,,,,,,,,,,,,,,,,,,,,,,,,,,,,,,,,,,,,,,,,,,,,,,,,,,,,,,,,,,,,,,,,,,,,,,,,,,,,,,,,,,,,,,,,,,,,,,,,,,,,,,,,,,,,,,,,,,,,,,,,,,,,,,,,,,,,,,,,,,,,,,,,,,,,,,,,,,,,,,,,,,,,,,,,,,,,,,,,,,,,,,,,,,,,,,,,,,,,,,,,,,,,,,,,,,,,,,,,,,,,,,,,,,,,,,,,,,,,,,,,,,,,,,,,,,,,,,,,,,,,,,,,,,,,,,,,,,,,,,,,,,,,,,,,,,,,,,,,,,,,,,,,,,,,,,,,
Floral Park,Queens,neighborhood,,,,,,,,,,,,,,,,,,,,,,,,,,,,,,,,,,,,,,,,,,,,,,,,,,,,,,,,,,,,,,,,,,,,,,,,,,,,,,,,,,,,,,,,,,,,,,,,,,,,,,,,,,,,,,,,,,,,,,,,,,,,,,,,,,,,,,,,,,,,,,,,,,,,,,,,,,,,,,,,,,,,,,,,,,,,,,,,,,,,,,,,,,,,,,,,,,,,,,,,,,,,,,,,,,,,,,,,,,,,,,,,,,,,,,,,,,,,,,,,,,,,,,,,,,,,,,,,,,,,,,,,,,,,,,,,,,,,,,,,,,,,,,,,,,,,,,,,,,,,,,,,,,,,,,,,,,,,,,,,,,,,,,,,,,,,,,,,,,,,,,,,,,,,,,,,,,,,,,,,,,,,,,,,,,,,,,,,
Flushing,Queens,neighborhood,,,,,,,,,,,,,,,,,,,,1100.0,1100.0,,,,,,,,,,,,,,,,,,,,,,,,,,,,,,,,1325.0,,,,,,,,,1350.0,1375.0,1350.0,,,,,1350.0,1325.0,1350.0,1350.0,1395.0,1400.0,1400.0,1400.0,1450.0,1425.0,1450.0,1500.0,1650.0,,,1500.0,1498.0,1588.0,1430.0,1428.0,1438.0,1700.0,1700.0,1495.0,1450.0,1450.0,1583.0,1558.0,,1495.0,1550.0,1550.0,1691.0,1475.0,1513.0,1625.0,1548.0,1523.0,1573.0,1585.0,1575.0,1595.0,1575.0,1595.0,1600.0,1736.0,1732.0,1627.0,1604.0,1605.0,1600.0,1599.0,1600.0,1550.0,1475.0,1563.0,1600.0,1650.0,1595.0,1598.0,1600.0,1573.0,1500.0,1515.0,1500.0,1500.0,1495.0,1548.0,1595.0,1500.0,1600.0,1500.0,1500.0,1595.0,1550.0,1475.0,1525.0,1550.0,1588.0,1600.0,1595.0,1650.0,1650.0,1625.0,1625.0,1675.0,1700.0,1650.0,1675.0,1685.0,1690.0,1675.0,1725.0,1723.0,1725.0,1748.0,1800.0,1825.0,1725.0,1750.0,1725.0,1750.0,,,1858.0,1858.0,1825.0,1800.0,1895.0,1897.0,1825.0,1800.0,1795.0,1750.0,1800.0,1850.0,1780.0,1800.0,2000.0,2095.0,1109.879489601712,1109.7730457754833,1113.62224998642,1107.8105336201395,1091.46239436913,1085.669397838056,1084.7775354588462,1099.1168163131301,1094.4476004701098,1094.390046934925,1100.1615094076924,1109.9006192588256,1109.879489601712,1109.7730457754833,1113.62224998642,1107.8105336201395,1091.46239436913,1085.669397838056,1084.7775354588462,1099.1168163131301,1094.4476004701098,1101.3854378599353,1114.226074158643,1131.1842248838173,1138.2570901881195,1145.2416445396145,1156.3321942330583,1157.378760621609,1147.2758122630057,1148.1262310943648,1154.1170086060736,1176.3984674601472,1178.3967061879878,1185.3301289600574,1198.6134626643466,1216.3186473837839,1223.3898919473418,1230.3662815735295,1241.7520827263347,1242.352864052699,1230.9959391038196,1231.402008769443,1237.3243763827466,1260.705723256893,1262.3458119058655,1269.2748200601793,1283.0008511700503,1301.4530698837507,1308.522693706564,1315.4909186074444,1327.1719712196114,1327.3269674837893,1314.7160659446336,1310.4797276934112,1312.1425239514833,1332.262807652279,1329.3669086518255,1332.0606126834189,1341.8636592018067,1356.5452013163422,1359.322102163713,1361.9941925426385,1392.027812483025,1359.585654897444,1339.522029453023,1332.4124428012508,1331.3178844267659,1348.9160927479325,1343.185691486044,1318.2425565352507,1350.198216091259,1362.1507599994677,1407.5289890858076,1412.4384218960697,1417.3374090736254,1409.940679152905,1438.7458834865802,1406.435356290209,1429.9340240139336,1498.795658608814,1641.6714007051648,1591.840068268982,1550.2275814381119,1513.5008444438529,1511.4540685666952,1602.1087242649705,1447.708924982346,1438.139492735963,1426.8390210025534,1677.852705749723,1676.474372981853,1493.7996730801178,1442.6809278924177,1442.6050618687648,1583.2324267203428,1572.022877095682,1540.2100371609213,1508.2824576675887,1569.1949886172283,1561.0057519192876,1677.8753717074533,1455.783965282848,1492.0621919538494,1623.695296826215,1540.1862595706639,1515.2327649835372,1573.230958453,1599.2658922956714,1589.1456328388151,1609.1709163744508,1594.5045852078288,1606.3252737492023,1587.5816645369162,1713.3837042244231,1708.031537649747,1625.6936910376935,1595.903591958233,1596.8145684823226,1600.2349227748252,1613.3919001771474,1614.3701666933994,1563.7711099563628,1493.2661988454267,1574.0980582257073,1587.5816645369162,1628.5040967570842,1572.9274264153269,1596.7169749712564,1591.9237825019782,1564.977767116943,1500.2202401013988,1528.6358528882915,1513.472031275062,1513.3268806029319,1513.513876117907,1558.991550949069,1582.6204718352383,1480.4582697791675,1577.8582333946854,1498.795658608814,1492.4285460956044,1586.8655680556412,1550.2275814381119,1488.2758303697888,1538.6965651296464,1563.7711099563628,1607.6655754349408,1611.3607761747485,1582.6204718352383,1628.5040967570842,1627.1663031882692,1623.695296826215,1616.7975916035714,1666.4575714690905,1700.249605448252,1664.8509288882383,1690.0437682571526,1699.9705292106266,1710.9287295245908,1686.8933125579397,1711.6114820788628,1700.553065886337,1701.1284078786452,1746.5965408321379,1790.9142553147253,1815.6925778693076,1725.2532761166085,1765.7509851844952,1740.4928359663213,1765.548027370087,1808.1175804324964,1834.9370838689947,1843.5792079434939,1833.794310166462,1799.744547465813,1798.5547903305767,1885.4347299007802,1887.3253809414116,1825.267958790035,1816.2010133326235,1811.1215307591574,1765.548027370087,1822.2909545232328,1863.1358974520529,1766.1846017973191,1776.549923735001,1972.3227917433567,2093.3179365236433
Fordham,Bronx,neighborhood,,,,,,,,,,,,,,,,,,,,,,,,,,,,,,,,,,,,,,,,,,,,,,,,,,,,,,,,,,,,,,,,,,,,,,,,,,,,,,,,,,,,,,,,,,,,,,,,,,,,,,,,,,,,,,,,,,,,,,,,,,,,,,,,,,,,,,,,,,,,,,,,,,,,,,,,,,,,,,,,,,,,,,,,,,,,,,,,,,,,,,,,,,,,,,,,,,,,,,,,,,,,,,,,,,,,,,,,,,,,,,,,,,,,,,,,,,,,,,,,,,,,,,,,,,,,,,,,,,,,,,,,,,,,,,,,,,,,,,,,,,,,,,,,,,,,,,,,,,,,,,,,,,,,,,,,,,,,,,,,,,,,,,,,,,,,,,,,,,,,,,,,,,,,,,,,,,,,,,,,,,,,,,,,,,,,,,,,
Forest Hills,Queens,neighborhood,,,1213.0,1225.0,1225.0,1250.0,1238.0,,1300.0,,,,,,1250.0,1450.0,1475.0,1500.0,1550.0,1450.0,,1550.0,1550.0,1495.0,1550.0,1550.0,1595.0,1438.0,1525.0,1563.0,1563.0,1550.0,1525.0,1550.0,1550.0,1573.0,1550.0,1513.0,1525.0,1425.0,1425.0,1375.0,1450.0,1495.0,1575.0,1625.0,1625.0,1498.0,1450.0,1450.0,1450.0,1500.0,1600.0,1565.0,1473.0,1450.0,1450.0,1475.0,1450.0,1450.0,1565.0,1438.0,1425.0,1450.0,1475.0,1475.0,1500.0,1500.0,1530.0,1550.0,1600.0,1500.0,1550.0,1500.0,1500.0,1475.0,1573.0,1600.0,1563.0,1550.0,1550.0,1550.0,1550.0,1563.0,1538.0,1538.0,1525.0,1550.0,1550.0,1550.0,1550.0,1550.0,1550.0,1550.0,1575.0,1550.0,1550.0,1550.0,1550.0,1550.0,1554.0,1600.0,1600.0,1600.0,1575.0,1550.0,1575.0,1575.0,1600.0,1595.0,1613.0,1650.0,1650.0,1650.0,1650.0,1638.0,1650.0,1629.0,1620.0,1625.0,1650.0,1675.0,1625.0,1625.0,1600.0,1625.0,1646.0,1625.0,1575.0,1575.0,1590.0,1550.0,1575.0,1595.0,1550.0,1595.0,1595.0,1595.0,1575.0,1600.0,1650.0,1637.0,1650.0,1650.0,1625.0,1625.0,1625.0,1675.0,1700.0,1700.0,1750.0,1775.0,1850.0,1725.0,1750.0,1773.0,1787.0,1848.0,1700.0,1750.0,1900.0,1800.0,1850.0,1831.0,1850.0,1850.0,1858.0,1800.0,1850.0,1800.0,1850.0,1825.0,2200.0,2100.0,2023.0,2095.0,1880.0,2000.0,2000.0,1975.0,1975.0,1950.0,1900.0,1985.0,1975.0,2150.0,2300.0,2400.0,1216.3829169722947,1231.3584695630898,1240.549328520337,1244.7737634844652,1204.3393544894152,1237.226325470367,1227.4279701995092,1262.3364659100034,1291.884743943885,1281.878549047101,1271.0809007988844,1286.7679091332202,1270.1992537770595,1277.3779122288165,1278.3896625312625,1473.40567922651,1450.1228962219488,1484.6715905644405,1536.7636137392885,1442.3860327576872,1490.636243012175,1538.2542588565211,1535.2016074583928,1508.7984503169914,1554.3227710692966,1573.458885261986,1631.2252093898908,1461.211977053601,1499.2796045684556,1547.027797368147,1549.6525988867793,1541.8609315685621,1515.4801803957112,1538.2542588565211,1535.2016074583928,1587.518369463965,1554.3227710692966,1535.8988989686354,1559.6353882881401,1448.0021330329496,1400.966187875442,1360.9489580174038,1437.6175741432053,1487.149737222581,1565.1680551627837,1612.685916543127,1609.4855562063797,1511.826139514952,1454.0438826132129,1471.9454087934707,1482.9320085362644,1524.212771613631,1573.0146670882157,1549.0073594888995,1460.4211632503045,1442.3860327576872,1440.9483682451025,1463.8226011699153,1436.1563424610772,1463.3831123475836,1569.3646043377091,1459.763791617249,1457.3642152856391,1473.40567922651,1450.1228962219488,1459.927064055033,1487.190593941247,1492.1234821631247,1520.4489678724185,1538.2542588565211,1584.7242399570507,1513.844598980259,1554.3227710692966,1522.7021470277284,1534.0675950375148,1498.8092254200706,1546.470044581102,1583.6496966020698,1549.6525988867793,1541.8609315685621,1540.3241177792474,1538.2542588565211,1535.2016074583928,1577.4260721374299,1542.2893044545665,1561.2772680857643,1559.6353882881401,1575.019864000752,1523.857958741709,1534.1606435832553,1536.7636137392885,1541.8609315685621,1540.3241177792474,1538.2542588565211,1559.9629237077218,1564.3060856129343,1554.3227710692966,1573.458885261986,1585.2031815387654,1575.019864000752,1527.7904954094295,1583.6496966020698,1586.33663353733,1591.5983809739996,1565.1680551627837,1538.2542588565211,1559.9629237077218,1589.536828929272,1604.4622152973384,1619.139949672818,1649.634020530341,1676.6340487749942,1622.1713754347224,1633.1387496208845,1635.9096533353716,1629.398842522132,1639.6998673133926,1616.6556049530793,1604.5332929565138,1639.9983155619473,1654.6016595253802,1700.35073084763,1661.906561290641,1651.2305025814337,1573.0146670882157,1608.3942231114772,1631.9438117515283,1616.4671056767183,1565.1680551627837,1563.0648114187231,1574.819713457319,1564.3060856129343,1579.3924931833174,1619.139949672818,1585.2031815387654,1620.746247149161,1568.098996253565,1578.7007913001883,1561.5501236383093,1591.5983809739996,1639.6998673133926,1624.5949817729838,1634.2468724557084,1665.2290588782848,1629.5319374113592,1649.5939926133724,1661.906561290641,1702.0375949685547,1671.3280837812292,1682.6278026396992,1735.0556929314548,1765.679453893031,1838.4513663816824,1711.9281267919348,1733.2921374530242,1789.3643159946662,1791.9837367102148,1875.9690451381614,1738.609941042517,1778.2482335492361,1867.954917167256,1781.6059086773284,1834.2017325275378,1821.3853972271208,1838.4513663816824,1835.9808896029444,1840.261023650125,1816.6135187763107,1855.1594364375474,1827.242576433274,1892.0167005462683,1854.4588721299178,2162.8951672462963,2078.540226790217,2005.7243810287616,2083.999130087831,1868.264091241926,1984.8442049761563,1980.9052999463133,1993.2287219906743,1980.508047007652,1979.5127911360469,1943.152287047519,2017.0415677687051,1941.6899796870161,2128.0292798090313,2280.358910709912,2387.3975714609996
Fort Greene,Brooklyn,neighborhood,,1450.0,1413.0,,,,1680.0,1665.0,,,1598.0,1525.0,1525.0,,,,1550.0,,1695.0,,1850.0,1695.0,1600.0,,,,,,1900.0,1900.0,1725.0,,1900.0,,,2200.0,2200.0,1875.0,,,1950.0,2000.0,2255.0,1748.0,1795.0,2000.0,2125.0,2178.0,2372.0,2200.0,2082.0,2066.0,1975.0,2276.0,2055.0,2000.0,2000.0,2000.0,1990.0,1945.0,1975.0,2000.0,1850.0,1900.0,1900.0,1900.0,2050.0,1975.0,2188.0,2319.0,2025.0,2050.0,2050.0,1950.0,2100.0,1950.0,2000.0,2000.0,2208.0,2400.0,2443.0,2400.0,2465.0,2300.0,2300.0,2300.0,2578.0,2600.0,2593.0,2604.0,2650.0,2648.0,2563.0,2320.0,2514.0,2498.0,2400.0,2275.0,2312.0,2475.0,2500.0,2325.0,2500.0,2425.0,2450.0,2293.0,2370.0,2425.0,2500.0,2372.0,2500.0,2590.0,2676.0,2700.0,2590.0,2500.0,2400.0,2687.0,2545.0,2590.0,2732.0,2713.0,2500.0,2500.0,2392.0,2273.0,2270.0,2260.0,2167.0,2231.0,2150.0,2363.0,2360.0,2390.0,2390.0,2398.0,2500.0,2500.0,2448.0,2722.0,2445.0,2391.0,2665.0,2870.0,2909.0,2998.0,3083.0,3198.0,3317.0,3448.0,3280.0,3125.0,3190.0,3065.0,3147.0,3152.0,3200.0,3250.0,3225.0,3276.0,3323.0,3203.0,3010.0,3050.0,3295.0,3135.0,3170.0,3323.0,3428.0,3350.0,3238.0,3395.0,3493.0,3405.0,3312.0,3298.0,3354.0,3400.0,3298.0,3317.0,3145.0,3195.0,3251.0,3450.0,3465.0,3495.0,3495.0,3477.0,1432.9859972116687,1468.633432890784,1427.152509717589,1478.7961500571428,1536.228898840067,1600.4049951322902,1662.8550687643774,1671.7557442502184,1642.4987248355446,1630.8310039927158,1610.6524567734668,1519.9918172225712,1507.105962584686,1550.9275476648365,1552.899493057886,1542.7548955233751,1539.7056535416123,1609.5813448641816,1677.7019890212023,1779.6919259360434,1849.8108609653555,1705.9814143803662,1612.6682921386403,1644.581310437536,1680.0525484550599,1772.4886259026703,1818.0286747994764,1848.8074861332752,1887.38112369617,1884.8718368209213,1707.3958295348518,1819.8542260982108,1899.8057490995543,2012.9574210977773,2116.6271334319654,2192.7750805833816,2174.185650941842,1899.0949563242898,1919.0302678438918,1923.7591409765162,1937.049048003964,1984.075617706233,2231.9870119426614,1755.0925170867158,1794.816484017737,2012.9574210977773,2141.8250754966316,2170.8473297775477,2344.1674381972953,2228.2714154205,2102.8531671847277,2064.668252081809,1961.883010157861,2257.878052949693,2034.0280751849973,2008.1150081083704,1999.795525367952,2012.9574210977773,2005.7561883474339,1938.612514424853,1951.82575482279,2025.701286745909,1868.529471321684,1898.7752560287693,1887.38112369617,1884.8718368209213,2029.0791017660558,1983.0135705070159,2187.7763047525395,2334.0241297628727,2041.0333072379665,2043.2676887254236,2025.9457201958076,1975.0587545772612,2121.0334539327223,1948.7430259242633,1986.716972311758,1984.075617706233,2185.4666618046103,2409.7380097300447,2442.750234236953,2415.548905317333,2484.5170875760928,2292.446675155353,2273.0122714391987,2329.5564797577954,2603.821068685028,2598.324034565684,2575.778554602194,2583.2664542535153,2622.9559120390477,2658.7442707354826,2562.7379657590304,2335.0306084734216,2533.9050540228386,2489.7964324078575,2371.8388919365552,2304.2352136734717,2335.156831186883,2473.4046098269496,2483.3962153896973,2306.487905583496,2474.4867094707997,2434.8394473313992,2449.749518575741,2307.8556832886015,2388.764907730361,2417.036168370318,2470.6655124339118,2402.481726080648,2525.0398261103837,2588.3304805865855,2658.2273089531323,2678.5020839034146,2563.5682310117486,2510.1437601354633,2399.7546304415423,2704.408295244864,2565.150502183025,2581.494299414072,2699.9432719877786,2747.8637954708256,2525.0398261103837,2498.3884947746965,2376.1134988848626,2254.901939523134,2246.8339321994863,2269.169959162459,2166.778451736176,2245.454003234571,2167.023017561298,2355.2397797356957,2332.3082437376124,2420.7130376613613,2413.938073761527,2396.454244187889,2483.3962153896973,2480.094522132791,2423.017385913807,2733.0445260354923,2444.750029762321,2406.490596922393,2686.1006240934225,2860.574764215593,2874.8663902680996,3036.526228832118,3113.8791135593256,3195.9385625157915,3294.9700985790505,3420.5463649255457,3246.5265628256893,3137.679700169329,3189.673862961883,3084.8572478323435,3171.916947100188,3141.6486609085537,3162.4518559154067,3291.764590962102,3257.3013756823952,3273.888283552762,3300.9302494959857,3177.497101756532,2979.2819982028427,3062.375387365265,3294.663128043701,3155.310757570766,3195.099053799681,3312.087087626626,3387.7765506493797,3393.0496552993977,3270.4315827781693,3392.811575904038,3469.801192142485,3377.8887391448616,3278.1999927069155,3311.381648370703,3353.6570960420554,3422.0276158662214,3324.112517170772,3306.1067919523075,3108.097214641861,3236.0578055765895,3283.5617898739433,3447.776122789081,3441.9871545301207,3467.172141941642,3459.332419840178,3491.107941596402
Fresh Meadows,Queens,neighborhood,,,,,,,,,,,,,,,,,,,,,,,,,,,,,,,,,,,,,,,,,,,,,,,,,,,,,,,,,,,,,,,,,,,,,,,,,,,,,,,,,,,,,,,,,,,,,,,,,,,,,,,,,,,,,,,,,,,,,,,,,,,,,,,,,,,,,,,,,,,,,,,,,,,,,,,,,,,,,,,,,,,,,,,,,,,,,,,,,,,,,,,,,,,,,,,,,,,,,,,,,,,,,,,,,,,,,,,,,,,,,,,,,,,,,,,,,,,,,,,,,,,,,,,,,,,,,,,,,,,,,,,,,,,,,,,,,,,,,,,,,,,,,,,,,,,,,,,,,,,,,,,,,,,,,,,,,,,,,,,,,,,,,,,,,,,,,,,,,,,,,,,,,,,,,,,,,,,,,,,,,,,,,,,,,,,,,,,,
Gerritsen Beach,Brooklyn,neighborhood,,,,,,,,,,,,,,,,,,,,,,,,,,,,,,,,,,,,,,,,,,,,,,,,,,,,,,,,,,,,,,,,,,,,,,,,,,,,,,,,,,,,,,,,,,,,,,,,,,,,,,,,,,,,,,,,,,,,,,,,,,,,,,,,,,,,,,,,,,,,,,,,,,,,,,,,,,,,,,,,,,,,,,,,,,,,,,,,,,,,,,,,,,,,,,,,,,,,,,,,,,,,,,,,,,,,,,,,,,,,,,,,,,,,,,,,,,,,,,,,,,,,,,,,,,,,,,,,,,,,,,,,,,,,,,,,,,,,,,,,,,,,,,,,,,,,,,,,,,,,,,,,,,,,,,,,,,,,,,,,,,,,,,,,,,,,,,,,,,,,,,,,,,,,,,,,,,,,,,,,,,,,,,,,,,,,,,,,
Glen Oaks,Queens,neighborhood,,,,,,,,,,,,,,,,,,,,,,,,,,,,,,,,,,,,,,,,,,,,,,,,,,,,,,,,,,,,,,,,,,,,,,,,,,,,,,,,,,,,,,,,,,,,,,,,,,,,,,,,,,,,,,,,,,,,,,,,,,,,,,,,,,,,,,,,,,,,,,,,,,,,,,,,,,,,,,,,,,,,,,,,,,,,,,,,,,,,,,,,,,,,,,,,,,,,,,,,,,,,,,,,,,,,,,,,,,,,,,,,,,,,,,,,,,,,,,,,,,,,,,,,,,,,,,,,,,,,,,,,,,,,,,,,,,,,,,,,,,,,,,,,,,,,,,,,,,,,,,,,,,,,,,,,,,,,,,,,,,,,,,,,,,,,,,,,,,,,,,,,,,,,,,,,,,,,,,,,,,,,,,,,,,,,,,,,
Glendale,Queens,neighborhood,,,,,,,,,,,,,,,,,,,,,,,,,,,,,,,,,,,,,,,,,,,,,,,,,,,,,,,,,,,,,,,,,,,,,,,,,,,,,,,,,,,,,,,,,,,,,,,,,,,,,,,,,,,,,,,,,,,,,,,,,,,,,,,,,,,,,,,,,,,,,,,,,,,,,,,,,,,,,,,,,,,,,,,,,,,,,,,,,,,,,,,,,,,,,,,,,,,,,,,,,,,,,,,,,,,,,,,,,,,,,,,,,,,,,,,,,,,,,,,,,,,,,,,,,,,,,,,,,,,,,,,,,,,,,,,,,,,,,,,,,,,,,,,,,,,,,,,,,,,,,,,,,,,,,,,,,,,,,,,,,,,,,,,,,,,,,,,,,,,,,,,,,,,,,,,,,,,,,,,,,,,,,,,,,,,,,,,,
Gowanus,Brooklyn,neighborhood,,,,,,,,,,,,,,,,,,,,,,,,,,,,,,,,,,,,,,,,,,,,,,,2648.0,,,,,,,,2700.0,3095.0,,,,2775.0,,,2300.0,,,,,,2292.0,,,,,,,,,2520.0,2474.0,2474.0,2525.0,2520.0,2451.0,,,2483.0,2550.0,2554.0,2525.0,2492.0,2485.0,2455.0,2538.0,2525.0,2379.0,2324.0,2300.0,2300.0,2307.0,2445.0,2630.0,2613.0,2595.0,2730.0,2550.0,2598.0,2664.0,2624.0,2598.0,2383.0,2490.0,2548.0,2676.0,2773.0,2600.0,2591.0,2810.0,2625.0,2657.0,2735.0,2635.0,2621.0,2640.0,,2365.0,2350.0,2299.0,2400.0,2541.0,2600.0,2595.0,2595.0,2500.0,2500.0,2513.0,2495.0,2535.0,2555.0,2703.0,2735.0,2880.0,2837.0,2895.0,,,,,2893.0,3200.0,2750.0,,,2985.0,,,,2854.0,3425.0,3425.0,,3150.0,2950.0,3023.0,3118.0,3250.0,3250.0,,3120.0,,3172.0,,,3250.0,3369.0,3200.0,3098.0,3300.0,3275.0,3300.0,3143.0,3125.0,3250.0,3390.0,3430.0,3445.0,3475.0,3463.0,3443.0,2680.432754147828,2666.3666748598293,2658.9095886900145,2663.5802065088574,2637.7275438329143,2669.239639027049,2680.8630840788064,2637.96758402657,2593.3778520976393,2611.8321454786005,2628.593278213278,2650.2109317253858,2680.432754147828,2666.3666748598293,2658.9095886900145,2663.5802065088574,2637.7275438329143,2669.239639027049,2680.8630840788064,2637.96758402657,2593.3778520976393,2611.8321454786005,2628.593278213278,2650.2109317253858,2680.432754147828,2666.3666748598293,2658.9095886900145,2663.5802065088574,2637.7275438329143,2669.239639027049,2680.8630840788064,2637.96758402657,2593.3778520976393,2611.8321454786005,2628.593278213278,2650.2109317253858,2680.432754147828,2666.3666748598293,2658.9095886900145,2663.5802065088574,2637.7275438329143,2669.239639027049,2680.8630840788064,2637.96758402657,2593.3778520976393,2611.8321454786005,2628.593278213278,2656.716358861419,2693.591978394022,2686.0019279413123,2685.016707007968,2696.2714288319457,2676.5762501053778,2715.10459506018,2733.508431651351,3083.2740455295443,2952.8074864329237,2894.912140098071,2834.076211970887,2777.316969614028,2648.7156495544373,2475.384469674124,2309.4758512035623,2312.191478359149,2288.421227605293,2314.4162429026073,2323.144696726901,2284.644634705791,2244.7213130694067,2285.681907775331,2325.497678660992,2369.9771474039703,2422.6469253249506,2435.4426728075177,2454.0691218876113,2483.862307378854,2484.9890405394676,2540.212949527252,2504.7036518168306,2464.62681377709,2472.9150591187836,2485.5804405612057,2433.037056231399,2463.722020492444,2502.6145188210526,2500.22222570882,2560.5058350300365,2569.027132712848,2515.204700973606,2511.988361199172,2515.840167649484,2445.6987986349054,2485.646899027118,2490.5121477845414,2361.564731446144,2325.9404098677483,2328.1704435574034,2315.952927559519,2316.5046907507035,2459.385802460029,2619.797371707162,2633.958903616948,2627.2053259760205,2719.6569125349456,2497.399366634811,2562.515073245243,2644.476017054446,2626.190893069265,2629.820353200928,2399.528620162754,2500.2586389116827,2562.991830130124,2665.618922695196,2795.2422654916945,2632.2673786272267,2581.183538600016,2752.0361648014978,2589.146292251256,2637.527318811435,2737.283571853826,2667.273529901634,2639.179401362391,2650.876629207567,2517.2241188778007,2355.82539318914,2368.8493775353345,2327.5318090246133,2390.907175854897,2488.585015929041,2564.4877561345775,2575.98170580191,2597.166679693118,2530.620047345004,2517.3401386516516,2523.3533974237184,2509.6799906493957,2525.1659077101353,2575.493684937353,2736.5456632420746,2724.63796915131,2820.5922258463747,2798.2506785206906,2873.7830590738067,2897.0168289170324,2929.648216410364,2913.8715572920596,2905.3206208140814,2910.0217286367542,3187.5861556893224,2772.0577822222,2863.434449698977,2895.654246313153,2923.426317413691,2911.9265300185793,2898.103502924345,2889.160274606593,2888.955846049056,3448.7559899527623,3439.110778422696,3306.842873450857,3137.7801220066767,2973.6619845656323,3060.517032919272,3106.1869059648207,3182.959977083583,3205.6096951682216,3161.657700569974,3122.605025295772,3184.532267578953,3194.0011679212153,3211.1755531082576,3242.9692544503614,3237.392189371968,3396.022788475124,3239.7136967719716,3086.262679499363,3231.928592115638,3230.2682312849,3275.814885990868,3145.624229007888,3163.2750591812546,3272.542180247147,3403.96658068699,3450.181309790552,3431.635720734286,3502.8730157171435,3505.977666225418,3429.9555860285045
Gramercy Park,Manhattan,neighborhood,2400.0,2400.0,2395.0,2395.0,2395.0,2313.0,2400.0,2300.0,2395.0,2495.0,2548.0,2495.0,2395.0,2495.0,2373.0,2400.0,2395.0,2500.0,2473.0,2495.0,2500.0,2525.0,2400.0,2450.0,2598.0,2495.0,2500.0,2550.0,2550.0,2495.0,2450.0,2400.0,2350.0,2395.0,2495.0,2525.0,2525.0,2499.0,2400.0,2500.0,2498.0,2523.0,2400.0,2400.0,2500.0,2450.0,2395.0,2300.0,2400.0,2450.0,2500.0,2495.0,2550.0,2595.0,2700.0,2500.0,2500.0,2500.0,2500.0,2550.0,2500.0,2673.0,2620.0,2650.0,2673.0,2600.0,2600.0,2695.0,2700.0,2695.0,2625.0,2595.0,2650.0,2750.0,2800.0,2725.0,2800.0,2750.0,2750.0,2795.0,2600.0,2560.0,2645.0,2695.0,2695.0,2695.0,2643.0,2700.0,2725.0,2750.0,2750.0,2700.0,2745.0,2595.0,2550.0,2595.0,2650.0,2583.0,2800.0,2700.0,2795.0,2800.0,2800.0,2850.0,2850.0,2798.0,2795.0,2750.0,2795.0,2895.0,2893.0,2819.0,2938.0,2995.0,2963.0,2800.0,2850.0,2928.0,2738.0,2798.0,2800.0,2963.0,2700.0,2650.0,2672.0,2550.0,2500.0,2495.0,2390.0,2325.0,2300.0,2300.0,2300.0,2373.0,2400.0,2400.0,2495.0,2495.0,2495.0,2400.0,2625.0,2850.0,2900.0,3000.0,3148.0,3255.0,3175.0,3400.0,3250.0,3350.0,3400.0,3200.0,3475.0,3300.0,3195.0,3000.0,3313.0,3500.0,3295.0,3295.0,3495.0,3475.0,3475.0,3488.0,3500.0,3495.0,3350.0,3200.0,3500.0,3425.0,3400.0,3563.0,3500.0,3550.0,3500.0,3495.0,3600.0,3500.0,3500.0,3500.0,3500.0,3600.0,3600.0,3750.0,3725.0,3750.0,3700.0,3699.0,2409.861761361627,2366.519974292839,2396.4077231416372,2382.936864334452,2356.9749206422334,2276.641514868931,2380.639357788011,2322.154042881644,2393.6809861102256,2506.8841000822094,2593.794233681407,2554.7311434126655,2404.841216025457,2460.194723275264,2374.394792073113,2387.91168033515,2356.9749206422334,2460.7020264471803,2453.050471587396,2519.032320430305,2498.6231587789407,2537.026995073178,2443.1342860421414,2508.6538282008137,2608.6753566739612,2460.194723275264,2501.4694396050495,2537.1561603560967,2509.514007364382,2455.7806223942857,2430.236011075261,2423.1172621373676,2348.7057692522044,2406.407783445648,2539.841684864643,2585.4493535539,2535.3753947658784,2464.1389232324186,2401.410662020847,2487.4080003491144,2458.339604076951,2483.340485090494,2380.639357788011,2423.1172621373676,2498.6231587789407,2461.669757595757,2438.0444229462205,2355.0627774946415,2409.861761361627,2415.822473757273,2501.4694396050495,2482.4331843484165,2509.514007364382,2554.208703452173,2678.219277511512,2524.0804813930913,2498.6231587789407,2511.907915914038,2544.9315479605643,2611.0478620049284,2510.2726680850283,2635.7116213686495,2621.5399727060917,2636.6524803700613,2630.561153601958,2559.1301075050674,2579.0259709370116,2720.9587589417524,2698.5130114812564,2707.836733355333,2672.1781253585923,2657.1251772167802,2660.8890281701297,2711.637470543878,2801.6457723576555,2711.2747203805347,2755.5447924001055,2706.772229091898,2727.815930798762,2821.9219781974757,2598.5680851300986,2572.1937058959747,2692.537577742277,2759.519211020895,2706.0739361956603,2657.4047211330007,2644.553491550458,2686.4006403770436,2681.7355568893886,2706.772229091898,2727.815930798762,2726.0069199045383,2743.488228339277,2607.3604167187714,2595.8301789197753,2657.1251772167802,2660.8890281701297,2546.967122332668,2801.6457723576555,2686.4006403770436,2750.6241766993912,2755.9862696208415,2777.4125840860124,2877.451748788124,2848.4304010079927,2811.327339490991,2845.233470619911,2815.8359296131584,2806.4848429190615,2854.6147189907374,2894.700435510963,2804.8012611936615,2891.353785739825,2947.9210276837216,2939.0976738024483,2826.970139160262,2848.4304010079927,2941.946551118521,2787.20903132641,2864.9850658391333,2811.5053882552315,2921.6661182623675,2701.586994773453,2636.6524803700613,2629.577030461815,2509.9160669761236,2479.832664362511,2519.032320430305,2388.6837397926674,2336.074361800055,2341.337024123719,2355.0627774946415,2309.450854638226,2339.8966245820448,2401.410662020847,2387.91168033515,2455.3872346565227,2455.7806223942857,2474.872999033786,2423.1172621373676,2623.554316717888,2863.575024142003,2952.120595634254,3071.8210141234454,3160.935343652667,3209.592715134663,3176.8661882984125,3382.8748804747956,3198.4002054644084,3297.340715439221,3372.5724235330154,3230.8230161831566,3473.086190702728,3315.7184490065297,3252.422518293601,3071.8210141234454,3326.613339746279,3451.1749625103903,3296.936721399455,3278.403744460133,3439.5103747994176,3420.37581676158,3446.9674034638906,3521.597087639641,3498.0724222905174,3511.6472664478247,3410.208274267156,3276.6090817316754,3514.3817353190393,3377.221213313739,3401.998437862867,3545.053882097558,3444.430990500132,3494.196877554996,3471.7657301075155,3528.6645129875415,3598.0173486416747,3516.6710822796526,3562.90416714479,3583.7911831440197,3514.3817353190393,3549.779961439259,3602.115993031271,3731.1120005236717,3665.8586970322835,3691.05303967077,3670.1523432565164,3734.6294802692178
Gravesend,Brooklyn,neighborhood,,,,,,,,,,,,,,,,,,,,,,,,,,,,,,,,,,875.0,900.0,,,,,,,,,,,,,,,,,1100.0,1280.0,,,,,,,,,,,1099.0,1163.0,,,,,,,,,,,,,,1285.0,1295.0,1250.0,,,1323.0,1323.0,1285.0,1295.0,,1400.0,,,,,,,,,,,,,,,1375.0,1375.0,1323.0,1350.0,,,1500.0,,,1395.0,,,,,,,,,,,,,,,,1463.0,1475.0,,,1459.0,,,1497.0,,,1478.0,1463.0,1500.0,1450.0,,,1550.0,1525.0,1450.0,1450.0,1498.0,,,,,,,,,,,,,,,,,,,,,,2390.0,2390.0,,,,,,1800.0,,1838.0,2444.0,,1750.0,2850.0,3148.0,1895.0,1950.0,2545.0,862.6081439068248,873.2107897200094,875.9287898043816,875.9250161084149,864.2796704614078,867.3623382508132,871.4951362166206,875.8833259420841,880.0157417297991,887.2514636706846,885.007936235102,881.7937803814413,862.6081439068248,873.2107897200094,875.9287898043816,875.9250161084149,864.2796704614078,867.3623382508132,871.4951362166206,875.8833259420841,880.0157417297991,887.2514636706846,885.007936235102,881.7937803814413,862.6081439068248,873.2107897200094,875.9287898043816,875.9250161084149,864.2796704614078,867.3623382508132,871.4951362166206,875.8833259420841,880.0157417297991,887.2514636706846,910.2938772703906,918.8439392209975,910.4502762579596,933.3816172469344,948.0641019059188,959.8371605087168,958.6967773185365,973.7782217672994,990.1356505587152,1006.8978066292194,1023.4804929025562,1043.8252513772761,1053.0850737049618,1061.116549164894,1049.62738855217,1074.2694085294906,1089.3904276558696,1101.1628773934358,1264.317689360688,1252.5162742179793,1242.0956133630755,1231.8787099509605,1221.1418437966959,1214.4974580635087,1194.7837011365107,1173.8622034314187,1132.1003713071182,1129.5945499016975,1116.6385715220533,1100.161820232169,1148.7511505675627,1161.4866772788848,1175.7002956012957,1190.3433151252095,1204.7235909231617,1223.4654468836902,1229.1857164982878,1233.5035282135818,1215.2564365342027,1238.8900837007154,1251.4698513596968,1260.1879578689554,1252.0413903680117,1265.1453273359616,1279.8528571866943,1296.3073223942845,1257.1653453282845,1292.1761316621055,1313.5203503131268,1333.272195936739,1304.263513587119,1282.3724169030995,1296.3746089104848,1348.924524806959,1382.8474727382527,1386.1276224617757,1391.0722364752917,1396.4082739305227,1401.3203049259275,1411.1523279333746,1405.8983215620476,1399.1127982052199,1367.028525200911,1382.1679357282435,1384.8017057859747,1383.1273111502398,1363.0925088419917,1366.3021975874713,1371.152347647483,1376.388083623275,1382.8818798611128,1341.5242130700751,1365.4408159055859,1410.870048610306,1429.4649241884524,1496.9327823771591,1466.5550595010502,1431.5117406114666,1377.9087317641875,1387.0362877685145,1397.8781984914594,1409.171145251393,1420.09397408283,1436.079869055551,1436.7471696250998,1435.8122155410952,1408.7623287346887,1430.3192735613754,1439.0258689643413,1443.274162256351,1428.2838896996523,1437.5911211979906,1448.6739150023711,1460.2226305348745,1471.386320172224,1495.6524673305826,1486.476186994501,1475.7028865583509,1438.3374650972085,1468.6573853767018,1485.9089146662518,1498.5825704163394,1472.4033090679682,1471.376949421284,1472.079784375046,1464.4769209751646,1508.5984143939413,1470.3024255114203,1500.2991680937919,1528.4425526611649,1528.0487120635182,1521.881662083445,1451.539137390118,1451.5328838368018,1479.6467958299302,1525.1158662396635,1572.765767904696,1621.271411426927,1669.6984390098278,1724.5402994650565,1761.188780326976,1795.6527891403894,1796.5551015850608,1859.0997925134998,1905.4750130830278,1946.0551215025812,1960.2311902516917,2007.4143840909207,2057.3623361157456,2108.3080410832417,2159.0329065150627,2217.8982042510825,2253.2991673119386,2285.9759385015814,2276.210040409926,2344.6503531972908,2392.5369230085394,2392.526615427556,2263.589613113211,2174.1882612153718,2086.6083547129374,1998.6823323402225,1909.2151044385548,1825.203010979694,1839.8050697276005,1852.2708209612445,2409.387775666605,2092.712029763268,1751.8575796087632,2853.0129096102655,3109.4313172714424,1878.4590068403324,1942.189160711326,2547.569216597262
Greenpoint,Brooklyn,neighborhood,1450.0,,,,,,,,,,,,,,,,,,,2100.0,,2600.0,2600.0,2200.0,,1675.0,1600.0,2050.0,,,,,,,2825.0,3600.0,2998.0,3000.0,3000.0,2995.0,2550.0,2350.0,2200.0,2300.0,2500.0,,,2550.0,2350.0,,,,2650.0,2600.0,2600.0,2550.0,2800.0,2998.0,2995.0,2800.0,2200.0,1995.0,1819.0,1895.0,2000.0,2145.0,2600.0,2700.0,2000.0,1799.0,2200.0,2500.0,2450.0,2200.0,2150.0,2400.0,1900.0,2000.0,1999.0,1900.0,1825.0,1900.0,1899.0,1950.0,2350.0,2323.0,2323.0,2300.0,2324.0,2300.0,2200.0,1875.0,1798.0,1900.0,1700.0,1875.0,1973.0,2099.0,2492.0,2471.0,2495.0,2341.0,2399.0,2339.0,2125.0,2304.0,2520.0,2298.0,2256.0,2250.0,2510.0,2550.0,2700.0,2672.0,2625.0,2498.0,3000.0,2573.0,2595.0,2595.0,2600.0,1950.0,2864.0,2675.0,2633.0,2584.0,2520.0,2493.0,2567.0,2326.0,2500.0,2568.0,2253.0,2675.0,2500.0,2550.0,2550.0,2700.0,2775.0,3060.0,3450.0,2375.0,2600.0,2400.0,2450.0,2800.0,2792.0,3120.0,3000.0,3454.0,3337.0,3323.0,3337.0,3419.0,3293.0,3286.0,3247.0,3199.0,3249.0,3190.0,3159.0,3353.0,3475.0,3431.0,3405.0,3389.0,3350.0,3350.0,3350.0,3385.0,3475.0,3305.0,3375.0,3490.0,3467.0,3448.0,3400.0,3522.0,3500.0,3492.0,3577.0,3660.0,3698.0,3793.0,3734.0,3673.0,3755.0,3629.0,1485.6099450613938,1545.4033933844175,1533.5515608585013,1532.9858287162385,1598.8615701343247,1608.3714073255067,1630.68209284936,1679.4596341708084,1696.461115150509,1768.5928992836539,1770.2680661992588,1795.998851406824,1906.218205369157,1972.8553958098948,1948.1686206400025,1938.3176749530746,2012.4973992238017,2015.6862442456027,2035.1119918708227,2087.5526293898834,2312.885153938022,2615.823030677021,2568.318427907295,2163.4798844036095,1985.0822541768625,1744.0589714347195,1615.9434124817483,2024.060950118559,2177.0805198642574,2253.659564717234,2346.767449770604,2478.081182507038,2562.451789089389,2730.8042627946925,2790.576753399272,3540.23981084227,3071.626631237282,3123.6877100323336,3029.8938984032784,2957.1036807829682,2569.314861459636,2331.6163421131128,2167.3294588586086,2286.3671655222533,2460.516121210662,2531.9825489245522,2502.464109243005,2507.6698660132747,2407.712669582259,2524.980898942803,2524.911582002732,2542.4180227098973,2670.0723070070726,2579.660633827274,2561.389360469265,2534.8853356877153,2755.778055755941,3016.245171526811,2958.5052659932107,2753.5198528773212,2254.0288821621148,2077.2523271715017,1837.1256670651876,1871.0221953534974,2015.1489109487343,2128.220022907501,2561.389360469265,2683.996237786993,1968.4128969685294,1809.9483200722927,2173.192515921557,2458.499868640465,2510.168527862355,2290.7043206903777,2171.4239605223493,2369.632331846118,1914.3914654012974,1984.3543337132876,1969.314358299254,1888.7380932575136,1796.176768483783,1911.5629839562846,1875.8602671522895,1917.6298975395628,2407.712669582259,2418.7755168017034,2346.1478419969385,2270.89765135253,2341.603034522429,2282.007483770281,2167.3294588586086,1863.8862762409672,1769.6031943747078,1911.5629839562846,1679.285125939385,1843.8749014803489,2021.4540838662965,2185.540167785956,2516.831864940323,2439.7339549965654,2513.898266408546,2322.686747611403,2363.37425990991,2325.136000068065,2091.4387030290623,2318.0216394922527,2489.2932455101472,2259.8530792543156,2311.4041627989686,2342.76578252425,2535.0112283307426,2517.7343525865003,2720.451029780791,2651.097389840952,2586.018104319931,2483.1935562932995,2952.619345452794,2588.6587145892213,2563.379354007473,2551.922863648803,2663.852315282499,2030.3970115210168,2892.5387083423298,2641.1527032034855,2652.9435412640087,2563.7857991575675,2482.5773801471337,2478.22319288999,2526.4579532591074,2340.155526674904,2469.53694991086,2525.3710650674857,2308.330487050566,2785.288208112164,2524.911582002732,2517.7343525865003,2569.314861459636,2678.878350512938,2733.790567423927,3041.8624028252584,3395.512247270713,2389.453729945356,2568.318427907295,2360.1598738948464,2510.168527862355,2915.4418626968445,2819.821254780651,3080.5220313999534,3022.723366423101,3426.979934322848,3287.4447291868987,3303.3035178393247,3284.296918591991,3439.8072853402828,3252.874070422585,3231.4522273410275,3326.7417183547213,3330.892328131145,3281.3750919707504,3149.6363077454653,3182.9277048435256,3326.770040470327,3423.3953952425754,3410.6633673508045,3351.2229570889212,3409.624711909394,3309.1795128805525,3294.3898239782234,3432.27125238322,3524.56096615315,3509.627098983797,3263.1811903130915,3400.563787225989,3462.698312329687,3415.514197210362,3427.562602922056,3346.3019248465,3543.434120786334,3457.3517298752045,3434.0326165170018,3664.8460506790384,3810.899006239447,3734.849212098441,3745.006431121802,3762.2830167412867,3644.266733864453,3699.2373263700347,3607.4897581218506
Greenwich Village,Manhattan,neighborhood,2100.0,2100.0,2000.0,2000.0,2190.0,2100.0,2038.0,2100.0,2450.0,2600.0,2400.0,2395.0,2300.0,2250.0,2195.0,2300.0,2225.0,2225.0,2200.0,2490.0,2450.0,2400.0,2600.0,2650.0,2500.0,2450.0,2500.0,2500.0,2600.0,2500.0,2600.0,2650.0,2700.0,2700.0,2700.0,2725.0,2797.0,2800.0,2795.0,2780.0,2700.0,2598.0,2595.0,2700.0,2700.0,2695.0,2700.0,2700.0,2700.0,2695.0,2700.0,2800.0,2675.0,2585.0,2585.0,2598.0,2725.0,2895.0,2750.0,2795.0,2795.0,2800.0,2798.0,2800.0,2750.0,2700.0,2700.0,2800.0,2900.0,2898.0,2825.0,3000.0,2995.0,2800.0,2875.0,2925.0,2850.0,2950.0,2850.0,2800.0,2850.0,2985.0,2898.0,2750.0,2663.0,2650.0,2700.0,2770.0,2695.0,2698.0,2690.0,2650.0,2750.0,2750.0,2675.0,2600.0,2623.0,2650.0,2700.0,2750.0,2700.0,2675.0,2695.0,2700.0,2750.0,2900.0,2995.0,2900.0,2995.0,2895.0,2800.0,2810.0,2895.0,2900.0,2763.0,2800.0,2900.0,2995.0,2900.0,2950.0,2995.0,2995.0,2800.0,2595.0,2595.0,2600.0,2550.0,2495.0,2450.0,2350.0,2250.0,2250.0,2250.0,2250.0,2300.0,2395.0,2450.0,2579.0,2700.0,2700.0,2838.0,2895.0,2700.0,2800.0,3045.0,2900.0,3095.0,3250.0,3350.0,3500.0,3400.0,3400.0,3495.0,3300.0,3100.0,3250.0,3395.0,3450.0,3325.0,3500.0,3495.0,3400.0,3400.0,3350.0,3363.0,3300.0,3373.0,3373.0,3300.0,3400.0,3350.0,3498.0,3500.0,3550.0,3495.0,3500.0,3498.0,3650.0,3600.0,3555.0,3500.0,3800.0,3663.0,3800.0,3750.0,3795.0,3963.0,3925.0,2095.2573058065227,2110.788521620138,2022.3958646403164,1990.6386729509734,2196.8379312770608,2113.6895542993616,2075.968655081671,2117.4735686682143,2411.3405917175846,2537.0092579349757,2396.863066515112,2387.4081756632436,2294.8056206452393,2261.5591303072906,2219.5794614427473,2289.2344738936195,2231.947213283772,2239.5044087219426,2240.9867719232952,2510.718659992311,2411.3405917175846,2341.8546996322852,2596.6016553913714,2641.5998603372004,2494.353935483956,2462.5866085568277,2527.9948308003954,2488.2983411887167,2608.1180919271037,2516.2970884516208,2648.4389122729854,2672.0499795098895,2657.3957541377463,2634.586537086321,2696.470949829501,2716.3621205354234,2790.6831830194496,2814.384695493517,2826.298220834842,2766.987755401853,2708.4303262319927,2614.9359343189244,2643.3457605186145,2722.4660168591327,2657.3957541377463,2629.707673128754,2696.470949829501,2691.4413671360157,2693.9022503226724,2708.8452694125103,2730.234417264427,2786.894142131363,2683.3522676557704,2601.851189458976,2633.159457009872,2619.6173006666763,2682.0012703797624,2824.8622314314443,2746.405597048566,2786.1402300537643,2788.6876998710627,2814.384695493517,2829.331814631803,2786.894142131363,2758.5864433844367,2717.6008555277504,2750.301947360408,2823.298091557619,2854.2398840738756,2827.7895498059847,2821.3075678771634,2990.4904079289063,2988.236014709779,2814.384695493517,2907.194055420455,2911.3090591907985,2858.8986776893253,2969.2305643729123,2903.096499991542,2823.298091557619,2805.0288515898433,2912.681782667655,2894.212152816998,2741.2828739348306,2656.9858120775098,2663.6140868063644,2730.234417264427,2757.034562037098,2703.414714516748,2715.587817856989,2740.1156438516655,2672.0499795098895,2706.6067866217786,2683.3751766619935,2671.5036262199687,2591.7583535383856,2617.0761491097664,2663.6140868063644,2730.234417264427,2737.1281753075887,2708.4303262319927,2692.437884643234,2745.208795606037,2722.4660168591327,2706.6067866217786,2829.7410953890117,2991.0853684219837,2890.807394331276,2988.236014709779,2909.8727476620475,2831.354210496443,2796.8473354961175,2904.039183126525,2918.90462260388,2814.475659465484,2823.298091557619,2854.2398840738756,2922.4395105827894,2896.2095387057607,2940.648901130091,2988.236014709779,3010.3864867868156,2831.354210496443,2582.853678153888,2603.1024802118595,2616.9489719896856,2597.507394729274,2515.7602637272357,2411.3405917175846,2293.066060056613,2247.0591248579176,2242.8678059466797,2244.9185419355604,2261.5591303072906,2325.755244336364,2383.7898108587906,2457.649740469771,2595.812076446692,2750.301947360408,2722.4660168591327,2793.218203793676,2824.8622314314443,2696.470949829501,2791.124380733646,3038.123093419458,2914.8984346182856,3129.65760053089,3234.7878435453317,3360.4598492137684,3522.815923832269,3463.3431929723656,3428.2905397485374,3439.851170633861,3220.0502119943926,3095.94812758202,3239.697941922982,3387.332644387212,3467.7239998045125,3362.2331249645263,3483.6176776642037,3505.912588955857,3422.1640402942044,3463.3431929723656,3377.874502399294,3309.9340448760154,3220.0502119943926,3368.591301398114,3362.308048648067,3292.5471948388217,3417.467130242128,3387.51307327253,3481.6270389912524,3510.9282006711014,3573.1418656013016,3560.113076305417,3529.122614447024,3442.8038325829025,3561.570689024101,3595.2945997726683,3543.731133395754,3492.0955096775383,3819.5220867412017,3704.0180260887396,3782.2134786068495,3761.708786433323,3819.73898026956,4036.8320805145545,3957.658931915591
Greenwood,Brooklyn,neighborhood,,,,,,,,,,,,,,,,,,,,,,,,,,,,,,,,,,,,,,,,,,,,,,,,,,1838.0,,,,1700.0,1600.0,1750.0,2475.0,2475.0,,,,,,,,,1700.0,1200.0,,,1900.0,,,,,,,,,,,,,2050.0,,,,,2225.0,2213.0,2575.0,2575.0,2649.0,2499.0,2625.0,2650.0,,2473.0,2475.0,2450.0,2475.0,2531.0,2825.0,2850.0,2674.0,3000.0,2990.0,2349.0,2825.0,2298.0,2450.0,2499.0,2600.0,2650.0,2675.0,2699.0,2275.0,1800.0,1850.0,2500.0,,3000.0,3000.0,3000.0,3000.0,2700.0,2500.0,2500.0,2350.0,2300.0,2000.0,2000.0,2000.0,2000.0,2000.0,1975.0,1985.0,1975.0,2150.0,2150.0,,2250.0,2300.0,1900.0,,2200.0,,2200.0,2800.0,2700.0,2500.0,,,,,,,,2750.0,,3000.0,3000.0,2500.0,2500.0,2750.0,,,,,,,2995.0,2948.0,3000.0,2800.0,2700.0,2500.0,2500.0,,,,2538.0,2650.0,2975.0,2999.0,2950.0,3000.0,3050.0,1828.1391269066105,1840.9471493433548,1831.6575186563143,1833.5140987452035,1798.9591634883975,1822.9972321080318,1844.5744753332249,1873.5276624513474,1842.671985337445,1841.93300966429,1836.8038272751885,1862.3734732532578,1828.1391269066105,1840.9471493433548,1831.6575186563143,1833.5140987452035,1798.9591634883975,1822.9972321080318,1844.5744753332249,1873.5276624513474,1842.671985337445,1841.93300966429,1836.8038272751885,1862.3734732532578,1828.1391269066105,1840.9471493433548,1831.6575186563143,1833.5140987452035,1798.9591634883975,1822.9972321080318,1844.5744753332249,1873.5276624513474,1842.671985337445,1841.93300966429,1836.8038272751885,1862.3734732532578,1828.1391269066105,1840.9471493433548,1831.6575186563143,1833.5140987452035,1798.9591634883975,1822.9972321080318,1844.5744753332249,1873.5276624513474,1842.671985337445,1841.93300966429,1836.8038272751885,1862.3734732532578,1828.1391269066105,1840.9471493433548,1797.2765695846913,1764.6825030904597,1697.657600147239,1686.1236640825102,1605.7231558939934,1783.8266644667344,2481.291166327626,2480.2960821105103,2387.334196978391,2333.314607252676,2204.7742462693072,2133.9718044165656,2037.3895746146886,1953.5537414087905,1832.454473750423,1771.5318888971472,1706.080853137368,1223.1954270629037,1436.9767023850222,1670.2330519262696,1898.7634775967672,1936.8871185378525,1912.7596121480399,1937.7174523305168,1939.4381527582134,1952.9142802823064,1927.4024686240468,1964.6011018155946,1999.4341220026167,2042.5795432685024,2020.5074920834127,2031.2603500734092,2037.1349051139405,2077.184777023492,2073.813971490905,2123.3993235081134,2147.5636304158634,2184.6549925201284,2177.7389220683813,2194.9362756556443,2584.2107040168958,2624.7735205724807,2655.733454384598,2504.3474380582484,2623.291646679744,2685.1412971279287,2547.757548188946,2476.965342941304,2466.459389920771,2444.020425422061,2422.428688592918,2510.34058458402,2835.104947125332,2905.089139274396,2680.797001519221,3006.419493467285,2988.0541042180703,2380.1497762088698,2809.8438702454705,2301.684738406436,2441.5456587094504,2492.9008339305024,2544.7735718551867,2628.3692410697954,2684.56840126027,2751.1703813689805,2280.782789250646,1803.851696080371,1848.7960176600102,2533.1521671018195,2735.246245371697,3004.810363454877,2989.6477453585107,2992.6780719453814,2936.2771982944464,2677.9611135428104,2508.9424310843647,2548.323806381049,2355.9734306545133,2304.921611658252,1998.6983974702812,2026.5217336814555,1989.2699966339615,2003.2069089699182,1993.0984969056738,1970.179730697376,1942.8367462048254,1958.8789626840928,2157.6904907325534,2191.5584734877025,2205.5921478467785,2254.814620100464,2298.503157090823,1925.1956469973827,2039.0017465498106,2203.52759986691,2192.4083465962412,2194.6305860932794,2740.5253850748168,2677.9611135428104,2508.9424310843647,2580.177853960812,2569.0135812988046,2599.300187060257,2623.291646679744,2691.4741775456832,2673.0815579768855,2723.1093918809825,2740.5104332453016,2867.9831522809905,2936.2771982944464,2975.5123483809007,2508.9424310843647,2548.323806381049,2756.9901848084733,2790.9594297687963,2818.1647404330965,2892.8597748302777,2874.4951451360744,2929.690104368505,2949.7857754203974,2987.6902751588054,2885.3817268573425,2975.5123483809007,2810.0155228144886,2752.189710891533,2506.354713462248,2505.3495778894044,2507.8668142258352,2552.404123571793,2514.9345932444858,2542.069567482826,2640.8555084000177,2967.739088012503,2935.2984392283483,2925.9204759078857,3010.7309173012377,3108.95504378488
Hamilton Heights,Manhattan,neighborhood,1150.0,1150.0,1100.0,1100.0,1050.0,1100.0,1175.0,1095.0,,1175.0,1150.0,,,,1200.0,,1398.0,,1400.0,1250.0,1375.0,1500.0,1500.0,,,1263.0,,,1273.0,,1213.0,1200.0,1200.0,,,,,,,1295.0,1300.0,1400.0,1300.0,1400.0,1350.0,1400.0,1425.0,1350.0,1350.0,1350.0,1350.0,1325.0,1525.0,1500.0,1400.0,1400.0,1450.0,1450.0,1600.0,1550.0,1440.0,1485.0,1550.0,1550.0,1450.0,1550.0,1550.0,1573.0,1550.0,1695.0,1695.0,1675.0,1623.0,1575.0,1650.0,1600.0,1595.0,1600.0,1587.0,1600.0,1600.0,1600.0,1700.0,1700.0,1690.0,1665.0,1650.0,1650.0,1695.0,1650.0,1600.0,1563.0,1488.0,1600.0,1600.0,1600.0,1649.0,1650.0,1850.0,1675.0,1750.0,1713.0,1713.0,1795.0,1773.0,1536.0,1575.0,1575.0,1595.0,1597.0,1650.0,1650.0,1650.0,1629.0,1673.0,1800.0,1800.0,1800.0,1795.0,1800.0,1750.0,1895.0,,1810.0,1795.0,1798.0,1739.0,1675.0,1750.0,1700.0,1650.0,1600.0,1600.0,1663.0,1695.0,1625.0,1695.0,1795.0,1765.0,1695.0,1695.0,1700.0,1725.0,1800.0,1800.0,1775.0,1850.0,1750.0,1850.0,1900.0,1850.0,1875.0,1800.0,1800.0,1825.0,1850.0,1850.0,1850.0,1848.0,1949.0,1995.0,2013.0,2000.0,2125.0,2295.0,2323.0,2225.0,1998.0,2015.0,2000.0,2000.0,2000.0,2225.0,2250.0,2200.0,2050.0,2375.0,2245.0,2095.0,2148.0,2065.0,2148.0,2000.0,2300.0,2200.0,2375.0,2181.0,2161.0,1172.9596337846249,1170.578307284087,1100.9887932489828,1116.0363458508566,1035.8205737076032,1077.7189544681048,1175.62709208336,1104.1909421143412,1126.539038706635,1161.3938068076209,1135.942555494016,1167.9737455125667,1198.4587562582037,1208.7493390433506,1201.078683544345,1317.9374666002388,1379.1211067078373,1370.6625611826169,1400.7471735461309,1260.491943052901,1364.7499367591392,1482.6303916693032,1481.6642028182819,1427.6909181706299,1368.79289438171,1285.6003496520016,1267.471644106935,1288.1764973775496,1255.8091336474083,1217.8224185489585,1213.6473725081835,1210.0722653307848,1191.0544902625215,1199.5185883076888,1212.1424287818134,1246.5563108788501,1279.3274018172679,1290.5444070989158,1282.5804513562825,1313.8791526153268,1282.4445198284611,1371.6423056866788,1300.6938040071216,1411.7509762192492,1339.9363015453366,1383.7883655580163,1407.5809926773677,1356.3566076920129,1376.9526135732553,1374.1571433334934,1351.2135189873882,1344.3165075021684,1504.406071337233,1469.6167560928702,1400.7471735461309,1411.7509762192492,1439.1908424005467,1433.2093786136597,1580.4418163395005,1557.2983273500888,1468.749454478139,1511.5728576668428,1551.3932995781122,1572.59666915348,1430.4188875009756,1518.603981295966,1550.827227854645,1586.2030611377706,1538.445383255757,1675.3723425863125,1674.2805491846584,1682.8869021363864,1655.4030309847358,1603.1833338890756,1651.4831898734742,1623.3255939648825,1573.4607762510734,1567.5912064990614,1587.8469745840785,1613.4296871077133,1588.072653683362,1581.47241778059,1679.2194298607194,1708.004617093646,1723.740679213927,1694.7938101113086,1651.4831898734742,1674.054518776285,1672.1103546994166,1616.578431702157,1600.8539126241496,1576.1191255933475,1476.9075679255266,1581.47241778059,1580.4418163395005,1607.5337572646079,1681.9221183572577,1679.5253974076031,1851.6629704641985,1699.4189811819863,1726.3676228460051,1678.3023354580578,1713.9142202032301,1810.0664302239659,1759.7830093628754,1518.2135210693664,1555.7474129591958,1582.4160423073483,1626.8440138143276,1625.5770058545104,1651.4831898734742,1674.054518776285,1627.718044397662,1596.003797116857,1673.8928723876265,1815.1083979961775,1786.581735393782,1779.1564700031638,1773.0581627058773,1808.4754769226838,1784.938573150516,1928.9094715681258,1854.1652177215826,1836.3870781727733,1770.7599331477597,1761.5806183033203,1739.9280962833727,1689.0592036908872,1736.954464966177,1680.3144438918769,1629.83062310011,1607.5337572646079,1631.9438383090433,1692.7580217508144,1696.5236405063872,1648.6900563705838,1672.1103546994166,1758.6413847911347,1765.941972363515,1709.2270747797338,1682.3644674958116,1680.3144438918769,1703.9138332410241,1808.4754769226838,1835.9368180976737,1806.762169938482,1851.6629704641985,1775.5123683990903,1825.0172012943483,1861.5145577176356,1850.987336471673,1890.7379145793514,1786.581735393782,1779.1564700031638,1802.6914467622428,1858.7109068372029,1886.9350630448312,1883.1042334570095,1849.6611726582912,1977.4134891484725,1968.059090044446,1972.2256866766318,2001.067390780187,2142.8363031899316,2277.891712627072,2296.100266565194,2197.801900847118,2007.407779384179,2055.2292713704514,2035.7883604940644,2001.7978059072416,2029.1569924561031,2194.9531204756354,2204.425134139305,2201.1741298582056,2067.2067866067578,2357.2953453112405,2219.0034861983904,2069.3910032695335,2158.114069127736,2106.227516317609,2186.436699170625,2001.7978059072416,2333.5305413245187,2170.2907258635496,2326.8931971470442,2182.163989645794,2179.1384711498554
Highbridge,Bronx,neighborhood,,,,,,,,,,,,,,,,,,,,,,,,,,,,,,,,,,,,,,,,,,,,,,,,,,,,,,,,,,,,,,,,,,,,,,,,,,,,,,,,,,,,,,,,,,,,,,,,,,,,,,,,,,,,,,,,,,,,1550.0,,,,,,,,,,,,,,,,,,,,1599.0,,,,,,,,,,,,,,,,,,,,,,,,,,1700.0,,,,,,,,,,,,,,,,,,,,,,,,,,,1550.0238578938577,1550.0143713091081,1550.0073596038408,1550.0004071911765,1549.896094471127,1549.793786468888,1549.9499585425997,1550.0942152011116,1550.0769336459962,1550.0612093733153,1550.047123576484,1550.0347334508053,1550.0238578938577,1550.0143713091081,1550.0073596038408,1550.0004071911765,1549.896094471127,1549.793786468888,1549.9499585425997,1550.0942152011116,1550.0769336459962,1550.0612093733153,1550.047123576484,1550.0347334508053,1550.0238578938577,1550.0143713091081,1550.0073596038408,1550.0004071911765,1549.896094471127,1549.793786468888,1549.9499585425997,1550.0942152011116,1550.0769336459962,1550.0612093733153,1550.047123576484,1550.0347334508053,1550.0238578938577,1550.0143713091081,1550.0073596038408,1550.0004071911765,1549.896094471127,1549.793786468888,1549.9499585425997,1550.0942152011116,1550.0769336459962,1550.0612093733153,1550.047123576484,1550.0347334508053,1550.0238578938577,1550.0143713091081,1550.0073596038408,1550.0004071911765,1549.896094471127,1549.793786468888,1549.9499585425997,1550.0942152011116,1550.0769336459962,1550.0612093733153,1550.047123576484,1550.0347334508053,1550.0238578938577,1550.0143713091081,1550.0073596038408,1550.0004071911765,1549.896094471127,1549.793786468888,1549.9499585425997,1550.0942152011116,1550.0769336459962,1550.0612093733153,1550.047123576484,1550.0347334508053,1550.0238578938577,1550.0143713091081,1550.0073596038408,1550.0004071911765,1549.896094471127,1549.793786468888,1549.9499585425997,1550.0942152011116,1550.0769336459962,1550.0612093733153,1550.047123576484,1550.0347334508053,1550.0238578938577,1550.0143713091081,1550.0073596038408,1550.0004071911765,1549.896094471127,1549.793786468888,1549.9499585425997,1550.0942152011116,1550.0769336459962,1550.0612093733153,1550.047123576484,1550.0347334508053,1550.0238578938577,1550.0143713091081,1550.0073596038408,1550.0004071911765,1549.896094471127,1549.793786468888,1549.9499585425997,1550.0942152011116,1550.0769336459962,1550.0612093733153,1550.047123576484,1550.0347334508053,1550.0238578938577,1550.0143713091081,1550.0073596038408,1550.0004071911765,1549.896094471127,1549.793786468888,1549.9499585425997,1550.0942152011116,1552.5270552507916,1554.961402873915,1557.3973470334433,1559.8349530558492,1562.2740464481801,1564.7145076047493,1567.1574410342962,1569.6004123401744,1571.9446163311839,1574.2905269646865,1576.8990884669372,1579.4960022507328,1581.9285145083347,1584.362563877512,1586.7982408612813,1589.2356118709806,1591.674498978554,1594.1147801960317,1596.5575806293625,1599.0004200636718,1602.7771646919161,1606.5554646035796,1610.6018464984727,1614.6365996454656,1618.503406721833,1622.3717571058671,1626.2417476907522,1630.113450945708,1633.9866887073142,1637.861339648314,1641.7385643843659,1645.6158169251037,1649.3894244065316,1653.1646474621477,1657.2157261449647,1661.2548177304222,1665.1211050736679,1668.98898255898,1672.8585495213902,1676.7298801502334,1680.6027908355363,1684.4771564727967,1688.354170335727,1692.2312137865356,1696.001684121147,1699.7738303207157,1699.9451158209158,1700.1033328012193,1700.0843788375441,1700.0671328610556,1700.0516839225952,1700.0380947524961,1700.0261667222956,1700.0157620809573,1700.0080718235674,1700.0004465967743,1699.886039097365,1699.7738303207157,1699.9451158209158,1700.1033328012193,1700.0843788375441,1700.0671328610556,1700.0516839225952,1700.0380947524961,1700.0261667222956,1700.0157620809573,1700.0080718235674,1700.0004465967743,1699.886039097365,1699.7738303207157,1699.9451158209158,1700.1033328012193
Hillcrest,Queens,neighborhood,,,,,,,,,,,,,,,,,,,,,,,,,,,,,,,,,,,,,,,,,,,,,,,,,,,,,,,,,,,,,,,,,,,,,,,,,,,,,,,,,,,,,,,,,,,,,,,,,,,,,,,,,,,,,,,,,,,,,,,,,,,,,,,,,,,,,,,,,,,,,,,,,,,,,,,,,,,,,,,,,,,,,,,,,,,,,,,,,,,,,,,,,,,,,,,,,,,,,,,,,,,,,,,,,,,,,,,,,,,,,,,,,,,,,,,,,,,,,,,,,,,,,,,,,,,,,,,,,,,,,,,,,,,,,,,,,,,,,,,,,,,,,,,,,,,,,,,,,,,,,,,,,,,,,,,,,,,,,,,,,,,,,,,,,,,,,,,,,,,,,,,,,,,,,,,,,,,,,,,,,,,,,,,,,,,,,,,,
Hollis,Queens,neighborhood,,,,,,,,,,,,,,,,,,,,,,,,,,,,,,,,,,,,,,,,,,,,,,,,,,,,,,,,,,,,,,,,,,,,,,,,,,,,,,,,,,,,,,,,,,,,,,,,,,,,,,,,,,,,,,,,,,,,,,,,,,,,,,,,,,,,,,,,,,,,,,,,,,,,,,,,,,,,,,,,,,,,,,,,,,,,,,,,,,,,,,,,,,,,,,,,,,,,,,,,,,,,,,,,,,,,,,,,,,,,,,,,,,,,,,,,,,,,,,,,,,,,,,,,,,,,,,,,,,,,,,,,,,,,,,,,,,,,,,,,,,,,,,,,,,,,,,,,,,,,,,,,,,,,,,,,,,,,,,,,,,,,,,,,,,,,,,,,,,,,,,,,,,,,,,,,,,,,,,,,,,,,,,,,,,,,,,,,
Howard Beach,Queens,neighborhood,,,,,,,,,,,,,,,,,,,,,,,,,,,,,,,,,,,,,,,,,,,,,,,,,,,,,,,,,,,,,,,,,,,,,,,,,,,,,,,,,,,,,,,,,,,,,,,,,,,,,,,,,,,,,,,,,,,,,,,,,,,,,,,,,,,,,,,,,,,,,,,,,,,,,,,,,,,,,,,,,,,,,,,,,,,,,,,,,,,,,,,,,,,,,,,,,,,,,,,,,,,,,,,,,,,,,,,,,,,,,,,,,,,,,,,,,,,,,,,,,,,,,,,,,,,,,,,,,,,,,,,,,,,,,,,,,,,,,,,,,,,,,,,,,,,,,,,,,,,,,,,,,,,,,,,,,,,,,,,,,,,,,,,,,,,,,,,,,,,,,,,,,,,,,,,,,,,,,,,,,,,,,,,,,,,,,,,,
Hunts Point,Bronx,neighborhood,,,,,,,,,,,,,,,,,,,,,,,,,,,,,,,,,,,,,,,,,,,,,,,,,,,,,,,,,,,,,,,,,,,,,,,,,,,,,,,,,,,,,,,,,,,,,,,,,,,,,,,,,,,,,,,,,,,,,,,,,,,,,,,,,,,,,,,,,,,,,,,,,,,,,,,,,,,,,,,,,,,,,,,,,,,,,,,,,,,,,,,,,,,,,,,,,,,,,,,,,,,,,,,,,,,,,,,,,,,,,,,,,,,,,,,,,,,,,,,,,,,,,,,,,,,,,,,,,,,,,,,,,,,,,,,,,,,,,,,,,,,,,,,,,,,,,,,,,,,,,,,,,,,,,,,,,,,,,,,,,,,,,,,,,,,,,,,,,,,,,,,,,,,,,,,,,,,,,,,,,,,,,,,,,,,,,,,,
Inwood,Manhattan,neighborhood,,,,,,,,,,,,,,,,,,,,,,,,,,,,,,,,,,,,,,,,,,,,,,,,,,,,,,,1300.0,1250.0,,,,,1250.0,1250.0,1275.0,,,,,,,,,,,,1425.0,,,,1550.0,1500.0,,,,,1450.0,1499.0,1450.0,1400.0,1425.0,1480.0,1500.0,1500.0,1563.0,,1525.0,,,1478.0,,1500.0,1500.0,,,,,,,1550.0,1575.0,1599.0,1599.0,1625.0,1598.0,1587.0,,1600.0,1650.0,1675.0,,,,,,,,1650.0,1698.0,1595.0,,1613.0,1600.0,1625.0,1625.0,1625.0,1685.0,,1663.0,1650.0,1595.0,1554.0,1575.0,1663.0,1676.0,1700.0,1688.0,1676.0,1700.0,1650.0,,1680.0,1700.0,1695.0,1700.0,1707.0,1700.0,1725.0,,1695.0,1723.0,1750.0,1700.0,1720.0,,,1838.0,1900.0,,1825.0,,,,,,1775.0,1850.0,,2050.0,1878.0,,,,1746.0,1746.0,3125.0,3125.0,3125.0,3125.0,3125.0,1315.166781852116,1320.193317448513,1295.9200391301908,1299.7251928080793,1302.6874249530508,1298.634460457182,1290.1006391661865,1298.25519728496,1285.0905824813308,1288.7226572174052,1300.0280940151758,1306.3602088695552,1315.166781852116,1320.193317448513,1295.9200391301908,1299.7251928080793,1302.6874249530508,1298.634460457182,1290.1006391661865,1298.25519728496,1285.0905824813308,1288.7226572174052,1300.0280940151758,1306.3602088695552,1315.166781852116,1320.193317448513,1295.9200391301908,1299.7251928080793,1302.6874249530508,1298.634460457182,1290.1006391661865,1298.25519728496,1285.0905824813308,1288.7226572174052,1300.0280940151758,1306.3602088695552,1315.166781852116,1320.193317448513,1295.9200391301908,1299.7251928080793,1302.6874249530508,1298.634460457182,1290.1006391661865,1298.25519728496,1285.0905824813308,1288.7226572174052,1300.0280940151758,1306.3602088695552,1315.166781852116,1320.193317448513,1295.9200391301908,1299.7251928080793,1302.6874249530508,1298.634460457182,1290.1006391661865,1248.3223050816925,1235.6640216166643,1239.156401170582,1250.0270134761306,1256.1155854514955,1264.583444088573,1269.4166513928008,1270.9984999161488,1287.2278351849247,1302.6874249530508,1311.1213302692704,1314.9102668424594,1335.7048664374108,1334.5171433459973,1350.6804772759344,1375.0297148237437,1394.28829985116,1416.333457379202,1434.4408160738649,1420.5277352004016,1455.942163097512,1490.5750343212792,1517.154682168727,1538.1969159289147,1497.986766098031,1472.9115137670638,1467.1611789859692,1470.0317678479298,1467.1430038073468,1466.9167951427448,1522.2844483502467,1445.4492744144436,1399.7040537933162,1427.9458311985366,1478.4453857512535,1488.577660576369,1497.986766098031,1545.074292629477,1530.605986725903,1525.0329564408794,1516.7176989131656,1511.0929101229056,1500.9582486068477,1484.3268755883494,1499.6829147785531,1503.1008749458279,1505.5597316289309,1502.7545906770963,1519.3865770422883,1511.0405750055209,1522.3921500095723,1542.8904852048242,1557.5833259598544,1593.3751395516022,1623.837780461671,1593.9816481301348,1624.6564910100992,1601.3034654422886,1585.3329913427292,1581.3656680856293,1597.8525505045664,1631.0765085339967,1660.4695775685798,1671.9111305243248,1676.9143065777464,1685.0574392480237,1688.3241463524253,1654.1671653320466,1655.8998850679857,1656.5424225965478,1648.266815195654,1685.0699117724498,1592.8592612842397,1585.6040725385035,1599.007420070519,1600.0345772494472,1632.950261086944,1643.958477315145,1650.2416468106412,1679.7117430264398,1673.6461328928654,1666.4378366899412,1648.266815195654,1582.8542457462058,1551.91428967756,1556.936667236997,1648.5736761173423,1676.036219668796,1708.3171962140339,1707.6934828972092,1702.0338461874674,1694.664666554865,1649.6512062564084,1668.4419711898688,1678.2353027446661,1687.0546819865517,1692.725045690775,1680.5030693986635,1692.1919814385467,1700.0367383275377,1733.4395079230637,1729.950151513168,1721.328979288638,1717.5924826317837,1749.6300672416453,1703.514324938605,1718.1932861433486,1745.936198338239,1796.2525755255501,1816.9203773851432,1883.5177297792845,1862.5402500794348,1833.9287547591834,1837.861272075393,1836.4227556815852,1794.3508234110336,1791.2879259854942,1787.0199291022618,1773.135513316537,1835.9124480441885,1947.3827959274402,2026.4889954513294,1861.7085771186823,1845.0398718907688,1820.8651526704878,1799.7551576268572,1773.1211786654642,1740.5202987087025,3124.3394057886526,3131.4601561371414,3121.7174530220723,3101.2034595341024,3120.8057627042313
Jackson Heights,Queens,neighborhood,,,,,,,,,,,,,,,,,,,,,,,,,,,,,,,,,,,,,,,,,,,,,,,,,,,1400.0,,,,,,,1450.0,1450.0,1450.0,1450.0,1450.0,1450.0,1450.0,1350.0,1350.0,1495.0,1495.0,1425.0,,1338.0,,1375.0,1495.0,1550.0,1500.0,1575.0,1575.0,,,1650.0,1600.0,1475.0,1475.0,1475.0,1475.0,1450.0,1500.0,1500.0,1550.0,1550.0,1567.0,1568.0,1550.0,1525.0,1450.0,1600.0,1600.0,1600.0,1585.0,1595.0,1510.0,1600.0,1583.0,1600.0,1625.0,1570.0,1595.0,1495.0,1500.0,1538.0,1600.0,1600.0,1650.0,1588.0,1513.0,1600.0,1650.0,1588.0,1650.0,1673.0,1650.0,1691.0,1650.0,1600.0,1610.0,1625.0,1598.0,1595.0,1600.0,1550.0,1538.0,1500.0,1500.0,1500.0,1500.0,1550.0,1550.0,1588.0,1595.0,1590.0,1600.0,1648.0,1695.0,1650.0,1650.0,1628.0,1650.0,1775.0,1750.0,1750.0,1725.0,1673.0,1725.0,1750.0,1750.0,1700.0,1800.0,1800.0,1749.0,1799.0,1799.0,1800.0,1825.0,2250.0,1850.0,1850.0,1900.0,1825.0,1800.0,,1850.0,1785.0,1850.0,1850.0,1788.0,1887.0,1899.0,1850.0,1850.0,1900.0,1900.0,1875.0,1950.0,,2050.0,2023.0,2095.0,1416.5024683976865,1408.751070772698,1403.3515573821562,1405.0964775180694,1401.6405704208612,1399.7140078127413,1385.716730778068,1394.720934851008,1371.0366683473032,1390.8507557779674,1413.6822569823444,1410.2578688752758,1416.5024683976865,1408.751070772698,1403.3515573821562,1405.0964775180694,1401.6405704208612,1399.7140078127413,1385.716730778068,1394.720934851008,1371.0366683473032,1390.8507557779674,1413.6822569823444,1410.2578688752758,1416.5024683976865,1408.751070772698,1403.3515573821562,1405.0964775180694,1401.6405704208612,1399.7140078127413,1385.716730778068,1394.720934851008,1371.0366683473032,1390.8507557779674,1413.6822569823444,1410.2578688752758,1416.5024683976865,1408.751070772698,1403.3515573821562,1405.0964775180694,1401.6405704208612,1399.7140078127413,1385.716730778068,1394.720934851008,1371.0366683473032,1390.8507557779674,1413.6822569823444,1410.2578688752758,1416.5024683976865,1408.751070772698,1403.3515573821562,1412.2653370972432,1415.943025221074,1421.138201809875,1413.9966640592534,1430.3005505359827,1413.007178602833,1440.523997055752,1464.1709090174281,1460.6242213351072,1467.0918422690324,1459.0636090145802,1453.4712558600902,1455.2784945722863,1351.5819786201162,1349.724221819429,1479.7475089380084,1489.3627125730407,1395.5194659963622,1372.4716565051872,1351.0763284588406,1366.4391422352226,1391.2077814620136,1504.344893432274,1553.7106528159586,1505.460511626503,1576.845641723469,1574.678258789334,1583.6762637463635,1618.8725136663486,1615.8646448378931,1589.5437208891058,1489.41523503497,1485.8073975650227,1492.3865292047055,1484.2198781355212,1453.4712558600902,1505.460511626503,1501.7577540223515,1549.6833657926777,1534.1863805042897,1561.0912177939497,1535.5610685489796,1539.8704796113211,1539.9038870700538,1460.6242213351072,1618.8599638830703,1610.0012237402264,1603.8303512938928,1590.7699406186714,1596.869078443767,1509.6915369980281,1583.6762637463635,1577.0308856208183,1566.8990495397752,1614.3803415279979,1585.3436739016292,1606.6866434686178,1512.6222787532438,1509.3761472564622,1541.6819251812544,1605.8245457349365,1601.8749376238416,1649.6629377793022,1571.7986917682658,1507.294838878268,1566.8990495397752,1639.2169621668902,1603.5195886342592,1662.0896311744323,1692.7204497352354,1660.3137619821084,1695.048202523733,1656.0065627891533,1601.8749376238416,1609.6711089846524,1608.4212053674005,1591.9743242085076,1562.0024900099634,1589.5437208891058,1565.1482130875956,1549.2690016644103,1517.6812161403784,1509.3761472564622,1503.5909543380244,1505.460511626503,1551.8163458230965,1549.6833657926777,1571.7986917682658,1588.9856364909697,1557.1059304801515,1589.5437208891058,1664.1059710763598,1707.4193483882805,1669.4493377544163,1660.3137619821084,1631.897382441536,1656.0065627891533,1777.0800089264492,1749.6425097659267,1732.145913472585,1718.4954375842776,1638.3888186750276,1713.726824083567,1767.1028212279307,1762.822336094095,1720.0387116257623,1811.2513767077546,1804.3091452056294,1755.3669565565024,1801.1081329908068,1798.6325000393724,1781.6357967146591,1818.1183615022069,2203.451788415309,1837.9099272780284,1868.080125298098,1913.9213934735888,1846.512146304127,1811.2513767077546,1829.3689944445964,1856.7346310060202,1787.0917272865981,1849.622081752551,1831.125679956733,1781.257879652573,1847.9615665509723,1886.5897037302573,1868.080125298098,1863.5550410137573,1922.396207111146,1911.8764531915187,1879.4886929225306,1957.0986651144538,2002.3436720298018,2049.5812257258,2002.3606759743084,2087.1002560806155
Jamaica,Queens,neighborhood,,,,,,,,,,,,,,,,,,,,,,,,,,,,,,,,,,,,,,,,,,,,,,,,,,,,,,,,,,,,,,,,,,,,,,,,,,,,,,,,,,,,,,,,,,,,,,,1828.0,1828.0,,,,,,,,,,,,,1729.0,1685.0,1650.0,1729.0,1729.0,1800.0,1800.0,1800.0,1775.0,1800.0,1750.0,1753.0,1755.0,1755.0,1745.0,,1769.0,1788.0,1682.0,1713.0,1725.0,1750.0,1697.0,1738.0,1755.0,1750.0,1755.0,1778.0,1822.0,1950.0,1935.0,2026.0,2045.0,2050.0,2045.0,2015.0,1936.0,1950.0,2000.0,2055.0,2055.0,2070.0,,2113.0,2100.0,2108.0,2130.0,2130.0,2155.0,2130.0,2107.0,1913.0,2150.0,2175.0,2150.0,2225.0,2340.0,2200.0,2350.0,2075.0,2100.0,2150.0,2050.0,2125.0,2200.0,2170.0,2150.0,2150.0,2400.0,2450.0,2514.0,2400.0,2400.0,2351.0,2150.0,2055.0,2080.0,2168.0,2155.0,2150.0,1831.6392866300002,1837.724177904771,1853.2559337438959,1852.2129738853869,1832.9879990133375,1820.5449290660342,1833.9763258105727,1823.6642157545878,1807.101297790133,1809.9636295089426,1806.1769117527854,1828.2307254213758,1831.6392866300002,1837.724177904771,1853.2559337438959,1852.2129738853869,1832.9879990133375,1820.5449290660342,1833.9763258105727,1823.6642157545878,1807.101297790133,1809.9636295089426,1806.1769117527854,1828.2307254213758,1831.6392866300002,1837.724177904771,1853.2559337438959,1852.2129738853869,1832.9879990133375,1820.5449290660342,1833.9763258105727,1823.6642157545878,1807.101297790133,1809.9636295089426,1806.1769117527854,1828.2307254213758,1831.6392866300002,1837.724177904771,1853.2559337438959,1852.2129738853869,1832.9879990133375,1820.5449290660342,1833.9763258105727,1823.6642157545878,1807.101297790133,1809.9636295089426,1806.1769117527854,1828.2307254213758,1831.6392866300002,1837.724177904771,1853.2559337438959,1852.2129738853869,1832.9879990133375,1820.5449290660342,1833.9763258105727,1823.6642157545878,1807.101297790133,1809.9636295089426,1806.1769117527854,1828.2307254213758,1831.6392866300002,1837.724177904771,1853.2559337438959,1852.2129738853869,1832.9879990133375,1820.5449290660342,1833.9763258105727,1823.6642157545878,1807.101297790133,1809.9636295089426,1806.1769117527854,1828.2307254213758,1831.6392866300002,1837.724177904771,1853.2559337438959,1852.2129738853869,1832.9879990133375,1820.5449290660342,1833.9763258105727,1823.6642157545878,1807.101297790133,1809.9636295089426,1806.1769117527854,1828.2307254213758,1831.6392866300002,1837.724177904771,1853.2559337438959,1852.2129738853869,1832.9879990133375,1820.5449290660342,1833.9763258105727,1823.6642157545878,1807.101297790133,1809.9636295089426,1806.1769117527854,1828.2307254213758,1824.0087408727047,1822.4123874980573,1830.0941338650061,1821.3479537852936,1794.8071767817435,1775.038966775796,1780.4943533401665,1762.8856406461198,1739.3464056704981,1734.5611722957692,1723.407737501869,1736.8345757074978,1732.4421917851587,1693.9634790861812,1672.7966579198185,1751.9016585600843,1733.717861211193,1792.6591205245415,1805.884784715006,1795.7306282047361,1754.707222963614,1782.2398977659172,1729.1080938552377,1753.221259115794,1758.4939540676423,1764.3358491372392,1769.1091927697473,1780.272535621786,1773.827007797918,1780.7080597210445,1687.4990043836888,1708.9369811748406,1705.2788504857656,1732.7332339390864,1676.740820155622,1738.2193658546778,1758.4939540676423,1759.3092512764495,1779.2473543328979,1801.5506934180623,1826.9716270253289,1942.0473805682532,1941.3261435686313,2021.1945848571088,2021.6204343439947,2029.7732169000726,2020.586315390835,2015.2543280766258,1939.854299188009,1960.3731657080436,2027.6323126300829,2082.2197272070407,2060.6074058930026,2061.557988603223,2098.3377929063527,2107.988231887004,2075.991644069628,2087.2009469391965,2104.5715656638035,2130.268843078518,2159.2902968750823,2141.3306886964783,2136.1106413557923,1938.3388506798387,2155.8666290364745,2166.129770633821,2157.0290484095904,2219.72258208641,2313.2478319632996,2178.293208380566,2321.945154605605,2075.2619011210913,2104.1807997390592,2161.437080139638,2078.3231204458352,2153.146919861295,2206.003062269881,2161.1501619656974,2157.0290484095904,2144.9004725778796,2372.561878936717,2425.826527514721,2483.9872845440386,2400.3029217786116,2404.778056844639,2363.5063141433902,2179.704736077339,2082.2197272070407,2085.6756225097056,2159.158318498448,2162.0453950337987,2144.9004725778796
Jamaica Estates,Queens,neighborhood,,,,,,,,,,,,,,,,,,,,,,,,,,,,,,,,,,,,,,,,,,,,,,,,,,,,,,,,,,,,,,,,,,,,,,,,,,,,1395.0,,,,,,,,,,,,,1450.0,,,,,,,,,,,,,,,,,,,,,,,,,,,,,,1500.0,,,,,,,,,,,,,,1550.0,,,,,,,,,,,,,,1525.0,,,,,,,,,1563.0,1600.0,1613.0,1650.0,1625.0,1695.0,1725.0,1699.0,1750.0,1738.0,1737.0,1699.0,1650.0,1600.0,,1650.0,1700.0,1700.0,1695.0,,,,,,,,,,,,,,1800.0,1399.9758103933887,1398.9203891857983,1396.6636375877479,1396.0374354628789,1392.4040049332425,1391.7018247345757,1393.6919578308075,1391.272573104557,1392.3654921302195,1392.894759103926,1395.5010392474317,1398.6442125442225,1399.9758103933887,1398.9203891857983,1396.6636375877479,1396.0374354628789,1392.4040049332425,1391.7018247345757,1393.6919578308075,1391.272573104557,1392.3654921302195,1392.894759103926,1395.5010392474317,1398.6442125442225,1399.9758103933887,1398.9203891857983,1396.6636375877479,1396.0374354628789,1392.4040049332425,1391.7018247345757,1393.6919578308075,1391.272573104557,1392.3654921302195,1392.894759103926,1395.5010392474317,1398.6442125442225,1399.9758103933887,1398.9203891857983,1396.6636375877479,1396.0374354628789,1392.4040049332425,1391.7018247345757,1393.6919578308075,1391.272573104557,1392.3654921302195,1392.894759103926,1395.5010392474317,1398.6442125442225,1399.9758103933887,1398.9203891857983,1396.6636375877479,1396.0374354628789,1392.4040049332425,1391.7018247345757,1393.6919578308075,1391.272573104557,1392.3654921302195,1392.894759103926,1395.5010392474317,1398.6442125442225,1399.9758103933887,1398.9203891857983,1396.6636375877479,1396.0374354628789,1392.4040049332425,1391.7018247345757,1393.6919578308075,1391.272573104557,1392.3654921302195,1392.894759103926,1395.5010392474317,1398.6442125442225,1399.9758103933887,1398.9203891857983,1396.6636375877479,1396.0374354628789,1396.6269010055516,1400.1433577216617,1406.372364395025,1408.1504317250701,1413.4793884817943,1418.2410657212017,1425.1270607588879,1432.5787840093153,1438.1885496348955,1441.3469794285438,1443.257599580612,1446.8444223614451,1447.3016538732627,1448.2345153450601,1451.9705940602917,1451.112253668194,1453.9156990702652,1456.132513997533,1460.5243851621865,1465.485035126981,1468.5528811533993,1469.1171112237953,1468.4157718963181,1469.4253054274745,1467.2644353059975,1468.1872296781723,1471.9518407675434,1471.058813856073,1473.8779283481176,1476.1023313323562,1480.5315685205726,1485.5372819018087,1488.624218936817,1489.173317520366,1488.439623331268,1489.4401790541824,1487.227216738732,1488.1399440112846,1491.9330874747952,1491.0053740439519,1493.8401576259703,1496.0721486671796,1500.5387518789587,1507.499266464715,1512.5186686789812,1514.9598684730997,1516.0916086461984,1518.9859448840848,1518.597301847315,1521.3944678998048,1527.138141197096,1528.0489858214414,1532.814033835111,1536.962727019437,1543.411287646929,1550.4683666964881,1555.5286782148762,1552.5652552791694,1548.2727984523676,1545.7915792055685,1539.9859962395308,1537.4278990603416,1537.842380504552,1533.3918144431946,1532.814033835111,1531.613668804752,1532.6931537049363,1534.3549541095733,1534.0236734469288,1531.076462818558,1526.8186719149217,1530.3594762465632,1530.5908141842833,1534.0311869774428,1540.4431142029564,1541.9799167463093,1547.4054728548747,1552.2095240639608,1559.3376407488824,1567.083085452774,1605.7070226734206,1617.5330378184176,1651.9677433833579,1626.20848217002,1691.8457264242622,1720.9216112309268,1697.4069077810339,1745.3240164394085,1734.7177242453918,1734.3786355294044,1699.6102262949005,1654.310358923274,1605.7070226734206,1629.56676159636,1651.9677433833579,1701.2642582701749,1696.836421782446,1690.9925397312586,1700.9036259548027,1705.4308960636506,1714.2564392355928,1722.3967451285105,1733.1222584201973,1744.5454694099978,1753.7331388261266,1759.9321025240688,1764.6019077049505,1771.3163159636526,1774.1921998342928,1780.7797542302633,1790.8192361374356,1795.190416909106
Jamaica Hills,Queens,neighborhood,,,,,,,,,,,,,,,,,,,,,,,,,,,,,,,,,,,,,,,,,,,,,,,,,,,,,,,,,,,,,,,,,,,,,,,,,,,,,,,,,,,,,,,,,,,,,,,,,,,,,,,,,,,,,,,,,,,,,,,,,,,,,,,,,,,,,,,,,,,,,,,1585.0,,,1575.0,1600.0,,1625.0,,,,,,,,1550.0,1650.0,,,,,,,,,1695.0,1600.0,1675.0,1600.0,1647.0,,,,,,,,,,,,,1899.0,,,,,1589.0159103553733,1587.9149667687332,1584.6095105564273,1583.1461153589012,1581.795370197752,1582.0906985593117,1582.6283035028741,1583.1164003241806,1583.7051062315045,1584.3983285679838,1585.146434423552,1592.504929272258,1589.0159103553733,1587.9149667687332,1584.6095105564273,1583.1461153589012,1581.795370197752,1582.0906985593117,1582.6283035028741,1583.1164003241806,1583.7051062315045,1584.3983285679838,1585.146434423552,1592.504929272258,1589.0159103553733,1587.9149667687332,1584.6095105564273,1583.1461153589012,1581.795370197752,1582.0906985593117,1582.6283035028741,1583.1164003241806,1583.7051062315045,1584.3983285679838,1585.146434423552,1592.504929272258,1589.0159103553733,1587.9149667687332,1584.6095105564273,1583.1461153589012,1581.795370197752,1582.0906985593117,1582.6283035028741,1583.1164003241806,1583.7051062315045,1584.3983285679838,1585.146434423552,1592.504929272258,1589.0159103553733,1587.9149667687332,1584.6095105564273,1583.1461153589012,1581.795370197752,1582.0906985593117,1582.6283035028741,1583.1164003241806,1583.7051062315045,1584.3983285679838,1585.146434423552,1592.504929272258,1589.0159103553733,1587.9149667687332,1584.6095105564273,1583.1461153589012,1581.795370197752,1582.0906985593117,1582.6283035028741,1583.1164003241806,1583.7051062315045,1584.3983285679838,1585.146434423552,1592.504929272258,1589.0159103553733,1587.9149667687332,1584.6095105564273,1583.1461153589012,1581.795370197752,1582.0906985593117,1582.6283035028741,1583.1164003241806,1583.7051062315045,1584.3983285679838,1585.146434423552,1592.504929272258,1589.0159103553733,1587.9149667687332,1584.6095105564273,1583.1461153589012,1581.795370197752,1582.0906985593117,1582.6283035028741,1583.1164003241806,1583.7051062315045,1584.3983285679838,1585.146434423552,1592.504929272258,1589.0159103553733,1587.9149667687332,1584.6095105564273,1583.1461153589012,1581.795370197752,1582.0906985593117,1582.6283035028741,1583.1164003241806,1583.7051062315045,1584.3983285679838,1585.146434423552,1592.504929272258,1589.0159103553733,1587.9149667687332,1584.6095105564273,1583.1461153589012,1581.795370197752,1582.0906985593117,1582.6283035028741,1583.1164003241806,1583.7051062315045,1584.3983285679838,1585.146434423552,1592.504929272258,1589.0159103553733,1587.9149667687332,1584.6095105564273,1583.1461153589012,1581.795370197752,1582.0906985593117,1582.6283035028741,1583.1164003241806,1583.7051062315045,1584.3983285679838,1585.146434423552,1592.504929272258,1589.0159103553733,1587.9149667687332,1584.6095105564273,1583.1461153589012,1581.795370197752,1582.0906985593117,1582.6283035028741,1583.1164003241806,1583.7051062315045,1584.3983285679838,1585.146434423552,1589.1558127017593,1582.3323523728059,1577.8965758112017,1599.605815072734,1610.6139501679672,1621.714496259525,1612.6594857160176,1603.8465063100894,1594.977288181499,1586.2030638123113,1577.5259383415453,1568.894933124257,1566.7585956365474,1553.927230946895,1653.0345079926876,1654.5922649658594,1658.0583921108996,1661.633622321298,1666.9346792391486,1672.493633039315,1678.0035031827276,1683.6234094637762,1689.3584702081341,1695.1565970649342,1607.5759538395034,1679.2439431200316,1602.9425532050302,1646.5942358904956,1664.4355397728648,1682.3608608533723,1702.0239997556062,1721.9579682713388,1741.8506144988837,1761.8671269179704,1782.0155915827722,1802.2434127270349,1830.0861062964234,1845.5103009325135,1863.6519117383293,1879.1523120818392,1896.7788473606015,1895.1605097826696,1895.5143448354152,1896.158453218901,1896.7432455619046
Kensington,Brooklyn,neighborhood,,,,,,,,,,,,,,,,,,,,,,,,,,,,,,,,,,,,,,,,,,,,,,,,,,,,,1650.0,1600.0,1600.0,1575.0,1550.0,1369.0,1290.0,1438.0,1398.0,1438.0,1348.0,1300.0,1400.0,1500.0,1415.0,1415.0,1500.0,1500.0,1573.0,1550.0,,1580.0,1580.0,1613.0,1500.0,1495.0,1463.0,,1513.0,1525.0,1550.0,,1500.0,,,1500.0,1500.0,1525.0,1500.0,1500.0,1500.0,1450.0,1425.0,1400.0,1475.0,1450.0,1450.0,1450.0,1500.0,1550.0,1545.0,1588.0,,1400.0,1475.0,1895.0,1500.0,1550.0,1500.0,,1515.0,1495.0,1550.0,1600.0,1450.0,1600.0,1695.0,1788.0,1695.0,,2200.0,2500.0,,1700.0,1623.0,1650.0,1550.0,1497.0,1563.0,1475.0,1450.0,1500.0,1500.0,1495.0,1500.0,1568.0,1595.0,1585.0,1700.0,1600.0,1698.0,1720.0,1800.0,1675.0,1850.0,1775.0,1900.0,1888.0,1888.0,1700.0,1750.0,1868.0,1900.0,1899.0,,1868.0,1950.0,1950.0,1850.0,1850.0,1900.0,1895.0,1900.0,1925.0,1925.0,1850.0,2000.0,,2050.0,,2150.0,,1900.0,1900.0,1800.0,2063.0,2130.0,,2025.0,,,1995.0,2450.0,2500.0,2600.0,2433.0,1662.2563853031502,1648.9844407760872,1619.869218676281,1606.08264478573,1623.9059503816231,1646.75829226363,1663.3117180150289,1669.5685936605528,1683.3672065415383,1685.6966747731676,1660.2246905690972,1634.2207439254812,1662.2563853031502,1648.9844407760872,1619.869218676281,1606.08264478573,1623.9059503816231,1646.75829226363,1663.3117180150289,1669.5685936605528,1683.3672065415383,1685.6966747731676,1660.2246905690972,1634.2207439254812,1662.2563853031502,1648.9844407760872,1619.869218676281,1606.08264478573,1623.9059503816231,1646.75829226363,1663.3117180150289,1669.5685936605528,1683.3672065415383,1685.6966747731676,1660.2246905690972,1634.2207439254812,1662.2563853031502,1648.9844407760872,1619.869218676281,1606.08264478573,1623.9059503816231,1646.75829226363,1663.3117180150289,1669.5685936605528,1683.3672065415383,1685.6966747731676,1660.2246905690972,1634.2207439254812,1662.2563853031502,1648.9844407760872,1619.869218676281,1606.08264478573,1623.9059503816231,1596.8565258313988,1612.9083326206342,1593.6791121305278,1581.344951599627,1398.6174228875554,1297.9938489903852,1424.2481392514194,1408.3845010023053,1437.1149247490991,1323.3840647125012,1265.3984474069387,1377.8595942631953,1497.0529929669365,1426.4158066613734,1431.7815515331408,1530.3338241286713,1532.4515225210614,1582.7475383425394,1535.1770624754522,1576.6249957572302,1579.0275251067987,1551.1474942475902,1570.0674582056863,1476.2781367105663,1492.0628163237134,1474.8030566399923,1505.6473135556985,1543.5967172711196,1557.992381229746,1559.6050123527884,1510.416142112945,1511.1421684574093,1499.0767643418976,1472.608380614801,1460.075131623391,1476.2781367105663,1522.003876183052,1512.1015618318445,1517.7896306005025,1530.3338241286713,1481.3698051036927,1433.8304145824022,1386.6115403004085,1485.9564656497857,1449.1075388638342,1423.5214345943075,1411.4059605692778,1476.2781367105663,1546.9547593991676,1557.4646086868,1606.8332889290655,1524.2124888321564,1430.2880876863242,1484.1402536905566,1876.8777634780529,1511.1421684574093,1549.0459898199608,1472.608380614801,1467.375507281508,1491.0409180776721,1492.0628163237134,1562.5049472262392,1618.9756059738695,1479.3226966577156,1634.6149573557989,1705.5035457664362,1770.9010243265216,1707.5906503568724,1946.3013323705636,2159.825624901708,2433.4585527056515,2066.789391394793,1696.6600586958614,1636.0938899020557,1669.5685936605528,1581.344951599627,1529.3866194760194,1572.6855705209084,1460.8943013879302,1460.7707628421622,1499.0767643418976,1472.608380614801,1455.2082145179795,1476.2781367105663,1564.9193953147708,1607.8679940811946,1603.7977096678644,1734.378334012494,1634.6149573557989,1708.5221361129256,1703.5513209405017,1813.370602148891,1673.969053515119,1816.2170027582545,1727.7555724210126,1869.9523065000508,1884.2907004810506,1903.2318324923483,1720.1615813472363,1785.3894614834496,1908.4129627128953,1911.7738861098696,1880.8395107360539,1897.4908495263535,1866.850263860443,1914.390894799241,1898.097671110408,1820.7430352763652,1846.365357992555,1915.328644987003,1917.4742333253016,1938.4228438963169,1966.6461205686956,1936.9288056639468,1832.3081068255397,2014.8562246098788,2023.7536318615616,2012.564786840228,2044.1051842727472,2115.9986626184786,2021.021540505364,1915.328644987003,1922.5335320939698,1836.4005889544055,2107.631660640633,2143.19914600738,2057.632482124356,2040.0419274175024,2013.759786765949,1968.386535421784,1941.8999250591098,2411.254289960592,2495.088321611561,2620.9760405085303,2461.854780834015
Kew Gardens,Queens,neighborhood,,,,,,,,,,,,,,,,,,,,,,,,,,,,,,,,,,,,,,,,,,,,,,,,,,,,,,,,,,,1295.0,,1338.0,,1450.0,1450.0,1450.0,1450.0,1450.0,1400.0,1400.0,1405.0,1450.0,1425.0,1400.0,1400.0,1500.0,1500.0,1550.0,1500.0,1500.0,1513.0,1500.0,1500.0,1500.0,1525.0,1463.0,1400.0,1450.0,1513.0,1450.0,1495.0,1510.0,,,,,,,1450.0,1473.0,1400.0,1475.0,1475.0,1595.0,1500.0,1525.0,1488.0,1575.0,1550.0,1475.0,1495.0,1575.0,1525.0,1499.0,,1525.0,1550.0,1570.0,1530.0,1498.0,1500.0,1525.0,1525.0,1700.0,1650.0,1575.0,1550.0,1550.0,1550.0,1525.0,1500.0,1500.0,1525.0,1500.0,1475.0,1513.0,1500.0,1550.0,1550.0,1500.0,1615.0,1568.0,1545.0,1450.0,1598.0,1623.0,1600.0,1650.0,1650.0,1650.0,1725.0,1713.0,1613.0,1750.0,1750.0,1725.0,1750.0,1725.0,1699.0,1700.0,1700.0,1650.0,1650.0,,,,,1702.0,1700.0,1725.0,,,1985.0,2450.0,2545.0,1900.0,1900.0,1825.0,1775.0,1725.0,1995.0,2173.0,1825.0,1800.0,1625.0,1800.0,1800.0,1850.0,1850.0,1298.7705057525448,1317.385685358194,1281.4064809715383,1287.0710306317753,1269.4815037099345,1264.9220113268086,1292.587203959851,1300.5963524618087,1301.5615982039399,1312.879012592046,1318.1688572249543,1297.7003043251407,1298.7705057525448,1317.385685358194,1281.4064809715383,1287.0710306317753,1269.4815037099345,1264.9220113268086,1292.587203959851,1300.5963524618087,1301.5615982039399,1312.879012592046,1318.1688572249543,1297.7003043251407,1298.7705057525448,1317.385685358194,1281.4064809715383,1287.0710306317753,1269.4815037099345,1264.9220113268086,1292.587203959851,1300.5963524618087,1301.5615982039399,1312.879012592046,1318.1688572249543,1297.7003043251407,1298.7705057525448,1317.385685358194,1281.4064809715383,1287.0710306317753,1269.4815037099345,1264.9220113268086,1292.587203959851,1300.5963524618087,1301.5615982039399,1312.879012592046,1318.1688572249543,1297.7003043251407,1298.7705057525448,1317.385685358194,1281.4064809715383,1287.0710306317753,1269.4815037099345,1264.9220113268086,1292.587203959851,1300.5963524618087,1301.5615982039399,1312.879012592046,1318.1688572249543,1319.2451356324693,1341.895704013054,1418.0970234666581,1434.779457458479,1441.1220034100959,1421.4271663161428,1416.3219431844575,1447.2984137002193,1406.050110769523,1407.093619679935,1424.39769319832,1475.9419636881728,1427.9713773461974,1404.0762224351836,1424.2007409277771,1484.254611163944,1490.8158655966508,1519.4566260620836,1465.1606308804733,1497.205255551951,1519.5384411387772,1507.6003067999304,1520.7092809946478,1526.8365141601787,1528.1798950547025,1467.2596524447667,1424.2007409277771,1434.779457458479,1503.7362697651552,1421.4271663161428,1460.2767621108717,1507.1866239222973,1507.9170065497638,1500.4212577199307,1504.778040908037,1502.1163039309188,1470.2021098090672,1462.8181868431864,1475.0650531037693,1457.538028162993,1391.4281412235407,1445.934531252628,1440.7412870324654,1592.0282550702414,1506.4822615387745,1532.7269785799292,1508.5436067466906,1603.1783398681875,1553.2320244818286,1479.2945914942113,1520.8429340621622,1558.467341722141,1515.6627966899284,1469.4616015916538,1476.881915927517,1522.158676477817,1556.6983369234003,1577.954987783927,1551.1234666145406,1524.8007321412986,1503.127765627576,1529.4401708668963,1551.3615213677572,1682.155225985803,1639.897452156316,1543.963990998569,1513.999318576489,1547.1120974036828,1556.6983369234003,1532.7269785799292,1520.7092809946478,1526.8365141601787,1528.1798950547025,1504.3673811805538,1500.4972091917653,1497.1181511273649,1490.8158655966508,1519.4566260620836,1513.999318576489,1497.205255551951,1621.979234923414,1575.9448540415272,1566.330559424487,1475.9419636881728,1601.332112981911,1627.7255064373592,1627.6579896317453,1632.6800722803384,1639.897452156316,1617.4860858080247,1684.9347255125442,1709.808401840328,1619.9705919080288,1758.8670245999188,1774.160827827089,1755.8619912842055,1753.6490598988387,1730.0224883576368,1728.3693277402097,1682.155225985803,1689.591314342871,1617.4860858080247,1611.6766939685206,1657.3064042123065,1678.0203750526564,1689.718423861362,1714.9545464870305,1732.450498067083,1703.5448010445862,1730.0224883576368,1842.9835778434451,1878.40666901748,1972.8463288062346,2401.7217637755516,2485.889203727203,1896.4599903658047,1908.210864615781,1834.2470399399153,1799.505982510333,1755.8619912842055,1999.1599282846762,2179.326879536896,1856.5473944237094,1781.1055333967327,1615.0505210630386,1764.530275426936,1758.1927570565679,1846.553148514073,1857.9947892311552
Kew Gardens Hills,Queens,neighborhood,,,,,,,,,,,,,,,,,,,,,,,,,,,,,,,,,,,,,,,,,,,,,,,,,,,,,,,,,,,,,,,,,,,,,,,,,,,,,,,,,,,,,,,,,,,,,,,,,,,,,,,,,,,,,,,,,,,,,,,,,,,,,,,,,,,,,,,,,,,,,,,,,,,,,,,,,,,,,,,,,,,,,,,,,,,,,,,,,,,,,,,,,,,,,,,,,,,,,,,,,,,,,,,,,,,,,,,,,,,,,,,,,,,,,,,,,,,,,,,,,,,,,,,,,,,,,,,,,,,,,,,,,,,,,,,,,,,,,,,,,,,,,,,,,,,,,,,,,,,,,,,,,,,,,,,,,,,,,,,,,,,,,,,,,,,,,,,,,,,,,,,,,,,,,,,,,,,,,,,,,,,,,,,,,,,,,,,,
Kingsbridge,Bronx,neighborhood,,,,,,,,,,,,,,,,,,,,,,,,,,,,,,,,,,,,,,,,,,,,,,,,,,,,,,,,,,,,,,,,,,,,,,,,,,,,,,,,,,,,,,,,,,,,,,,,,,,,,,,,,,,,,,,,,,,,,,,,,,,,,,,,,,,,,,,,,,,,,,1450.0,,,,,,,,,,,,,,,,,,,,,,,,,,,,,,,,,,,,,,,,,,,,,,,1450.0,1450.0,1450.0,1450.0,1450.0,1450.0,1450.0,1450.0,1450.0,1450.0,1450.0,1450.0,1450.0,1450.0,1450.0,1450.0,1450.0,1450.0,1450.0,1450.0,1450.0,1450.0,1450.0,1450.0,1450.0,1450.0,1450.0,1450.0,1450.0,1450.0,1450.0,1450.0,1450.0,1450.0,1450.0,1450.0,1450.0,1450.0,1450.0,1450.0,1450.0,1450.0,1450.0,1450.0,1450.0,1450.0,1450.0,1450.0,1450.0,1450.0,1450.0,1450.0,1450.0,1450.0,1450.0,1450.0,1450.0,1450.0,1450.0,1450.0,1450.0,1450.0,1450.0,1450.0,1450.0,1450.0,1450.0,1450.0,1450.0,1450.0,1450.0,1450.0,1450.0,1450.0,1450.0,1450.0,1450.0,1450.0,1450.0,1450.0,1450.0,1450.0,1450.0,1450.0,1450.0,1450.0,1450.0,1450.0,1450.0,1450.0,1450.0,1450.0,1450.0,1450.0,1450.0,1450.0,1450.0,1450.0,1450.0,1450.0,1450.0,1450.0,1450.0,1450.0,1450.0,1450.0,1450.0,1450.0,1450.0,1450.0,1450.0,1450.0,1450.0,1450.0,1450.0,1450.0,1450.0,1450.0,1450.0,1450.0,1450.0,1450.0,1450.0,1450.0,1450.0,1450.0,1450.0,1450.0,1450.0,1450.0,1450.0,1450.0,1450.0,1450.0,1450.0,1450.0,1450.0,1450.0,1450.0,1450.0,1450.0,1450.0,1450.0,1450.0,1450.0,1450.0,1450.0,1450.0,1450.0,1450.0,1450.0,1450.0,1450.0,1450.0,1450.0,1450.0,1450.0,1450.0,1450.0,1450.0,1450.0,1450.0,1450.0,1450.0,1450.0,1450.0,1450.0,1450.0,1450.0,1450.0,1450.0,1450.0,1450.0,1450.0,1450.0,1450.0,1450.0,1450.0,1450.0,1450.0,1450.0,1450.0,1450.0,1450.0,1450.0,1450.0,1450.0,1450.0
Laconia,Bronx,neighborhood,,,,,,,,,,,,,,,,,,,,,,,,,,,,,,,,,,,,,,,,,,,,,,,,,,,,,,,,,,,,,,,,,,,,,,,,,,,,,,,,,,,,,,,,,,,,,,,,,,,,,,,,,,,,,,,,,,,,,,,,,,,,,,,,,,,,,,,,,,,,,,,,,,,,,,,,,,,,,,,,,,,,,,,,,,,,,,,,,,,,,,,,,,,,,,,,,,,,,,,,,,,,,,,,,,,,,,,,,,,,,,,,,,,,,,,,,,,,,,,,,,,,,,,,,,,,,,,,,,,,,,,,,,,,,,,,,,,,,,,,,,,,,,,,,,,,,,,,,,,,,,,,,,,,,,,,,,,,,,,,,,,,,,,,,,,,,,,,,,,,,,,,,,,,,,,,,,,,,,,,,,,,,,,,,,,,,,,,
Laurelton,Queens,neighborhood,,,,,,,,,,,,,,,,,,,,,,,,,,,,,,,,,,,,,,,,,,,,,,,,,,,,,,,,,,,,,,,,,,,,,,,,,,,,,,,,,,,,,,,,,,,,,,,,,,,,,,,,,,,,,,,,,,,,,,,,,,,,,,,,,,,,,,,,,,,,,,,,,,,,,,,,,,,,,,,,,,,,,,,,,,,,,,,,,,,,,,,,,,,,,,,,,,,,,,,,,,,,,,,,,,,,,,,,,,,,,,,,,,,,,,,,,,,,,,,,,,,,,,,,,,,,,,,,,,,,,,,,,,,,,,,,,,,,,,,,,,,,,,,,,,,,,,,,,,,,,,,,,,,,,,,,,,,,,,,,,,,,,,,,,,,,,,,,,,,,,,,,,,,,,,,,,,,,,,,,,,,,,,,,,,,,,,,,
Little Italy,Manhattan,neighborhood,,1975.0,3200.0,3095.0,,,,,,,,,,,,,,,,,,,,,,,,,,,,,,,,,,,,,,,,,,,,,,,,,,,,,,,,,,,,2045.0,,,,,,,,,,2600.0,2700.0,3100.0,,2050.0,,,,,3000.0,,,3000.0,2500.0,3500.0,3500.0,2400.0,2620.0,2679.0,,,,,,,,,2150.0,2000.0,2100.0,2190.0,1971.0,1893.0,1850.0,1900.0,2073.0,1750.0,,2525.0,2948.0,2823.0,2100.0,2373.0,2199.0,2150.0,2100.0,,,2099.0,,2493.0,2600.0,2345.0,2093.0,1785.0,2125.0,1800.0,1995.0,1995.0,1870.0,1850.0,1870.0,1995.0,1985.0,2390.0,2390.0,2490.0,,2150.0,,,,,,,,,,,,,,,,,,,,,2750.0,2890.0,,,,,,,,,3048.0,,,,,,,,,,,,,,3350.0,2650.0,1991.3512202041327,2012.8348820414208,3242.361451688574,2965.6415839614533,2944.2555828973013,3058.043113248426,3075.826252921338,3021.566760035253,3015.0395293974866,3045.536966147886,3003.122457239114,2981.265098794894,2961.8198528352605,2975.9381547144044,2940.923160476902,2764.4187301223883,2743.347809572059,2848.177409398044,2863.5260021034314,2811.805100660905,2804.5130784669886,2831.6363765522146,2790.9590540363506,2769.398543550587,2750.081242079378,2761.9152052315194,2728.1431902098393,2563.1958762833237,2542.4400362468164,2638.311705547662,2651.225751285525,2602.0434412865566,2593.9866275364907,2617.735786956544,2578.795650833587,2557.53198830628,2538.3426313234954,2547.892255748634,2515.3632199427766,2361.973022444259,2341.5322629215743,2428.4460016972794,2438.9255004676183,2392.2817819122083,2383.460176605993,2403.835197360873,2366.6322476308237,2345.6654330619726,2326.604020567613,2333.869306265749,2302.583249675714,2160.7501686051946,2140.624489596332,2218.5802978468973,2226.6252496497113,2182.5201225378605,2172.933725675495,2189.934607765202,2154.4688444280605,2133.7988778176655,2114.865409811731,2119.8463567828635,2089.803279408651,1959.5273147661298,2009.5560850936738,2154.621226197257,2235.723831827622,2264.4270561983203,2328.3222966003864,2422.1695336119305,2458.5697223520215,2511.1231238241935,2565.566166992109,2649.8079459785795,2735.7424748622343,2970.4326042909547,2463.5119824404715,2048.6890137775404,2264.5360087243375,2427.2420584746,2626.5681020852585,2862.1936036373104,3030.9057600394754,3026.6650749186742,3024.8372965126064,3057.4707068983607,2533.0948841316986,3353.7142306510777,3348.462888754039,2398.4651868615106,2648.6983673472164,2675.9594545898985,2626.7908813984122,2609.021318491535,2528.4489384862645,2465.6110489939347,2404.857681738504,2370.8986737159626,2297.573350904876,2116.4598473369138,2056.912917377481,1998.7209890512588,2123.002508179067,2187.5144477610593,1975.941118019101,1928.1610290695476,1869.0585520243433,1916.8878807818269,2090.162571890211,1783.5245790240438,2165.796125932602,2419.4652663982774,2820.3624560134017,2821.194676045852,2123.002508179067,2370.306750930134,2204.51269331507,2189.934607765202,2121.634032027633,2118.3292563236364,2116.713921492933,2139.210337926553,2326.394341586552,2388.8027362894677,2487.4295745030004,2343.500359662601,2115.925833151803,1782.9741046819593,2130.327182034799,1833.4336251057505,2015.5523304262513,2012.7322748209183,1885.4819148261913,1885.440269253989,1894.7549733305104,1911.6171114711144,1899.0568097647906,2388.4715819162543,2416.1790450228427,2487.173961152985,2325.8160293274045,2189.934607765202,2201.014897171524,2226.760733690168,2254.2239852582043,2307.662414492334,2323.2098794465005,2224.4022958400005,2248.2536538777117,2377.050319121676,2433.509677742672,2432.9498587296844,2470.463454796658,2539.1600601662976,2547.404126890321,2572.665313680873,2599.9196762882166,2657.087638137861,2670.6057492702766,2552.9294041486773,2576.2663450209648,2719.6882029590347,2780.122332139254,2886.719979008886,2914.8445333064906,2979.4428157119746,2972.9817832920544,2986.533737999382,3002.431094316217,3052.714641354297,3052.7733723606725,2903.7841881516665,2916.0328242635173,3067.6084208388856,3125.0019232638533,3109.181493950797,3142.143083955865,3214.4747787469155,3210.1621864189533,3227.433858221613,3247.2348577419143,3304.2522710980143,3306.919184164159,3147.974129072769,3163.6824060766735,3326.3000231360916,3386.694477333273,2646.9923682953454
Little Neck,Queens,neighborhood,,,,,,,,,,,,,,,,,,,,,,,,,,,,,,,,,,,,,,,,,,,,,,,,,,,,,,,,,,,,,,,,,,,,,,,,,,,,,,,,,,,,,,,,,,,,,,,,,,,,,,,,,,,,,,,,,,,,,,,,,,,,,,,,,,,,,,,,,,,,,,,,,,,,,,,,,,,,,,,,,,,,,,,,,,,,,,,,,,,,,,,,,,,,,,,,,,,,,,,,,,,,,,,,,,,,,,,,,,,,,,,,,,,,,,,,,,,,,,,,,,,,,,,,,,,,,,,,,,,,,,,,,,,,,,,,,,,,,,,,,,,,,,,,,,,,,,,,,,,,,,,,,,,,,,,,,,,,,,,,,,,,,,,,,,,,,,,,,,,,,,,,,,,,,,,,,,,,,,,,,,,,,,,,,,,,,,,,
Long Island City,Queens,neighborhood,1775.0,1786.0,1950.0,1895.0,,,2045.0,2044.0,1975.0,1975.0,2150.0,2200.0,1975.0,1930.0,2000.0,2075.0,2188.0,2240.0,,2125.0,2100.0,2125.0,2150.0,2150.0,2095.0,2315.0,2285.0,2330.0,2320.0,2290.0,2300.0,2300.0,2175.0,2225.0,2225.0,2170.0,2200.0,2244.0,2170.0,2153.0,2155.0,2195.0,2195.0,2295.0,2295.0,2195.0,2240.0,2228.0,2220.0,2273.0,2300.0,2560.0,2590.0,2475.0,2395.0,2395.0,2375.0,2418.0,2455.0,2450.0,2450.0,2388.0,2425.0,2498.0,2500.0,2478.0,2495.0,2495.0,2483.0,2395.0,2395.0,2425.0,2395.0,2439.0,2425.0,2450.0,2493.0,2495.0,2450.0,2495.0,2495.0,2450.0,2395.0,2344.0,2379.0,2438.0,2355.0,2400.0,2400.0,2490.0,2450.0,2470.0,2427.0,2300.0,2260.0,2210.0,2286.0,2340.0,2336.0,2395.0,2455.0,2500.0,2529.0,2509.0,2516.0,2470.0,2431.0,2445.0,2425.0,2447.0,2546.0,2573.0,2600.0,2700.0,2745.0,2745.0,2714.0,2657.0,2608.0,2597.0,2638.0,2621.0,2583.0,2562.0,2516.0,2499.0,2408.0,2300.0,2321.0,2500.0,2500.0,2500.0,2450.0,2395.0,2434.0,2405.0,2475.0,2580.0,2691.0,2750.0,2715.0,2823.0,2810.0,2950.0,2950.0,2950.0,2995.0,3106.0,3200.0,3188.0,3200.0,3300.0,3249.0,3225.0,3245.0,3195.0,3212.0,3200.0,3298.0,3300.0,3300.0,3220.0,3300.0,3330.0,3318.0,3300.0,3330.0,3330.0,3300.0,3335.0,3350.0,3390.0,3375.0,3295.0,3350.0,3387.0,3400.0,3395.0,3350.0,3350.0,3490.0,3404.0,3487.0,3588.0,3558.0,3567.0,3545.0,3555.0,1806.252425326202,1808.0969714263813,1970.7442229151188,1882.933213914139,1917.6035587916545,1965.0429406399626,2018.5134565570827,2016.0112714455609,1975.557358839513,1988.0691206169327,2163.5396172468127,2221.732497608068,2009.773825362957,1953.87858614385,2021.2761260667885,2061.787028428411,2157.180764337347,2206.364003525572,2154.2325764967395,2095.902129071339,2100.5926347154314,2139.0617120561933,2163.5396172468127,2171.2385772078846,2131.88666538501,2343.6419310481933,2309.307974031306,2315.1632656569627,2287.32146858439,2255.6132000328394,2270.210733536083,2268.5058338183903,2175.6138002409825,2239.7234396823674,2239.0119294763526,2191.436145367958,2238.735400404307,2271.7634960138857,2193.0845967824657,2139.290348051262,2124.6455882755863,2162.0397266690316,2166.570678309436,2263.574299397046,2295.6476650818645,2209.5249213945153,2254.1063919222606,2250.0090930321708,2259.087540407982,2301.1222934222646,2324.467544976807,2543.6986953140877,2553.5183636351594,2437.835227109728,2363.9803073125736,2362.2049878239327,2375.6702416424523,2434.000574000883,2470.4603536469417,2474.202099608985,2493.1371504502504,2417.5451107313543,2450.797302855981,2482.0934925369497,2464.7860652849026,2440.790178900164,2462.6851218141423,2460.8356762508192,2483.700719999246,2410.8483766468626,2410.0825038633097,2448.955139408893,2437.168765440143,2469.1760992771246,2450.797302855981,2434.3991419998106,2457.884664302105,2457.534905712635,2418.2679552884365,2460.8356762508192,2495.7041064833343,2466.2123268412583,2410.0825038633097,2367.1549883605962,2420.8870534372027,2468.1637269526977,2380.0526384436434,2384.717526856957,2366.1946226735067,2452.6099860619083,2418.2679552884365,2436.1780041440975,2427.6849164068344,2315.2197354019977,2274.232341850138,2231.831281688105,2326.2496024201114,2368.9512391588646,2360.850515246009,2379.749365342672,2420.4199161097745,2462.4598253633617,2496.244758744676,2474.6439726305834,2516.7100328304887,2486.3446723664933,2446.3092137334893,2469.1527075689664,2467.6969754456563,2477.2750778725394,2573.0845084830216,2556.6159152512296,2563.377507896299,2659.4566113924307,2709.4471580680643,2707.412397318036,2714.7659098179433,2674.5821030274383,2624.4238705952034,2622.654225585524,2684.4472664848004,2653.427862322814,2610.478116815257,2545.685959919802,2480.560696102726,2461.474841433216,2376.8119331977773,2268.5058338183903,2321.6550024640555,2516.5431906543454,2515.743740984666,2524.696020009168,2493.1371504502504,2424.631717002342,2459.893045423282,2389.6856883712426,2440.1382046320537,2541.258539774989,2656.146558237217,2712.34393173938,2715.7661920249507,2841.6805708868865,2827.6959648667644,2979.1413036108183,3001.9406505421384,2986.4983570592526,3026.860998785016,3086.2219326740455,3154.926163564676,3140.1287693033587,3158.5540640502027,3254.812718087256,3249.916890566875,3246.3407159441053,3265.435375798096,3226.561513571717,3268.5536845902875,3239.591438165969,3333.0843318841344,3278.986599428316,3253.5176061760717,3171.64825506801,3257.2588785517714,3284.401924615322,3318.936362850382,3321.8370116637357,3350.970662991575,3362.8950986522123,3358.10310060646,3376.261701963596,3385.637511161871,3368.413506685452,3327.4611881346186,3245.5220498289104,3306.611285802556,3340.621417018647,3400.9595038249845,3417.465652908601,3371.096612919452,3383.092666812285,3551.4484306413774,3446.115392349049,3524.0949257974457,3565.152702651151,3507.883528113474,3513.4376788284444,3499.0856740806153,3506.3209735758164
Longwood,Bronx,neighborhood,,,,,,,,,,,,,,,,,,,,,,,,,,,,,,,,,,,,,,,,,,,,,,,,,,,,,,,,,,,,,,,,,,,,,,,,,,,,,,,,,,,,,,,,,,,,,,,,,,,,,,,,,,,,,,,,,,,,,,,,,,,,,,,,,,,,,,,,,,,,,,,,,,,,,,,,,,,,,,,,,,,,,,,,,,,,,,,,,,,,,,,,,,,,,,,,,,,,,,,,,,,,,,,,,,,,,,,,,,,,,,,,,,,,,,,,,,,,,,,,,,,,,,,,,,,,,,,,,,,,,,,,,,,,,,,,,,,,,,,,,,,,,,,,,,,,,,,,,,,,,,,,,,,,,,,,,,,,,,,,,,,,,,,,,,,,,,,,,,,,,,,,,,,,,,,,,,,,,,,,,,,,,,,,,,,,,,,,
Lower East Side,Manhattan,neighborhood,1695.0,1825.0,1850.0,1850.0,1940.0,1700.0,1850.0,1898.0,1900.0,1750.0,1775.0,1550.0,1550.0,1750.0,1695.0,1672.0,1694.0,1650.0,1798.0,1795.0,1800.0,2250.0,2151.0,1995.0,2100.0,2195.0,1895.0,1925.0,2150.0,2150.0,1900.0,2075.0,2298.0,2100.0,2295.0,2048.0,2148.0,2245.0,2195.0,2325.0,2145.0,2145.0,2098.0,2100.0,2173.0,2024.0,2000.0,2173.0,2100.0,2000.0,2100.0,2300.0,2475.0,2300.0,2300.0,2473.0,2425.0,2700.0,2900.0,2820.0,2835.0,2500.0,2363.0,2198.0,2350.0,2950.0,2425.0,2300.0,2450.0,2250.0,2250.0,2225.0,2200.0,2475.0,2500.0,2250.0,2295.0,2200.0,2195.0,2248.0,2250.0,2195.0,2150.0,2150.0,2150.0,2450.0,2425.0,2385.0,2198.0,2195.0,2250.0,2250.0,2225.0,2100.0,2100.0,2195.0,2100.0,2087.0,2100.0,2150.0,2150.0,2400.0,2200.0,2200.0,2150.0,2195.0,2150.0,2074.0,2195.0,2200.0,2200.0,2173.0,2225.0,2250.0,2250.0,2213.0,2320.0,2850.0,3099.0,2595.0,2671.0,2595.0,2600.0,2500.0,2300.0,2099.0,2049.0,2100.0,1923.0,2100.0,2000.0,1932.0,1895.0,1995.0,2250.0,2132.0,2132.0,2465.0,2350.0,2295.0,2290.0,2395.0,2508.0,2508.0,2344.0,2344.0,2495.0,2726.0,2995.0,2700.0,2600.0,2695.0,2595.0,2599.0,2795.0,2650.0,2925.0,2675.0,2499.0,3200.0,3200.0,3515.0,3300.0,3100.0,2799.0,2598.0,3399.0,2550.0,2499.0,2726.0,2599.0,3000.0,3000.0,2895.0,3300.0,3450.0,3400.0,3183.0,2975.0,3038.0,3595.0,3749.0,3500.0,3450.0,3500.0,3500.0,3400.0,3650.0,1723.160980782012,1820.3574041140018,1881.8484966747449,1843.3132408995828,1919.533568878687,1659.2191898624778,1859.6297374281264,1896.1120355759665,1909.9834551020745,1746.414603873907,1724.5212640387997,1598.0474527579222,1575.7519293286837,1745.5481957257552,1724.1801091155094,1665.9566155589741,1676.1287967425235,1610.4186254547578,1807.359063727444,1793.214490968841,1809.4580100967023,2245.3902049807375,2089.8283036323705,2056.8417214529386,2134.8897107033777,2189.416165496019,1927.6231898371034,1918.0421560711873,2127.3181304583386,2098.424269531957,1909.8900006018596,2072.935971454231,2310.0747262234563,2095.6975246486886,2229.7331273065042,2111.4846343536933,2183.687189805169,2239.288971088183,2232.7878109194944,2316.596370319746,2122.3708789921566,2093.544213091185,2108.9206427698427,2097.9111036404265,2184.417919966741,2019.8532332804502,1943.1225510296333,2240.359428930945,2134.8897107033777,1994.9122236865774,2136.152347576737,2291.686731929211,2448.8894757601806,2244.825962755117,2311.9721059917247,2470.540075858464,2437.7420413802793,2694.468245976885,2817.5276989929685,2907.4153656628005,2882.10110944956,2493.6402796082216,2403.6799987256336,2190.0554072958284,2325.208189105626,2879.2333000554763,2437.622763926058,2297.7121611299913,2462.8734026316224,2245.3902049807375,2186.0128699083375,2293.971343475082,2236.551125498777,2468.7038768121397,2543.038509019925,2241.8674551481413,2270.788422977622,2147.224833939677,2206.425553326885,2245.7638861827045,2261.8225126208777,2190.5028888589864,2088.8567423568556,2216.6464667287305,2185.720418101077,2443.7674740160573,2466.7473537493274,2376.3795024570295,2174.8117445336875,2142.344777498905,2261.7118428179915,2247.7618967576,2236.6911513695345,2095.6975246486886,2040.278678581115,2263.041392776541,2134.8897107033777,2081.6909054169437,2136.152347576737,2142.2289015860015,2127.3181304583386,2342.427091570557,2211.4515796442583,2197.811632385209,2161.2970676155055,2190.5028888589864,2088.8567423568556,2138.2905916257614,2231.468054759007,2194.4034460552352,2237.873887937534,2165.1457689052936,2201.5269024510712,2196.025398347397,2261.7118428179915,2210.7987011220307,2332.190324124638,2844.1609263089344,3010.868392820417,2675.440735423747,2715.376389185106,2588.3986102333342,2644.760049380722,2490.96383905349,2275.7356744438043,2048.647693836083,2059.665584859584,2097.9111036404265,1933.1043074533102,2095.6975246486886,1943.1225510296333,1991.8888249860036,1926.48381037281,1989.924943127361,2288.7346581179327,2124.293961944816,2109.5080251800828,2405.867825300593,2362.232369165458,2292.717134692752,2302.0326906230266,2390.0931293017184,2436.67567899116,2585.7438783979796,2382.943562804151,2338.037126160669,2537.9524320018854,2716.1469701039255,2963.4036282431275,2635.2304780168765,2613.5336850341237,2692.3192496718807,2608.6352978894124,2593.6751745533056,2715.5137650639126,2732.1456450377377,2973.596382765419,2668.195099180797,2542.0212936163175,3188.4337139884674,3166.240938356597,3430.6796778627113,3317.1773694663875,3096.916391088249,2813.707205700372,2592.677223351092,3302.336775474862,2629.0458093759366,2540.5187557370195,2719.065360884805,2643.7428339771145,2989.1566068641882,2968.3508797093095,2825.552679206984,3317.1773694663875,3446.5682416949867,3417.86513018266,3176.4786766460834,2890.3947946565795,3132.173007405527,3654.727861894592,3739.4629633004893,3560.2539126278957,3437.530097893816,3463.076026327528,3416.039508540395,3417.697895813854,3646.369299184551
Manhattan,Manhattan,borough,2000.0,2000.0,1975.0,2000.0,2000.0,2000.0,2000.0,2052.0,2100.0,2175.0,2100.0,2095.0,2100.0,2100.0,2100.0,2138.0,2100.0,2195.0,2195.0,2200.0,2250.0,2250.0,2250.0,2291.0,2250.0,2250.0,2250.0,2250.0,2285.0,2250.0,2250.0,2250.0,2250.0,2250.0,2295.0,2300.0,2300.0,2325.0,2350.0,2325.0,2300.0,2297.0,2295.0,2300.0,2350.0,2350.0,2300.0,2350.0,2350.0,2350.0,2395.0,2400.0,2400.0,2350.0,2350.0,2375.0,2400.0,2400.0,2400.0,2400.0,2400.0,2425.0,2450.0,2500.0,2500.0,2495.0,2481.0,2500.0,2500.0,2500.0,2495.0,2500.0,2495.0,2497.0,2500.0,2500.0,2500.0,2520.0,2503.0,2500.0,2499.0,2450.0,2450.0,2475.0,2450.0,2475.0,2495.0,2495.0,2495.0,2455.0,2450.0,2495.0,2495.0,2450.0,2400.0,2400.0,2400.0,2400.0,2400.0,2455.0,2463.0,2475.0,2450.0,2450.0,2400.0,2450.0,2475.0,2500.0,2525.0,2527.0,2500.0,2524.0,2550.0,2536.0,2525.0,2520.0,2550.0,2550.0,2600.0,2600.0,2600.0,2624.0,2600.0,2550.0,2475.0,2395.0,2295.0,2200.0,2104.0,2100.0,2000.0,2000.0,2000.0,2100.0,2100.0,2150.0,2200.0,2250.0,2300.0,2337.0,2400.0,2450.0,2575.0,2600.0,2800.0,2880.0,2900.0,2995.0,3000.0,3000.0,3000.0,3050.0,3000.0,3000.0,3000.0,3100.0,3100.0,3200.0,3200.0,3283.0,3250.0,3250.0,3200.0,3200.0,3200.0,3150.0,3150.0,3195.0,3200.0,3200.0,3249.0,3303.0,3325.0,3300.0,3300.0,3295.0,3250.0,3250.0,3250.0,3300.0,3300.0,3400.0,3490.0,3500.0,3500.0,3500.0,3600.0,3600.0,2009.15683371254,1991.5682152892732,1964.3596848829939,1974.441309646897,1980.7141628832783,1989.3407486842566,2006.912680706278,2057.8463383769044,2109.3236098117713,2188.362497195559,2123.449191524292,2106.1158258072496,2109.614675398167,2091.146626053737,2088.6862472173607,2110.677760012533,2079.749871027442,2183.3014716809716,2202.58666707514,2206.2680041077924,2259.9895819411836,2263.823272960923,2275.124133776027,2303.1557789615317,2260.3014379266074,2240.5142422004324,2237.8781220186006,2221.246473352759,2262.965931094145,2238.0083422697885,2257.776765794563,2256.410458746606,2259.9895819411836,2263.823272960923,2320.6266164515478,2312.203531912494,2310.5303587694207,2315.19805027378,2337.339371886094,2295.288022464518,2277.82128731577,2284.7578498638686,2302.932301110454,2306.5529133854193,2360.433563360792,2364.437640648075,2325.6824478599387,2362.4688260845046,2360.7592796122344,2340.092652964896,2382.096934326466,2369.3295715762765,2376.856995459934,2337.4753797040016,2358.122399829877,2381.7665953436394,2410.655554070596,2414.7448244916513,2426.799076027762,2412.7341202565153,2410.9882004550477,2414.7764610382437,2436.800621753587,2468.0516370586215,2475.8927036040977,2481.70258398361,2489.5751804161378,2507.122731940673,2511.0995354902043,2515.3591921788034,2522.8598727871945,2513.264708600537,2506.4231500563938,2486.4729167886576,2486.531246687334,2468.0516370586215,2475.8927036040977,2506.5693433421634,2511.651219903907,2507.122731940673,2510.095095676008,2465.0520083352276,2477.357390111674,2488.1320615145314,2461.2171212978615,2464.5656664204757,2481.5581841939593,2463.1155337845044,2470.9409181968895,2441.915769009925,2458.4680338651906,2502.1084864767918,2506.0773364192237,2465.0520083352276,2426.799076027762,2412.7341202565153,2410.9882004550477,2389.881858347128,2387.0699968198405,2423.626707591566,2439.2494915907573,2461.8091764967676,2458.4680338651906,2456.9802773018596,2410.655554070596,2465.0520083352276,2502.6365471536296,2513.264708600537,2536.5605025620816,2516.346440017997,2486.531246687334,2491.7449327743843,2525.41055767618,2522.4840693316373,2533.727259391676,2527.1797137961985,2561.321526200008,2565.6663760223796,2629.0323323634093,2613.7952969445582,2611.903883826302,2612.9374984595265,2585.9924965548275,2517.412669799794,2451.133776568057,2382.2355465493974,2302.932301110454,2206.2680041077924,2113.3413690685557,2112.901721430195,2022.3325633564687,2010.6117668804293,2009.15683371254,2091.146626053737,2088.6862472173607,2122.5244078704145,2178.785579171606,2238.0083422697885,2307.94958281222,2343.6583298181413,2410.655554070596,2465.0520083352276,2603.7531753214535,2613.7952969445582,2812.819567197556,2867.8582300165535,2884.3762461573074,2956.7258611962284,2971.071244324917,2984.0111230263847,3010.3690210594173,3058.6897329676212,3013.319442588245,3018.4310306145644,3033.4988450347028,3116.4482386646655,3114.193092254437,3186.5091444628374,3182.7599957597877,3241.0454097853817,3218.660514685327,3232.678716611917,3211.060289130045,3209.1170968840615,3214.2074054274613,3169.352582145292,3185.173787286438,3211.9522975914856,3214.650933940064,3186.5091444628374,3231.4960081948593,3260.789822881851,3292.93729579345,3282.4122353290236,3311.4059231653587,3304.387760697807,3264.4293961372655,3269.9669498324447,3286.290415454261,3317.5094153527084,3315.1087756256907,3385.6659659917646,3471.1976203755185,3455.27229188207,3466.249785045737,3481.346310197449,3612.4428252713005,3610.256733994569
Manhattan Beach,Brooklyn,neighborhood,,,,,,,,,,,,,,,,,,,,,,,,,,,,,,,,,,,,,,,,,,,,,,,,,,,,,,,,,,,,,,,,,,,,,,,,,,,,,,,,,,,,,,,,,,,,,,,,,,,,,,,,,,,,,,,,,,,,,,,,,,,,,,,,,,,,,,,,,,,,,,,,,,,,,,,,,,,,,,,,,,,,,,,,,,,,,,,,,,,,,,,,,,,,,,,,,,,,,,,,,,,,,,,,,,,,,,,,,,,,,,,,,,,,,,,,,,,,,,,,,,,,,,,,,,,,,,,,,,,,,,,,,,,,,,,,,,,,,,,,,,,,,,,,,,,,,,,,,,,,,,,,,,,,,,,,,,,,,,,,,,,,,,,,,,,,,,,,,,,,,,,,,,,,,,,,,,,,,,,,,,,,,,,,,,,,,,,,
Marble Hill,Manhattan,neighborhood,,,,,,,,,,,,,,,,,,,,,,,,,,,,,,,,,,,,,,,,,,,,,,,,,,,,,,,,,,,,,,,,,,,,,,,,,,,,,,,,,,,,,,,,,,,,,,,,,,,,,,,,,,,,,,,,,,,,,,,,,,,,,,,,,,,,,,,,,,,,,,,,,,,,,,,,,,,,,,,,,,,,,,,,,,,,,,,,,,,,,,,,,,,,,,,,,,,,,,,,,,,,,,,,,,,,,,,,,,,,,,,,,,,,,,,,,,,,,,,,,,,,,,,,,,,,,,,,,,,,,,,,,,,,,,,,,,,,,,,,,,,,,,,,,,,,,,,,,,,,,,,,,,,,,,,,,,,,,,,,,,,,,,,,,,,,,,,,,,,,,,,,,,,,,,,,,,,,,,,,,,,,,,,,,,,,,,,,
Marine Park,Brooklyn,neighborhood,,,,,,,,,,,,,,,,,,,,,,,,,,,,,,,,,,,,,,,,,,,,,,,,,,,,,,,,,,,,,,,,,,,,,,,,,,,,,,,,,,,,,,,,,,,,,,,,,,,,,,,,,,,,,,,,,,,,,,,,,,,,,,,,,,,,,,,,,,,,,,,,,,,,,,,,,,,,,,,,,,,,,,,,,,,,,,,,,,,,,,,,,,,,,,,,,,,,,,,,,,,,,,,,,,,,,,,,,,,,,,,,,,,,,,,,,,,,,,,,,,,,,,,,,,,,,,,,,,,,,,,,,,,,,,,,,,,,,,,,,,,,,,,,,,,,,,,,,,,,,,,,,,,,,,,,,,,,,,,,,,,,,,,,,,,,,,,,,,,,,,,,,,,,,,,,,,,,,,,,,,,,,,,,,,,,,,,,
Maspeth,Queens,neighborhood,,,,,,,,,,,,,,,,,,,,,,,,,,,,,,,,,,,,,,,,,,,,,,,,,,,,,,,,,,,,,,,,,,,,,,2000.0,,,,,,,,,,,,,,,,,,,,,,,,,,,,,,,,,,,,,,,,,,,,,,,,,,,,,,,,,,,,,,,,,,,,,,,,,,,,,,,,,,,,,,,,,,,,,,,,,,,,,,,,,,,,,,,,,,,,,,,2000.0,2000.0,2000.0,2000.0,2000.0,2000.0,2000.0,2000.0,2000.0,2000.0,2000.0,2000.0,2000.0,2000.0,2000.0,2000.0,2000.0,2000.0,2000.0,2000.0,2000.0,2000.0,2000.0,2000.0,2000.0,2000.0,2000.0,2000.0,2000.0,2000.0,2000.0,2000.0,2000.0,2000.0,2000.0,2000.0,2000.0,2000.0,2000.0,2000.0,2000.0,2000.0,2000.0,2000.0,2000.0,2000.0,2000.0,2000.0,2000.0,2000.0,2000.0,2000.0,2000.0,2000.0,2000.0,2000.0,2000.0,2000.0,2000.0,2000.0,2000.0,2000.0,2000.0,2000.0,2000.0,2000.0,2000.0,2000.0,2000.0,2000.0,2000.0,2000.0,2000.0,2000.0,2000.0,2000.0,2000.0,2000.0,2000.0,2000.0,2000.0,2000.0,2000.0,2000.0,2000.0,2000.0,2000.0,2000.0,2000.0,2000.0,2000.0,2000.0,2000.0,2000.0,2000.0,2000.0,2000.0,2000.0,2000.0,2000.0,2000.0,2000.0,2000.0,2000.0,2000.0,2000.0,2000.0,2000.0,2000.0,2000.0,2000.0,2000.0,2000.0,2000.0,2000.0,2000.0,2000.0,2000.0,2000.0,2000.0,2000.0,2000.0,2000.0,2000.0,2000.0,2000.0,2000.0,2000.0,2000.0,2000.0,2000.0,2000.0,2000.0,2000.0,2000.0,2000.0,2000.0,2000.0,2000.0,2000.0,2000.0,2000.0,2000.0,2000.0,2000.0,2000.0,2000.0,2000.0,2000.0,2000.0,2000.0,2000.0,2000.0,2000.0,2000.0,2000.0,2000.0,2000.0,2000.0,2000.0,2000.0,2000.0,2000.0,2000.0,2000.0,2000.0,2000.0,2000.0,2000.0,2000.0,2000.0,2000.0,2000.0,2000.0,2000.0,2000.0,2000.0,2000.0,2000.0,2000.0,2000.0,2000.0,2000.0,2000.0,2000.0,2000.0,2000.0,2000.0
Melrose,Bronx,neighborhood,,,,,,,,,,,,,,,,,,,,,,,,,,,,,,,,,,,,,,,,,,,,,,,,,,,,,,,,,,,,,,,,,,,,,,,,,,,,,,,,,,,,,,,,,,,,,,,,,,,,,,,,,,,,,,,,,,,,,,,,,,,,,,,,,,,,,,,,,,,,,,,,,,,,,,,,,,,,,,,,,,,,,,,,,,,,,,,,,,,,,,,,,,,,,,,,,,,,,,,,,,,,,,,,,,,,,,,,,,,,,,,,,,,,,,,,,,,,,,,,,,,,,,,,,,,,,,,,,,,,,,,,,,,,,,,,,,,,,,,,,,,,,,,,,,,,,,,,,,,,,,,,,,,,,,,,,,,,,,,,,,,,,,,,,,,,,,,,,,,,,,,,,,,,,,,,,,,,,,,,,,,,,,,,,,,,,,,,
Middle Village,Queens,neighborhood,,,,,,,,,,,,,,,,,,,,,,,,,,,,,,,,,,,,,,,,,,,,,,,,,,,,,,,,,,,,,,,,,,,,,,,,,,,,,,,,,,,,,,,,,,,,,,,,,,,,,,,,,,,,,,,,,,,,,,,,,,,,,,,,,,,,,,,,,,,,,,,,,,,,,,,,,,,,,,,,,,,,,,,,,,,,,,,,,,,,,,,,,,,,,,,,,,,,,,,,,,,,,,,,,,,,,,,,,,,,,,,,,,,,,,,,,,,,,,,,,,,,,,,,,,,,,,,,,,,,,,,,,,,,,,,,,,,,,,,,,,,,,,,,,,,,,,,,,,,,,,,,,,,,,,,,,,,,,,,,,,,,,,,,,,,,,,,,,,,,,,,,,,,,,,,,,,,,,,,,,,,,,,,,,,,,,,,,
Midtown,Manhattan,neighborhood,2450.0,2450.0,2375.0,2350.0,2448.0,2648.0,2800.0,2700.0,2800.0,2650.0,2795.0,2650.0,2650.0,2750.0,2795.0,2795.0,2795.0,2850.0,2575.0,2595.0,2500.0,2650.0,2750.0,2700.0,2713.0,2750.0,2725.0,2725.0,2773.0,2795.0,2795.0,2800.0,2800.0,2798.0,2795.0,2800.0,2800.0,2700.0,2700.0,2750.0,2738.0,2950.0,3000.0,2995.0,2975.0,2925.0,2800.0,2750.0,2795.0,2800.0,2800.0,2800.0,2800.0,2850.0,2895.0,2895.0,2897.0,2825.0,2800.0,2800.0,2850.0,2850.0,2895.0,2950.0,3000.0,2950.0,2995.0,2998.0,2995.0,2995.0,2920.0,2900.0,2900.0,2995.0,2850.0,2850.0,2900.0,2968.0,3000.0,3075.0,2995.0,2800.0,2750.0,2850.0,2829.0,2900.0,2895.0,2895.0,2900.0,2800.0,2800.0,2807.0,2795.0,2850.0,2800.0,2775.0,2750.0,2750.0,2750.0,2815.0,2815.0,2800.0,2895.0,2800.0,2800.0,2895.0,2750.0,2800.0,2925.0,2898.0,2981.0,2825.0,2800.0,2809.0,2921.0,2895.0,2975.0,2900.0,2925.0,2950.0,2850.0,2949.0,3000.0,2932.0,2700.0,2565.0,2450.0,2413.0,2400.0,2273.0,2375.0,2200.0,2250.0,2395.0,2498.0,2458.0,2500.0,2700.0,2900.0,2800.0,2895.0,2880.0,3123.0,3305.0,3325.0,3350.0,3325.0,3528.0,3595.0,3295.0,3686.0,3500.0,3343.0,3300.0,3376.0,3417.0,3350.0,3475.0,3500.0,3546.0,3516.0,3460.0,3480.0,3500.0,3475.0,3425.0,3471.0,3405.0,3321.0,3349.0,3284.0,3490.0,3575.0,3538.0,3598.0,3574.0,3298.0,3561.0,3555.0,3625.0,3625.0,3675.0,3629.0,3605.0,3740.0,3900.0,3842.0,3990.0,2482.577850128769,2450.666762309547,2372.6699912832805,2334.3006341277346,2434.309020133863,2637.797037929857,2745.3338319996656,2679.547102122425,2805.7903095810766,2678.224497152685,2814.019613835154,2682.1571944092916,2685.2372664658114,2750.7484066739808,2792.2579476365345,2776.3277754838373,2779.3683461087203,2839.018715294597,2524.726649071121,2575.342492595442,2505.1699192688184,2678.224497152685,2768.7133946499725,2732.7639339264483,2749.07498261198,2750.7484066739808,2722.326621577659,2706.7954161693942,2757.4913859604585,2784.2306348239995,2740.4314501568088,2778.7895873862185,2805.7903095810766,2827.8008086917785,2814.019613835154,2833.9774129607613,2837.231828718593,2700.7347992799087,2697.351147985203,2731.628401638838,2722.687131179133,2938.63340705932,2941.429105713927,2972.3124336506157,2981.152203929894,2956.153454404379,2819.053638189063,2783.3706734436046,2832.165343310167,2800.7620140680533,2797.2530423550256,2781.2943725777263,2784.3403825060527,2839.018715294597,2838.47908701394,2873.0699483868225,2902.9909024487065,2855.0883790401267,2819.053638189063,2833.9774129607613,2887.896682802854,2850.775621462126,2892.1598420063565,2930.29228539439,2983.2218383993422,2938.63340705932,2936.5267238710708,2975.2897082085296,3001.1935632840446,3026.8990071593557,2939.87022268288,2935.190891995074,2938.5615368871145,2995.8150829049355,2847.2039895399366,2830.960343516614,2883.7811104526972,2956.5640515769696,2941.429105713927,3051.7064218616506,3001.1935632840446,2829.822110199064,2768.7133946499725,2884.5841524779175,2866.6174440874643,2900.789228856198,2892.1598420063565,2875.6597173616133,2883.7811104526972,2789.211369412236,2745.3338319996656,2785.736561354684,2800.779969742539,2880.35464788119,2819.053638189063,2808.674043202183,2786.5669746343324,2750.7484066739808,2747.302095170114,2796.1941638593926,2799.2564916980496,2789.211369412236,2838.47908701394,2778.7895873862185,2805.7903095810766,2925.8339317951036,2768.7133946499725,2833.9774129607613,2963.893963929245,2898.7886845604353,2978.075471164404,2806.12735804717,2784.3403825060527,2798.176691671061,2863.971472596794,2873.0699483868225,2981.152203929894,2930.887185563316,2944.904247036789,2985.7976315122305,2887.896682802854,2949.802564102389,2997.05683109467,2912.4125358563906,2684.8996545594077,2555.116843765137,2402.1671029997074,2394.7211694153375,2404.963122498066,2297.2091630294544,2391.1615681067947,2226.696538754884,2279.918433791727,2395.651794176067,2495.549321358162,2441.5791313557324,2486.018198666118,2689.596677647513,2843.3814688567963,2778.7895873862185,2900.9867665132915,2910.6741704904657,3144.251611451587,3345.1054820840413,3369.2127966033295,3350.9116954028495,3321.7379877965927,3504.430909447935,3574.8941696818783,3282.304093647613,3614.0358945538455,3473.486984232773,3349.913216046264,3335.147487020325,3398.973243759385,3458.4645786024716,3394.54522364546,3475.9457138880302,3496.566302943782,3522.310658985935,3496.335994604029,3446.6683350594058,3412.0577626281556,3473.486984232773,3482.1861877836577,3461.4788312256405,3494.6197064836565,3446.3189611183543,3365.1596082765886,3349.911423254968,3280.7782111049655,3466.68477153438,3555.0060240925495,3524.3677946358894,3527.75397411957,3546.9264233279805,3304.820157499425,3598.9273337210234,3579.191315629328,3668.9886149938425,3673.2019211088927,3676.00014346432,3625.4397466808527,3580.9165046938224,3719.0832252045134,3884.9729788241852,3766.9902080509696,3959.775162025361
Midtown East,Manhattan,neighborhood,1875.0,1895.0,1885.0,1895.0,1850.0,1895.0,1900.0,1950.0,2000.0,2000.0,1995.0,2000.0,2000.0,2005.0,2000.0,2100.0,2100.0,2150.0,2195.0,2200.0,2175.0,2200.0,2225.0,2230.0,2200.0,2250.0,2250.0,2250.0,2250.0,2200.0,2200.0,2200.0,2200.0,2200.0,2200.0,2200.0,2200.0,2225.0,2250.0,2250.0,2250.0,2200.0,2200.0,2250.0,2295.0,2250.0,2200.0,2250.0,2250.0,2250.0,2290.0,2264.0,2300.0,2300.0,2300.0,2300.0,2300.0,2300.0,2350.0,2300.0,2250.0,2350.0,2300.0,2400.0,2400.0,2400.0,2400.0,2450.0,2450.0,2395.0,2350.0,2400.0,2400.0,2450.0,2450.0,2400.0,2400.0,2400.0,2400.0,2425.0,2400.0,2350.0,2350.0,2345.0,2300.0,2350.0,2395.0,2395.0,2400.0,2400.0,2400.0,2395.0,2400.0,2400.0,2338.0,2350.0,2395.0,2395.0,2395.0,2400.0,2400.0,2450.0,2495.0,2495.0,2450.0,2450.0,2450.0,2495.0,2450.0,2500.0,2450.0,2500.0,2550.0,2575.0,2558.0,2558.0,2500.0,2500.0,2530.0,2500.0,2500.0,2500.0,2500.0,2500.0,2475.0,2343.0,2250.0,2150.0,2100.0,2000.0,1995.0,2000.0,2000.0,2040.0,2000.0,2000.0,2198.0,2250.0,2400.0,2500.0,2600.0,2575.0,2650.0,2800.0,2900.0,2950.0,2825.0,2950.0,3000.0,3000.0,3000.0,3000.0,2998.0,2963.0,2950.0,2995.0,2995.0,3000.0,3100.0,3100.0,3200.0,3200.0,3150.0,3168.0,3185.0,3115.0,3195.0,3125.0,3100.0,3100.0,3100.0,3200.0,3200.0,3200.0,3200.0,3175.0,3195.0,3200.0,3200.0,3200.0,3200.0,3200.0,3295.0,3350.0,3300.0,3400.0,3534.0,3500.0,1895.9033060209938,1899.6942926684146,1895.59268414571,1889.8026541483914,1828.3130897329136,1881.3125386889362,1889.2692643785306,1935.2410998158543,1989.1222420408044,2014.0989119191358,2012.2483963812665,2012.0841300188913,2022.2968597557267,2009.9667845911194,2011.2389221705148,2094.2404082910934,2075.3824261833074,2134.470690333094,2182.6031764794075,2183.348933125579,2163.170438219375,2215.5088031110495,2244.2369333074275,2243.473804971064,2224.5265457312994,2255.573698418962,2262.6437874418293,2243.8290088833146,2223.6240280535435,2184.109543596654,2187.5749377014563,2183.348933125579,2188.0344662448847,2215.5088031110495,2219.0207879893665,2213.2925430207806,2224.5265457312994,2230.511768436529,2262.6437874418293,2243.8290088833146,2223.6240280535435,2184.109543596654,2187.5749377014563,2232.970499787524,2282.517772741823,2265.861275909028,2219.0207879893665,2263.5946462712527,2275.0839672251923,2255.573698418962,2302.8685658852396,2257.790611605255,2273.037895343622,2283.3872501237747,2287.010162142432,2282.5920664494693,2287.490578346925,2316.2137487070063,2370.3176598977325,2313.8967495217253,2275.0839672251923,2355.821418348694,2312.924760496092,2393.4176094755353,2371.8656299237796,2382.6649566508954,2386.445386583407,2431.456766435304,2436.6747464999853,2411.883447023165,2370.3176598977325,2414.5009560226695,2426.756231706872,2456.0691382784253,2463.7676796588808,2393.4176094755353,2371.8656299237796,2382.6649566508954,2386.445386583407,2406.6459831043317,2386.946690448965,2366.5662215049847,2370.3176598977325,2359.16864244715,2325.6413887190856,2355.821418348694,2408.4586092991913,2388.431322789128,2371.8656299237796,2382.6649566508954,2386.445386583407,2376.8730431071644,2386.946690448965,2416.918694302963,2358.2139101450634,2364.1988527721974,2421.700489557483,2400.932892317073,2408.4586092991913,2393.4176094755353,2371.8656299237796,2432.303809914456,2480.9088498023334,2476.1161764310546,2436.6747464999853,2467.2711671009415,2471.1822411699764,2510.0749521985667,2477.313653200765,2506.192998243291,2463.7676796588808,2493.143343203683,2520.107231794016,2556.4009430733568,2543.553041200148,2538.639350425105,2486.4028025510056,2517.62363989892,2551.873906187772,2515.105162523614,2527.871074694658,2506.192998243291,2514.0486527131434,2493.143343203683,2445.9864308588976,2326.0766639304366,2237.292549921944,2133.727366463634,2088.5783541428445,2014.0989119191358,2012.2483963812665,2012.0841300188913,2022.2968597557267,2045.0534865665256,2011.2389221705148,1994.514674562946,2172.2336060718617,2233.7483968602146,2386.445386583407,2481.078333097249,2585.8589146530458,2593.1523490958875,2672.9114037144645,2816.917782026448,2932.3304466458035,2957.3077379270835,2840.874977565852,2941.9091449803454,2964.832037404725,2978.331195813619,2983.056733229259,2977.2939997166986,2981.6942408191658,2983.8875380081995,2975.505147531196,3013.0959847032896,3028.3895474842006,3007.4315978919494,3117.4203293642977,3091.4977455725666,3162.4875065650394,3176.8866088678606,3132.2095698907215,3144.022463700834,3167.677170449981,3136.9590553140542,3222.623371648194,3143.8814531545177,3134.5601326213764,3107.6793178216813,3117.4203293642977,3191.2234793007137,3162.4875065650394,3176.8866088678606,3181.9271821112093,3150.969483033506,3177.622781660185,3222.558259070617,3227.666600711806,3219.3346080302263,3235.6749756091626,3207.9270377514126,3313.516124275923,3340.812079892935,3261.315241145197,3375.442021922102,3514.040831744067,3473.5096663361487
Midtown South,Manhattan,neighborhood,2150.0,2225.0,2063.0,2450.0,2450.0,2575.0,2550.0,2525.0,2500.0,2450.0,2300.0,2250.0,2450.0,2300.0,2200.0,2575.0,2600.0,2650.0,2700.0,2500.0,2450.0,2450.0,2400.0,2400.0,2400.0,2400.0,2523.0,2495.0,2650.0,2800.0,2700.0,2700.0,2575.0,2450.0,2400.0,2450.0,2400.0,2473.0,2450.0,2450.0,2550.0,2700.0,2800.0,2900.0,2650.0,2500.0,2700.0,2700.0,2800.0,2700.0,2700.0,2700.0,2850.0,2850.0,2725.0,2900.0,2950.0,2900.0,2850.0,2893.0,2950.0,2900.0,2970.0,2995.0,2995.0,2995.0,3075.0,3095.0,3025.0,3095.0,3163.0,3163.0,3100.0,3150.0,3095.0,3095.0,3095.0,3100.0,3163.0,3150.0,3125.0,3175.0,3175.0,3175.0,3150.0,3195.0,3100.0,3133.0,3195.0,3150.0,3195.0,3195.0,3195.0,3195.0,2650.0,2500.0,2488.0,2725.0,2700.0,2949.0,2800.0,3000.0,2950.0,2999.0,2750.0,3000.0,3033.0,3000.0,2779.0,2844.0,2891.0,2769.0,2675.0,2895.0,2975.0,2950.0,2995.0,3025.0,3092.0,3185.0,3100.0,3295.0,3317.0,2995.0,2875.0,2795.0,2475.0,2400.0,2378.0,2430.0,2395.0,2395.0,2440.0,2500.0,2500.0,2567.0,2625.0,2925.0,3100.0,3178.0,3073.0,3050.0,3495.0,3895.0,3584.0,3898.0,3698.0,3750.0,3795.0,3795.0,3838.0,3750.0,3672.0,3723.0,3641.0,3610.0,3728.0,3738.0,3750.0,3800.0,3795.0,3893.0,3835.0,3800.0,3700.0,3698.0,3525.0,3600.0,3625.0,3790.0,3850.0,3895.0,3910.0,3950.0,4000.0,3995.0,3900.0,3875.0,3923.0,3855.0,3800.0,3925.0,4100.0,4100.0,3950.0,4000.0,4000.0,3985.0,2196.602789634972,2233.10645394491,2082.65327641318,2451.0127035013074,2442.0486076066973,2506.4180434233126,2482.9524013651107,2469.4200131273074,2514.1175309879945,2469.2251069399153,2341.655764839377,2282.509871471457,2503.1055044677587,2308.3797052014797,2220.9584140130855,2576.0643720472926,2591.5617876642505,2579.4205107074868,2629.008424974823,2444.9703100270367,2463.835180368235,2469.2251069399153,2443.4668850497847,2434.6771962362204,2452.0217186622945,2408.7440402102397,2547.0354902522795,2496.0313041778622,2641.399514350101,2725.4254452758355,2629.008424974823,2640.5679348291997,2589.5410569176347,2469.2251069399153,2443.4668850497847,2485.399637824475,2452.0217186622945,2482.0100047666347,2473.340051969118,2451.0127035013074,2541.7240609783994,2628.0888222302697,2726.3791073812977,2836.1655596313626,2664.9645828472744,2519.617456061138,2748.9002456810076,2739.011845765748,2860.69200510601,2709.8370452365198,2725.7216899251507,2701.116040593278,2840.750421093505,2774.093756798618,2653.351095576442,2836.1655596313626,2966.6586865658337,2922.75624903092,2901.616925996619,2934.800470296411,3013.9433625224033,2910.56571525404,2998.2938589176656,2996.2379783618026,2985.279828482473,2915.231860214688,2994.148483999104,3026.8732438134716,3042.0822124954734,3119.2864106036886,3220.2857322551954,3208.7016548729857,3167.194719938797,3161.4765527759396,3124.484677895682,3096.2793131985904,3084.9552818541747,3017.435314412532,3079.8346845168016,3080.6625906340664,3142.6469137349936,3199.914169197645,3232.503066680444,3220.875040854167,3218.2785057442616,3206.6405035298817,3129.5323106548026,3134.29502043657,3184.630735225877,3066.1036259353145,3110.9933028868736,3124.672056214553,3213.0422046026574,3220.0711088461344,2697.994685575804,2536.12207941273,2541.929181679912,2734.92812898871,2725.7216899251507,2950.21896433688,2790.9126944076543,2920.0986913669662,2872.4351309910103,2932.9863839084333,2765.529284086794,3023.5409472733654,3087.9312759816653,3043.346495295276,2839.236815067715,2854.361687649134,2918.5412613235594,2770.1445616306614,2666.318377693027,2817.8952371691225,2896.777801592629,2885.0649658319035,3011.912802123618,3048.7371218339767,3147.9998369058058,3231.019529171818,3167.194719938797,3307.0048385386417,3348.599572400639,2996.2379783618026,2865.6692844364306,2720.558614123557,2409.9243895602544,2347.1714976259555,2391.4285954757806,2449.068167291426,2438.376329039264,2429.604952077395,2492.888747306666,2509.1083752189998,2523.8163795603245,2568.0610652603496,2616.4806510071758,2847.096224082792,3018.4911546007224,3108.0462581063694,3090.353269090443,3073.9332963945885,3558.298651353749,3951.278199725033,3661.685766535693,3912.2017786414644,3733.2291886456323,3751.550056379552,3782.6834554560883,3693.9248445792123,3737.0867907605075,3667.4554650405553,3692.7358295151666,3752.2143155662466,3706.942886860944,3662.160282671982,3808.8070696554305,3751.6188426274484,3785.724569340487,3801.5707237979464,3782.6834554560883,3789.3147351638668,3734.1656702883133,3716.354871241096,3720.893945862232,3727.0181410056352,3588.8419874168712,3652.015794354331,3703.574470896174,3803.8082968320036,3886.6772245229,3896.6099918928953,3897.3102268335456,3844.796610299839,3894.8272962589967,3907.0625554232047,3922.0233483412717,3905.4070568947636,3994.0502458542937,3910.7002464544294,3882.3677212152993,3939.3001490938295,4139.0588624789325,4101.694728308311,3937.1804081822265,3893.464921822622,3894.8272962589967,3897.282674183097
Midtown West,Manhattan,neighborhood,2090.0,2012.0,2000.0,2076.0,2117.0,2200.0,2250.0,2215.0,2200.0,2250.0,2250.0,2200.0,2100.0,2100.0,2200.0,2258.0,2213.0,2380.0,2360.0,2332.0,2395.0,2265.0,2250.0,2395.0,2450.0,2363.0,2300.0,2390.0,2438.0,2448.0,2500.0,2500.0,2450.0,2400.0,2500.0,2500.0,2495.0,2518.0,2500.0,2420.0,2400.0,2400.0,2400.0,2550.0,2550.0,2540.0,2450.0,2470.0,2470.0,2595.0,2559.0,2575.0,2650.0,2600.0,2610.0,2578.0,2550.0,2500.0,2650.0,2656.0,2640.0,2600.0,2618.0,2658.0,2660.0,2700.0,2654.0,2695.0,2695.0,2638.0,2575.0,2550.0,2600.0,2595.0,2600.0,2595.0,2650.0,2650.0,2656.0,2663.0,2600.0,2598.0,2600.0,2665.0,2617.0,2595.0,2642.0,2655.0,2650.0,2690.0,2690.0,2760.0,2620.0,2676.0,2600.0,2558.0,2500.0,2590.0,2613.0,2633.0,2697.0,2685.0,2680.0,2697.0,2650.0,2695.0,2700.0,2795.0,2742.0,2827.0,2857.0,2850.0,2801.0,2890.0,2890.0,2879.0,2893.0,2842.0,2761.0,2850.0,2843.0,2842.0,2832.0,2748.0,2633.0,2533.0,2396.0,2301.0,2250.0,2239.0,2185.0,2160.0,2175.0,2242.0,2253.0,2395.0,2450.0,2550.0,2598.0,2726.0,2700.0,2873.0,3046.0,2995.0,3200.0,3298.0,3428.0,3500.0,3500.0,3498.0,3597.0,3595.0,3490.0,3400.0,3376.0,3376.0,3479.0,3483.0,3568.0,3603.0,3600.0,3577.0,3575.0,3490.0,3461.0,3363.0,3315.0,3371.0,3400.0,3488.0,3490.0,3585.0,3701.0,3622.0,3600.0,3538.0,3475.0,3490.0,3471.0,3495.0,3590.0,3595.0,3655.0,3823.0,3800.0,3800.0,3815.0,3810.0,2113.2088088343694,2020.3111597454983,1997.0687827854586,2056.7867092380034,2094.196898487897,2168.901457302354,2222.1928859511836,2189.5821440597606,2209.1311721346165,2277.8828043233207,2287.607010444594,2227.28003812103,2123.319855766591,2108.6746697144863,2196.7756610640045,2237.1023070613737,2189.1628419242875,2346.3570310816376,2330.83342704213,2305.239530450276,2404.9405260283665,2293.0686896854763,2287.607010444594,2424.6980414999393,2477.2064983943565,2372.761068826348,2296.629100203277,2367.8806527354664,2411.739271853327,2413.395803398256,2469.103206612426,2471.311675011016,2460.1688053317316,2429.7416579448754,2541.78556716066,2531.0000433193522,2522.706209589355,2528.4013420671795,2496.335978481823,2397.603004025033,2374.148585909756,2366.0743170571136,2370.339078347929,2520.7379085112366,2560.583858610578,2571.47658799166,2490.949855817447,2500.6280427995202,2497.4285922588,2605.719413290044,2555.2495075739944,2551.1684856877932,2621.4557302753556,2563.247176811873,2577.7437477033727,2548.41659927136,2560.583858610578,2530.980893692579,2694.2927011902993,2688.9344460224797,2669.316390106572,2610.7400672655544,2614.163036666165,2633.4003242555937,2631.3480160499794,2661.833606689253,2621.1999641397515,2664.0739856618757,2706.185685864905,2670.691039024409,2618.03913417548,2581.6200441857395,2628.8722023776845,2605.719413290044,2596.1894176210963,2570.9833865475043,2621.4557302753556,2612.540391750563,2623.1752467050414,2632.4411962217346,2610.791385250001,2630.1953447253277,2643.4569898470863,2698.0460461784296,2646.0609821624616,2605.719413290044,2638.127862059591,2630.428089126637,2621.4557302753556,2651.9749637015148,2656.7550503149705,2728.328089212162,2630.87439590577,2709.161948608536,2643.4569898470863,2589.719244324361,2527.761733055466,2600.698759314533,2609.1703647092017,2608.631698180955,2667.949473416088,2647.045642207646,2646.878637488521,2666.0510350018844,2660.998911889424,2728.3974034005996,2745.128412533513,2829.6580484310357,2772.4490688152346,2838.6777577537396,2852.8127562090276,2823.6233725088196,2770.8292454721777,2849.147823456274,2854.2833068439645,2845.9625249426863,2905.0074913570206,2877.2190799497234,2807.1479803722327,2885.340049384062,2874.5706428306758,2853.7397196802717,2827.8493964242093,2722.5673781242936,2604.638844458495,2497.1942687940286,2366.388513217349,2274.5952656801396,2259.3386987740396,2266.7464883910734,2221.5205856984167,2186.7840374279203,2199.152707758255,2251.26124261899,2249.697983807819,2372.834377950394,2423.610014782876,2513.9539618731833,2565.892052311633,2694.718250432012,2711.2064385288472,2908.6032430315113,3096.911535028548,3032.138051896584,3235.535018310996,3311.6233622468458,3422.975893694276,3467.6076504494276,3462.300021118394,3448.553317110743,3552.5456936739583,3553.7461886658416,3504.4853594317324,3442.134015421907,3432.427229893755,3417.862458498453,3517.633227719986,3497.387559340741,3562.770708489258,3569.654389876939,3561.222878864634,3526.4365967138733,3530.8175854557694,3449.9510983153787,3475.364993980867,3404.6754981952568,3370.407662055035,3412.800458411815,3437.7559569554332,3502.4082133162515,3484.885025960625,3551.8209791031995,3661.134965188336,3570.800490158694,3555.5086175218935,3497.4002824755903,3489.423101439905,3533.24932759484,3529.0150814458602,3538.3380605604543,3629.8658486676486,3609.8502083921803,3649.6432005404254,3787.6182993337607,3759.0685943571134,3746.28433534043,3767.8514932905623,3766.2789927167887
Midwood,Brooklyn,neighborhood,,,,,,,,,,,,,,,,,,,,,,,,,,,,,,,,,,,,,,,1075.0,,,,,,,,,,,,,,,,,1188.0,1225.0,,,1263.0,1263.0,1150.0,1263.0,,1350.0,,,1395.0,1395.0,1395.0,,,,,,1290.0,1325.0,1338.0,,,,1335.0,1388.0,,1348.0,1300.0,1345.0,1398.0,1349.0,1325.0,1350.0,1323.0,,1370.0,1425.0,1475.0,1470.0,1450.0,1495.0,1423.0,1350.0,1438.0,1400.0,1463.0,1425.0,1425.0,1400.0,1425.0,1399.0,1450.0,1435.0,1780.0,1849.0,1497.0,1575.0,1600.0,1500.0,1475.0,1495.0,1425.0,1375.0,1400.0,1600.0,1625.0,1625.0,1498.0,1495.0,1563.0,1438.0,1400.0,1463.0,1425.0,1425.0,1400.0,1450.0,1400.0,1450.0,1550.0,1525.0,1450.0,1700.0,1495.0,1485.0,1538.0,1475.0,1550.0,1513.0,1550.0,1500.0,1600.0,1550.0,1550.0,1575.0,1605.0,1750.0,1700.0,1750.0,1723.0,2095.0,2050.0,1699.0,1650.0,1713.0,1800.0,1663.0,1650.0,1796.0,1575.0,1700.0,1950.0,2069.0,1831.0,1793.0,1910.0,1950.0,2000.0,2191.0,1750.0,1900.0,1900.0,2167.0,1850.0,2150.0,1724.0,1675.0,1750.0,2219.0,2200.0,1082.944524266322,1095.0498529251215,1054.3500492335788,1050.724772360459,1068.0413415360154,1077.161901627192,1075.7721163241317,1069.9263551628355,1067.9124962256192,1097.8067375652502,1074.3731293035214,1088.080126327617,1082.944524266322,1095.0498529251215,1054.3500492335788,1050.724772360459,1068.0413415360154,1077.161901627192,1075.7721163241317,1069.9263551628355,1067.9124962256192,1097.8067375652502,1074.3731293035214,1088.080126327617,1082.944524266322,1095.0498529251215,1054.3500492335788,1050.724772360459,1068.0413415360154,1077.161901627192,1075.7721163241317,1069.9263551628355,1067.9124962256192,1097.8067375652502,1074.3731293035214,1088.080126327617,1082.944524266322,1095.0498529251215,1054.3500492335788,1057.2217299132215,1081.2494040907152,1097.143181225092,1102.3794485582496,1103.0047896726578,1107.5319037463291,1145.3232973143124,1127.518590802311,1148.631562085493,1149.9063471074132,1169.5312191186058,1132.5825344188447,1135.1852205463695,1160.4977794189142,1177.0682996166909,1182.2014452606038,1182.3930324962312,1216.9235422105894,1263.9244702572944,1249.6042195403127,1278.367627490028,1272.333892231037,1171.4486798733858,1238.738709006521,1276.9971303152927,1341.261219603368,1367.7451122987136,1380.991181885862,1388.416060885726,1385.8027276602222,1424.595719910255,1376.6967308052099,1376.5478807493573,1352.4214175139882,1349.7126094193359,1282.3838970910738,1260.869726832551,1316.4230488699725,1340.6908133741238,1338.2104767948326,1330.19216155826,1326.943364496159,1363.3227857205666,1387.190607882128,1384.6452212243535,1357.9620639172113,1324.2463337699144,1319.163549971315,1366.4309132650435,1340.2676927740324,1327.6646694474694,1350.9696344535607,1316.7558770980756,1337.6224894584152,1399.0653306645513,1424.1690318674584,1492.947150077428,1480.8636750432497,1477.043987666443,1466.2821614922796,1390.8663730873798,1341.261219603368,1440.8919205022346,1401.0055468407295,1456.0951233518404,1415.6049368572162,1455.2321870050991,1399.1836102557486,1442.3387721087017,1409.3389669289159,1477.043987666443,1407.4347168838938,1739.8047393503414,1837.0311074419465,1500.0105737078202,1576.1312401958207,1592.448528614453,1490.1104598497013,1506.292965496506,1494.128212380246,1442.3387721087017,1385.1616008057606,1426.1114363676002,1569.2651895569547,1588.3048884518566,1614.481097670721,1501.0125847791012,1496.0737803763504,1555.6231563902436,1428.519227509247,1429.7017977593955,1462.1468727172573,1442.3387721087017,1435.5311135623338,1426.1114363676002,1422.1465780359902,1368.3857500508302,1440.613902536951,1553.1171604857188,1526.095327808652,1443.156479056848,1688.7918544963281,1526.7172768930689,1484.134043735562,1556.7137063180232,1485.900626318907,1578.9090902641287,1483.9363948747953,1514.9985089848478,1490.2902440037424,1603.2177140497743,1551.1132840022362,1542.6845120952512,1564.6159828421864,1639.0509895741643,1748.9795128196859,1720.6848509366966,1762.9329464800592,1755.135717758125,2054.7566075761374,2003.707705431573,1688.0020830415722,1653.3182676138297,1714.230358384407,1791.5045946912594,1652.035796486702,1685.0056902164306,1794.952688585232,1594.1639060148807,1712.563433723486,1986.3695006548717,2029.256048245837,1789.6530773879074,1781.39360499914,1913.8411461469182,1951.4005830995877,1990.560660768066,2176.554678353797,1787.1272471992445,1898.8920424899447,1923.118362811602,2183.014682869879,1884.5043980571859,2108.7000984671577,1685.0693093483083,1664.1574391375123,1753.5193747419407,2220.5937917425563,2189.6167268448726
Mill Basin,Brooklyn,neighborhood,,,,,,,,,,,,,,,,,,,,,,,,,,,,,,,,,,,,,,,,,,,,,,,,,,,,,,,,,,,,,,,,,,,,,,,,,,,,,,,,,,,,,,,,,,,,,,,,,,,,,,,,,,,,,,,,,,,,,,,,,,,,,,,,,,,,,,,,,,,,,,,,,,,,,,,,,,,,,,,,,,,,,,,,,,,,,,,,,,,,,,,,,,,,,,,,,,,,,,,,,,,,,,,,,,,,,,,,,,,,,,,,,,,,,,,,,,,,,,,,,,,,,,,,,,,,,,,,,,,,,,,,,,,,,,,,,,,,,,,,,,,,,,,,,,,,,,,,,,,,,,,,,,,,,,,,,,,,,,,,,,,,,,,,,,,,,,,,,,,,,,,,,,,,,,,,,,,,,,,,,,,,,,,,,,,,,,,,
Morningside Heights,Manhattan,neighborhood,,,,,,,,,,,,,,,,,,,,,,,,,,,,,,,1870.0,,,,,,,,,,1950.0,1863.0,1950.0,1950.0,,,,,,,,2780.0,2680.0,2463.0,1938.0,2098.0,2095.0,1850.0,1975.0,,,,,2250.0,2150.0,2143.0,2085.0,2175.0,2200.0,,2000.0,,2000.0,,,2198.0,2200.0,2300.0,2300.0,2273.0,2273.0,2176.0,2069.0,,2075.0,,2177.0,2203.0,2300.0,2238.0,2250.0,2775.0,2300.0,,,,,,,2275.0,2263.0,2250.0,2345.0,2250.0,2295.0,2295.0,2295.0,,2154.0,2129.0,2016.0,2199.0,2199.0,2275.0,2400.0,2400.0,2395.0,2250.0,2250.0,2250.0,2225.0,2325.0,2388.0,2400.0,2250.0,2425.0,2300.0,2081.0,2195.0,2013.0,1975.0,2273.0,2400.0,2595.0,2950.0,2950.0,2974.0,2500.0,2425.0,1900.0,2400.0,,,,,,,3595.0,2450.0,2475.0,2500.0,2500.0,,,2498.0,2448.0,2495.0,2948.0,3687.0,3138.0,2800.0,3638.0,2673.0,3775.0,,,,2600.0,,,3700.0,3798.0,2800.0,2900.0,3000.0,3000.0,,2900.0,3125.0,3163.0,3100.0,,2950.0,3578.0,3932.0,3785.0,3200.0,3200.0,1904.1532892805728,1840.5830489713435,1752.054793785999,1743.7625842095938,1866.1293137776602,1857.0870716400864,1922.2427605667965,1882.5403071667515,1887.5245336942512,1938.3484202439222,1940.9481135834558,1931.5135392507632,1904.1532892805728,1840.5830489713435,1752.054793785999,1743.7625842095938,1866.1293137776602,1857.0870716400864,1922.2427605667965,1882.5403071667515,1887.5245336942512,1938.3484202439222,1940.9481135834558,1931.5135392507632,1904.1532892805728,1840.5830489713435,1752.054793785999,1743.7625842095938,1866.1293137776602,1857.0870716400864,1922.2427605667965,1890.5939555396574,1903.6744762285334,1963.225619220315,1974.1621989495898,1972.8293368817956,1953.0299512514111,1895.7021135394693,1812.018166407552,1810.902106168466,1945.9637229232285,1850.13540880507,2004.4777449760713,1963.0767908958103,2072.9965299864,2236.3565329819585,2347.042204192828,2442.7965349347887,2513.838734177227,2532.032028598279,2507.452749662984,2592.3315423008935,2674.4527063765395,2445.992223235044,1992.14249731468,2112.069285794569,2114.633100582597,1917.6174210969284,2049.931831191083,2096.776729774893,2123.080004358286,2106.3356817105214,2056.5562953798226,2098.110061214752,2145.5497457871493,2128.2019222057247,2143.2492811667225,2189.5856513837884,2220.6170984638247,2176.754910434351,2075.880335383375,2065.7898815516187,2036.52758211826,2033.499774959784,1997.5298504554812,2049.6204064666777,2195.4462515031296,2284.1177886482346,2364.2558017666483,2288.2428439518853,2294.301211276488,2255.532707192928,2147.4982069541015,2140.1583172874766,2112.8973664476944,2092.55591556849,2039.6915968300107,2054.282873269377,2295.23926293509,2222.545917823804,2312.8589365108514,2793.60927935173,2321.5542393030896,2380.362937770898,2379.848527350226,2364.591632276049,2327.46009384944,2246.2424910097184,2134.8566815039485,2121.422395228249,2258.3158487052647,2234.4630541124034,2410.512980496865,2265.088604879781,2316.507382261126,2378.882152117541,2382.0726848524228,2297.6747957557877,2193.3402059413656,2095.5087225989255,1888.8462375789165,2050.5528998272175,2194.44832138881,2259.290421380319,2467.0495322782417,2416.0945118717664,2417.444523100391,2332.237404036805,2335.365377306297,2324.0136167455707,2265.636935106564,2288.4254485873657,2237.383340941693,2237.9840652957355,2245.34275721911,2408.2546249878123,2364.2558017666483,2094.9552830021444,2215.5702414218617,2086.575064144928,2049.931831191083,2347.7702003834142,2443.833098541912,2554.1780813265436,2763.9367067747044,2750.8554135926747,2967.844159986503,2482.7367267915592,2492.74796490614,1912.7414885651485,2422.4913801423545,2664.6737832153844,2845.438831143355,3007.937623959267,3139.161801579432,3202.38952943639,3208.3081288808553,3352.313631140904,2444.9287800830307,2457.9093595236436,2569.843262789835,2516.7651165330903,2522.7556067093574,2589.9928267644277,2592.7745388938356,2528.526815019181,2540.5681586925293,2901.625041907765,3454.4524196197744,2926.164165374174,2794.2043200948924,3612.878484827077,2747.6764165748914,3800.315325964966,3513.874215466905,3304.0029890521405,3003.5393602578206,2685.526846017104,3020.849246808752,3280.8967004836786,3466.6324796835274,3541.609783330501,2794.2043200948924,2879.9746030782085,3083.811915347802,3020.118139839708,2977.6456547583107,3005.994876314104,3243.5630240365235,3267.046697673885,3156.6177522833027,2977.413755688938,2763.9367067747044,3336.4612440117257,3923.861209504684,3758.8634043624206,3289.3993763709886,3221.4593491623555
Morris Heights,Bronx,neighborhood,,,,,,,,,,,,,,,,,,,,,,,,,,,,,,,,,,,,,,,,,,,,,,,,,,,,,,,,,,,,,,,,,,,,,,,,,,,,,,,,,,,,,,,,,,,,,,,,,,,,,,,,,,,,,,,,,,,,,,,,,,,,,,,,,,,,,,,,,,,,,,,,,,,,,,,,,,,,,,,,,,,,,,,,,,,,,,,,,,,,,,,,,,,,,,,,,,,,,,,,,,,,,,,,,,,,,,,,,,,,,,,,,,,,,,,,,,,,,,,,,,,,,,,,,,,,,,,,,,,,,,,,,,,,,,,,,,,,,,,,,,,,,,,,,,,,,,,,,,,,,,,,,,,,,,,,,,,,,,,,,,,,,,,,,,,,,,,,,,,,,,,,,,,,,,,,,,,,,,,,,,,,,,,,,,,,,,,,
Morris Park,Bronx,neighborhood,,,,,,,,,,,,,,,,,,,,,,,,,,,,,,,,,,,,,,,,,,,,,,,,,,,,,,,,,,,,,,,,,,,,,,,,1275.0,1295.0,1325.0,,1325.0,1325.0,,,,,,,,,,,,,,,,,,,,,,,,,,,,,,,,,,,,,,,,,,,,,,,,,,,,,,,,,,,,,,,,,,,,,,,,,,,,,,,,,,,,,,,,,,,,,,,,,,,,,,,,,,,,,,,,1275.3112538593496,1273.6274698587567,1273.8229751725103,1274.1154839546762,1274.406273924643,1274.695360187911,1274.9866602358145,1275.2607229432404,1275.5361466220143,1275.8099048874494,1276.0820127994782,1276.3524852369999,1275.3112538593496,1273.6274698587567,1273.8229751725103,1274.1154839546762,1274.406273924643,1274.695360187911,1274.9866602358145,1275.2607229432404,1275.5361466220143,1275.8099048874494,1276.0820127994782,1276.3524852369999,1275.3112538593496,1273.6274698587567,1273.8229751725103,1274.1154839546762,1274.406273924643,1274.695360187911,1274.9866602358145,1275.2607229432404,1275.5361466220143,1275.8099048874494,1276.0820127994782,1276.3524852369999,1275.3112538593496,1273.6274698587567,1273.8229751725103,1274.1154839546762,1274.406273924643,1274.695360187911,1274.9866602358145,1275.2607229432404,1275.5361466220143,1275.8099048874494,1276.0820127994782,1276.3524852369999,1275.3112538593496,1273.6274698587567,1273.8229751725103,1274.1154839546762,1274.406273924643,1274.695360187911,1274.9866602358145,1275.2607229432404,1275.5361466220143,1275.8099048874494,1276.0820127994782,1276.3524852369999,1275.3112538593496,1273.6274698587567,1273.8229751725103,1274.1154839546762,1274.406273924643,1274.695360187911,1274.9866602358145,1275.2607229432404,1275.5361466220143,1275.8099048874494,1276.0820127994782,1276.3524852369999,1295.3161362728295,1323.5736451473354,1323.7768173361383,1324.080797050938,1324.3829905491389,1324.6834135286133,1324.9861371078073,1325.2709473723871,1325.5571719797401,1325.8416658634278,1326.1244446739677,1326.405523873745,1325.3234598930494,1323.5736451473354,1323.7768173361383,1324.080797050938,1324.3829905491389,1324.6834135286133,1324.9861371078073,1325.2709473723871,1325.5571719797401,1325.8416658634278,1326.1244446739677,1326.405523873745,1325.3234598930494,1323.5736451473354,1323.7768173361383,1324.080797050938,1324.3829905491389,1324.6834135286133,1324.9861371078073,1325.2709473723871,1325.5571719797401,1325.8416658634278,1326.1244446739677,1326.405523873745,1325.3234598930494,1323.5736451473354,1323.7768173361383,1324.080797050938,1324.3829905491389,1324.6834135286133,1324.9861371078073,1325.2709473723871,1325.5571719797401,1325.8416658634278,1326.1244446739677,1326.405523873745,1325.3234598930494,1323.5736451473354,1323.7768173361383,1324.080797050938,1324.3829905491389,1324.6834135286133,1324.9861371078073,1325.2709473723871,1325.5571719797401,1325.8416658634278,1326.1244446739677,1326.405523873745,1325.3234598930494,1323.5736451473354,1323.7768173361383,1324.080797050938,1324.3829905491389,1324.6834135286133,1324.9861371078073,1325.2709473723871,1325.5571719797401,1325.8416658634278,1326.1244446739677,1326.405523873745,1325.3234598930494,1323.5736451473354,1323.7768173361383,1324.080797050938,1324.3829905491389,1324.6834135286133,1324.9861371078073,1325.2709473723871,1325.5571719797401,1325.8416658634278,1326.1244446739677,1326.405523873745,1325.3234598930494,1323.5736451473354,1323.7768173361383,1324.080797050938,1324.3829905491389,1324.6834135286133,1324.9861371078073,1325.2709473723871,1325.5571719797401,1325.8416658634278,1326.1244446739677,1326.405523873745,1325.3234598930494,1323.5736451473354,1323.7768173361383,1324.080797050938,1324.3829905491389,1324.6834135286133,1324.9861371078073,1325.2709473723871,1325.5571719797401,1325.8416658634278,1326.1244446739677,1326.405523873745,1325.3234598930494,1323.5736451473354,1323.7768173361383,1324.080797050938,1324.3829905491389,1324.6834135286133,1324.9861371078073,1325.2709473723871
Morrisania,Bronx,neighborhood,,,,,,,,,,,,,,,,,,,,,,,,,,,,,,,,,,,,,,,,,,,,,,,,,,,,,,,,,,,,,,,,,,,,,,,,,,,,,,,,,,,,,,,,,,,,,,,,,,,,,,,,,,,,,,,,,,,,,,,,,,,,,,,,,,,,,,,,,,,,,,,,,,,,,,,,,,,,,,,,,,,,,,,,,,,,,,,,,,,,,,,,,,,,,,,,,,,,,,,,,,,,,,,,,,,,,,,,,,,,,,,,,,,,,,,,,,,,,,,,,,,,,,,,,,,,,,,,,,,,,,,,,,,,,,,,,,,,,,,,,,,,,,,,,,,,,,,,,,,,,,,,,,,,,,,,,,,,,,,,,,,,,,,,,,,,,,,,,,,,,,,,,,,,,,,,,,,,,,,,,,,,,,,,,,,,,,,,
Mott Haven,Bronx,neighborhood,,,,,,,,,,,,,,,,,,,,,,,,,,,,,,,,,,,,,,,,,,,,,,,,,,,,,,1438.0,1445.0,,,,,,,,,,,,,,,,,,,,,,,,,,,,,,,,,,,,,,,1600.0,,,,,,,,,,,,1725.0,1650.0,1600.0,1700.0,,1738.0,1700.0,2200.0,2272.0,2162.0,2095.0,,1900.0,1753.0,1755.0,,,1900.0,1925.0,1808.0,1820.0,1995.0,1928.0,1928.0,1900.0,1673.0,1695.0,1900.0,1970.0,1800.0,1948.0,1875.0,2010.0,2218.0,2098.0,1850.0,1805.0,1850.0,1800.0,1800.0,2185.0,2285.0,2163.0,2291.0,2573.0,2795.0,2595.0,2600.0,2575.0,2360.0,2865.0,2865.0,2725.0,2775.0,2820.0,2673.0,2550.0,2571.0,2616.0,2616.0,2666.0,2675.0,2685.0,2695.0,2695.0,2695.0,2850.0,3050.0,3008.0,2753.0,2806.0,3008.0,3050.0,3060.0,3100.0,3120.0,2700.0,3124.0,3126.0,3125.0,3125.0,3125.0,3125.0,1452.5229854405363,1451.2734304895428,1443.6886482020918,1439.3790469047597,1420.2430224508557,1407.795689624612,1399.7327896594268,1420.1172172850017,1434.2969355390908,1444.9396298155752,1478.830271568314,1467.3701617606787,1452.5229854405363,1451.2734304895428,1443.6886482020918,1439.3790469047597,1420.2430224508557,1407.795689624612,1399.7327896594268,1420.1172172850017,1434.2969355390908,1444.9396298155752,1478.830271568314,1467.3701617606787,1452.5229854405363,1451.2734304895428,1443.6886482020918,1439.3790469047597,1420.2430224508557,1407.795689624612,1399.7327896594268,1420.1172172850017,1434.2969355390908,1444.9396298155752,1478.830271568314,1467.3701617606787,1452.5229854405363,1451.2734304895428,1443.6886482020918,1439.3790469047597,1420.2430224508557,1407.795689624612,1399.7327896594268,1420.1172172850017,1434.2969355390908,1444.9396298155752,1478.830271568314,1467.3701617606787,1452.5229854405363,1451.2734304895428,1443.6886482020918,1439.3790469047597,1420.2430224508557,1407.795689624612,1406.5465097759886,1430.9551005451917,1449.207158309664,1463.9540274262863,1502.377852476814,1494.7907945755783,1483.6806679676388,1486.4153533632777,1482.636990356968,1482.1892935121762,1466.409404354638,1457.4483388539097,1452.9696578228936,1478.0543128441486,1496.7766511969132,1511.8764929492163,1551.4243255897036,1543.457184876831,1531.8546409521864,1534.5478839561692,1530.517966171951,1529.9273382902309,1513.512789072704,1504.1388987965254,1499.392805869799,1525.1535251431055,1544.3461440841622,1559.7989584721468,1600.470798702593,1592.1235751780837,1580.028613936734,1582.6804145490607,1578.3989419869345,1577.6653830682853,1560.6161737907703,1550.8294587391413,1545.815953916704,1572.2527374420624,1591.9156369714117,1607.7214239950767,1656.1425010464575,1653.9377402784655,1647.7247009734874,1656.820038284886,1658.6188833221179,1664.0943431704889,1652.2588476878145,1647.9759463616804,1648.6769210609555,1682.9738695803364,1710.168025539916,1733.3246602446923,1696.8497552765773,1632.678900429128,1717.1690370298413,1734.867195418306,1744.8754315544056,1701.6303057983946,2172.833553123701,2224.278029782419,2104.4661274295413,2068.9468499388586,1992.3561395961988,1909.1691909941537,1802.7743157574787,1790.8446689081998,1821.545978496361,1868.7584391213284,1907.5162945646553,1926.846081565829,1785.67412002166,1781.772013294015,1941.9102332201367,1904.023640421059,1923.035112461312,1909.1691909941537,1720.5028124713417,1729.6192101421072,1919.1889237392345,1988.1840459418631,1807.120700113884,1949.868138644278,1851.8467782304272,1967.7811795170167,2158.9758883620366,2071.9095423254057,1845.2359740941015,1813.710731444446,1902.52851349192,1836.7637629827689,1818.178980384538,2205.168599179173,2294.039333200125,2165.074324377604,2262.709850093818,2518.9557089041214,2720.6211036843515,2562.728914363407,2593.304612240359,2587.4266667420766,2427.009346941044,2923.5156560809073,2893.9348771120563,2750.1530584728816,2785.9777460089044,2822.7043896185132,2639.992767045297,2496.438809835021,2502.5820599543713,2583.467761069238,2609.2634098541457,2678.865822731797,2750.9533911302087,2739.8392797826305,2722.217973409072,2719.876144067676,2705.6612704482873,2852.733159720838,3012.337425921495,2944.818799993625,2679.7387829849804,2771.1049455505663,3000.253951391923,3064.7189644906152,3146.885000694743,3163.3153695814353,3151.5102326665324,2724.922296468543,3136.3583706420964,3128.9978446622245,3086.411297050712,3059.361286562526,3041.8393377508405,3086.1379026534282
NYC,,city,1965.0,1950.0,1950.0,1950.0,2000.0,2000.0,2000.0,2000.0,2093.0,2100.0,2052.0,2000.0,2000.0,2010.0,2000.0,2100.0,2100.0,2100.0,2149.0,2195.0,2200.0,2200.0,2200.0,2200.0,2200.0,2225.0,2200.0,2203.0,2250.0,2200.0,2200.0,2200.0,2225.0,2200.0,2250.0,2295.0,2250.0,2300.0,2300.0,2299.0,2295.0,2250.0,2250.0,2299.0,2300.0,2300.0,2285.0,2300.0,2300.0,2300.0,2300.0,2350.0,2350.0,2350.0,2300.0,2300.0,2300.0,2300.0,2300.0,2300.0,2300.0,2300.0,2350.0,2395.0,2400.0,2400.0,2395.0,2400.0,2400.0,2400.0,2374.0,2400.0,2395.0,2395.0,2400.0,2400.0,2400.0,2400.0,2400.0,2400.0,2395.0,2350.0,2314.0,2332.0,2300.0,2300.0,2345.0,2330.0,2350.0,2325.0,2300.0,2395.0,2375.0,2307.0,2275.0,2295.0,2271.0,2250.0,2293.0,2300.0,2300.0,2348.0,2343.0,2350.0,2300.0,2295.0,2298.0,2300.0,2325.0,2350.0,2350.0,2399.0,2400.0,2400.0,2400.0,2400.0,2375.0,2395.0,2400.0,2424.0,2425.0,2450.0,2450.0,2450.0,2360.0,2300.0,2200.0,2149.0,2050.0,2000.0,1995.0,1995.0,1995.0,2000.0,2000.0,2000.0,2100.0,2150.0,2195.0,2200.0,2200.0,2200.0,2250.0,2295.0,2400.0,2500.0,2595.0,2650.0,2750.0,2799.0,2818.0,2870.0,2850.0,2800.0,2800.0,2850.0,2895.0,2950.0,2955.0,3000.0,2999.0,3000.0,2999.0,3000.0,3000.0,2960.0,2960.0,2999.0,2998.0,3000.0,3041.0,3100.0,3100.0,3100.0,3100.0,3100.0,3050.0,3050.0,3050.0,3066.0,3100.0,3125.0,3200.0,3300.0,3250.0,3300.0,3400.0,3400.0,1984.8600300889912,1959.644698310403,1949.1178468967096,1930.9099653506432,1974.0834444276284,1981.1555388126217,1991.576329917384,1985.2577190660545,2090.3563982078635,2118.0665782171677,2079.0008338448106,2019.0905229876628,2020.2137710829427,2019.9414582584154,1999.0952275863688,2079.4415011468463,2072.78761664901,2080.2133157532526,2139.948766496229,2178.8203466749947,2197.2212499079315,2218.9268914656045,2228.9482624067173,2220.9995752864293,2222.235148191237,2236.0048480721266,2199.0047503450055,2181.433155726906,2220.843874981082,2179.271092693884,2190.7339629091225,2183.78349097266,2222.1896732023397,2218.9268914656045,2279.6061774614154,2316.906375128343,2272.7404924683105,2311.3757980071423,2298.959511724324,2276.4933386364764,2265.2607524807036,2228.7999811641994,2240.523371157057,2282.0537480664298,2297.0949430855644,2319.787204714041,2315.066717999704,2321.9541014358124,2323.245836745384,2311.3757980071423,2298.959511724324,2326.9940608071856,2319.5480472024633,2327.8577581048303,2290.3127794049915,2283.0463769259627,2297.0949430855644,2319.787204714041,2330.2640925161136,2321.9541014358124,2323.245836745384,2311.3757980071423,2348.936892413983,2371.5535215460463,2368.900133313154,2377.386646575146,2384.9126550760675,2382.309262879265,2396.968636263198,2420.6475179624777,2405.2378067970667,2422.9086275851955,2419.205990871824,2406.8456679248284,2398.9142731036422,2376.504572739253,2368.900133313154,2377.386646575146,2389.891595900861,2382.309262879265,2391.974951604316,2370.2173613382593,2344.448308731429,2354.259549803615,2323.245836745384,2311.3757980071423,2343.9391543450174,2307.1898560343584,2319.5480472024633,2303.093313869673,2290.3127794049915,2377.3461185816,2372.0002129687896,2326.8474266414314,2304.9351349887643,2316.906375128343,2293.9527370646815,2261.128498050465,2291.9626784277716,2277.483548875118,2270.195961091773,2325.876602566018,2333.1316704982155,2332.677819902614,2297.0949430855644,2314.7441890516193,2328.2377759139254,2321.9541014358124,2348.4985088839207,2361.623097963819,2348.936892413983,2375.5143625006117,2368.900133313154,2377.386646575146,2389.891595900861,2382.309262879265,2372.0002129687896,2415.6045023000556,2431.5799226255094,2447.1377138610474,2449.509197438068,2462.117697877173,2448.891653793302,2426.015084671321,2329.4184644246016,2278.328869634515,2190.7339629091225,2133.1594191364757,2047.4107101414813,2017.2062649687314,2021.2508106824548,2014.0427966801938,2015.1632366552353,2009.89199826708,1999.0952275863688,1980.420477282711,2072.78761664901,2129.7422042235685,2185.755022084329,2183.78349097266,2197.2212499079315,2218.9268914656045,2279.6061774614154,2316.906375128343,2424.256525299531,2512.36499783385,2593.8260577933133,2624.0571323995923,2714.364736087989,2772.627176568264,2806.131048853594,2848.844826859788,2846.4002555625475,2824.088770956224,2836.8432430630946,2877.2039952574196,2924.2594336425595,2964.590697443943,2953.66319875886,2970.6307159240664,2960.1381249192286,2971.7333082189325,2986.3687067111173,2977.8865785990815,2996.210795328997,2985.4652721537223,2998.9485712381284,3027.6262392200006,3028.300442853331,3014.83799740062,3039.6242935450737,3069.651739788202,3059.829338862824,3070.7910851595634,3086.943311371945,3077.1494645523844,3046.147641917814,3076.2395540773155,3090.1328183365854,3095.265771740087,3131.331345178561,3140.4562472923126,3198.55236413819,3267.693787516473,3207.885597194896,3268.9066390408257,3385.679760859553,3374.9381224122926
New Hyde Park,Queens,neighborhood,,,,,,,,,,,,,,,,,,,,,,,,,,,,,,,,,,,,,,,,,,,,,,,,,,,,,,,,,,,,,,,,,,,,,,,,,,,,,,,,,,,,,,,,,,,,,,,,,,,,,,,,,,,,,,,,,,,,,,,,,,,,,,,,,,,,,,,,,,,,,,,,,,,,,,,,,,,,,,,,,,,,,,,,,,,,,,,,,,,,,,,,,,,,,,,,,,,,,,,,,,,,,,,,,,,,,,,,,,,,,,,,,,,,,,,,,,,,,,,,,,,,,,,,,,,,,,,,,,,,,,,,,,,,,,,,,,,,,,,,,,,,,,,,,,,,,,,,,,,,,,,,,,,,,,,,,,,,,,,,,,,,,,,,,,,,,,,,,,,,,,,,,,,,,,,,,,,,,,,,,,,,,,,,,,,,,,,,
Nolita,Manhattan,neighborhood,,1750.0,2345.0,2475.0,2438.0,2475.0,1925.0,2425.0,2450.0,,,,,,2495.0,2498.0,2550.0,2800.0,2748.0,,,,,,,,,,,,2400.0,2488.0,,,,,,2850.0,,2850.0,2850.0,2945.0,2895.0,2873.0,,2500.0,,,2895.0,,,2875.0,2863.0,2795.0,2850.0,2895.0,3095.0,2345.0,1975.0,2400.0,2695.0,2995.0,,3000.0,2600.0,,2725.0,2825.0,2698.0,2973.0,,2695.0,2850.0,,3195.0,3195.0,3025.0,,,3045.0,3095.0,2688.0,2383.0,2300.0,2300.0,2800.0,2500.0,2748.0,2798.0,2495.0,2613.0,2675.0,2923.0,2773.0,2773.0,2798.0,2800.0,2895.0,3000.0,3195.0,3095.0,3045.0,2950.0,2850.0,2875.0,2800.0,2723.0,2699.0,3195.0,2801.0,3110.0,2705.0,2945.0,3200.0,3223.0,2800.0,2950.0,2768.0,,,,2895.0,2848.0,,2795.0,2929.0,2764.0,2300.0,2194.0,2303.0,2197.0,2125.0,2063.0,1950.0,2263.0,2250.0,2100.0,,2050.0,2800.0,,,,,,,,,,,,3100.0,,,,,,,,3445.0,3698.0,3100.0,,3295.0,2950.0,,,,,,3645.0,3723.0,3623.0,3723.0,3795.0,,,,,,3800.0,,,3895.0,3873.0,3800.0,3998.0,,1759.730622782153,1731.5320064619375,2282.9752044631587,2409.513614511169,2405.2154127687872,2453.2221532094236,1934.781302289655,2401.436895753062,2430.5667502425404,2513.7374423542065,2569.8848272882124,2553.06836039841,2493.7896825712796,2461.2490663280396,2429.0077335332967,2431.905054161172,2515.7093119607907,2775.3624359540954,2761.9631265932326,2692.5801730113712,2668.663084960177,2721.89433737723,2743.9906147758925,2687.82080570963,2588.312356023578,2518.1422608260746,2449.452287603116,2421.1961047633445,2424.946466195931,2407.6269131901777,2412.1948703871026,2463.8247408798425,2528.1201096060167,2668.363407780809,2782.5649509258574,2818.270810238245,2805.1782061073977,2819.9235533808696,2774.618052332624,2774.5914348916494,2811.6751133679427,2919.0865621017183,2909.7100624044424,2845.0837944323903,2665.190846745545,2557.21001256786,2743.6430982340007,2853.3787270243097,2911.0972302596188,2857.852349712893,2805.447141802986,2798.929956250348,2824.500298095586,2770.4064316041777,2864.4814085846842,2866.8700260639644,3070.450649796189,2398.6629917886526,2059.035510707594,2478.205890781065,2709.9851590845155,2963.3933482020016,2918.2167059182593,2920.6225630438416,2565.0369455286495,2639.0723163313496,2738.846259085356,2797.5501981453194,2676.599629450765,3041.034146945699,2954.5856391621883,2782.818698189571,2865.8470142452206,2990.6031368749746,3110.4928691939413,3110.4630296416913,2984.321830855448,3004.9906375002975,3053.7717004970054,3015.412514461061,3070.450649796189,2749.5122055129627,2484.3957579828843,2374.9473119985205,2312.7888185136867,2770.4512103391,2433.8754845023013,2675.290267748159,2760.3743744573694,2473.046170609096,2626.2771651339576,2649.007709748223,2899.8149432485493,2836.45734594027,2890.9901119960296,2889.1750343355916,2815.568996451445,2864.4486621184624,2920.650581402762,3110.4630296416913,3053.38051785045,3018.2066491000787,2964.989528184147,2822.3072795448356,2852.195676305022,2864.0752140760032,2838.8626307122927,2786.9490413408726,3212.765337022274,2771.4406571999352,3027.741102720863,2633.428011011197,2905.397617146874,3171.8427839475376,3239.37669469068,2772.793116745803,2926.6007809042835,2831.3429259151344,2918.8783144828285,2923.766658227744,2879.170688960571,2864.4486621184624,2772.670951945022,2746.8455205427326,2757.414716443298,2903.2273481819807,2778.0444257291465,2277.6514887554813,2176.5973265437283,2355.7018635775125,2290.481527607384,2194.244799129068,2074.4710141711894,1929.421378629016,2203.1440885714833,2190.466922282881,2071.760609850063,2056.7418052159815,2060.4164517889835,2772.793116745803,2802.5922732388476,2915.21941432736,2997.330173814852,2994.498784693787,2941.264040935884,2918.868239464409,2896.3118265577386,2920.6225630438416,2984.321830855448,3023.162653449997,3090.624677683475,3069.8780935399964,3118.1939252473817,3259.1641610177376,3366.7836974133347,3379.1369906587647,3334.061054949758,3323.3046438308756,3311.8960655365067,3353.848243228678,3648.2717786788253,3072.722696949177,3213.747124192817,3262.9833284562224,2926.6007809042835,3135.991878745719,3317.0453923551026,3404.951635354401,3432.3126813884282,3491.92287969824,3548.5904564043553,3624.4926007374074,3574.2803283270373,3690.2408389489633,3814.2831387996057,3758.950192493195,3766.5517394915014,3884.402009090579,3959.9509948545206,3922.965505580165,3821.129352326961,3791.2305551009467,3761.1489153842235,3791.941627685254,3820.9184961663304,3766.563305937701,4018.314621586515,3959.152457410615
North Brooklyn,Brooklyn,submarket,1898.0,1948.0,2060.0,2255.0,2100.0,2000.0,2150.0,2395.0,2700.0,2675.0,2500.0,2500.0,2400.0,2150.0,2250.0,2255.0,2206.0,2206.0,2175.0,2423.0,2400.0,2500.0,2500.0,2200.0,2900.0,2548.0,2658.0,2799.0,2550.0,2500.0,2500.0,2488.0,2500.0,2400.0,2500.0,2650.0,2650.0,2650.0,2725.0,2548.0,2500.0,2500.0,2500.0,2500.0,2517.0,2575.0,2598.0,2375.0,2435.0,2450.0,2550.0,2608.0,2633.0,2600.0,2650.0,2662.0,2610.0,2650.0,2597.0,2595.0,2550.0,2600.0,2650.0,2695.0,2695.0,2700.0,2750.0,2700.0,2700.0,2705.0,2693.0,2702.0,2655.0,2650.0,2638.0,2605.0,2650.0,2675.0,2675.0,2676.0,2653.0,2650.0,2550.0,2548.0,2590.0,2600.0,2571.0,2585.0,2559.0,2600.0,2645.0,2675.0,2675.0,2630.0,2500.0,2422.0,2400.0,2450.0,2475.0,2500.0,2500.0,2496.0,2500.0,2500.0,2451.0,2475.0,2499.0,2400.0,2470.0,2605.0,2521.0,2630.0,2700.0,2700.0,2708.0,2830.0,2900.0,2895.0,2864.0,2891.0,2928.0,2869.0,2844.0,2702.0,2630.0,2603.0,2600.0,2520.0,2475.0,2450.0,2575.0,2500.0,2548.0,2650.0,2650.0,2702.0,2800.0,2850.0,2895.0,3000.0,3060.0,2989.0,2800.0,3213.0,2950.0,2800.0,3225.0,3198.0,3167.0,3500.0,3500.0,3516.0,3513.0,3525.0,3434.0,3372.0,3343.0,3447.0,3500.0,3446.0,3345.0,3405.0,3450.0,3495.0,3477.0,3493.0,3500.0,3483.0,3546.0,3562.0,3595.0,3600.0,3623.0,3650.0,3595.0,3650.0,3695.0,3591.0,3500.0,3525.0,3605.0,3700.0,3683.0,3683.0,3750.0,3800.0,3822.0,3800.0,1903.9735803653282,1974.9856951202032,2053.7824850999573,2249.518401166963,2116.527016415845,2001.47685132786,2156.089125332594,2364.3353269994345,2653.4564072628914,2642.5944660151863,2511.2331394536495,2539.5984726218667,2407.5535262786025,2179.7840064211687,2243.2090249878174,2249.518401166963,2223.3612372444545,2207.62896701463,2181.159929115531,2391.9768256031857,2358.6279175670147,2469.7144542198002,2511.2331394536495,2234.8466559072426,2909.127177586645,2583.2975108656456,2649.977594852275,2792.1960110271975,2570.068519933526,2501.8460641598253,2507.0803782937137,2456.1445902190367,2456.9040807989736,2370.9258760510083,2511.2331394536495,2691.9743809791785,2658.3403519326234,2686.710519542371,2716.775374707468,2541.8061579483024,2519.6750195426725,2501.8460641598253,2507.0803782937137,2467.9909467635016,2473.6110285484065,2543.8058878463944,2609.6734785202325,2412.6185489907734,2442.6636818701654,2483.93991429389,2542.3035616528596,2601.660306094652,2653.721730582343,2601.919906726218,2657.5052009913366,2627.9167601137765,2565.0078603541283,2617.897321472988,2608.6689852644513,2636.1032145814975,2558.025621671015,2636.0178682302508,2642.0017405412073,2688.4488209068586,2716.209671067001,2701.993749292611,2757.7884161230854,2665.4302225045817,2653.4564072628914,2672.231039465824,2705.1003378194714,2744.7980292097136,2663.356088445704,2686.710519542371,2630.0379590746056,2598.6675986873342,2670.855520715233,2676.9752886510128,2682.5760047742738,2641.7375094156523,2607.2666105438707,2617.897321472988,2561.4578022427227,2588.3587632962067,2598.1515137756587,2636.0178682302508,2563.2401792194128,2578.7162159718846,2579.13935000388,2601.919906726218,2652.491040234749,2640.750313036947,2628.8873664549014,2598.1396058392297,2511.2331394536495,2460.363000276064,2407.5535262786025,2483.93991429389,2467.5299274865993,2493.922839431223,2519.6750195426725,2497.8431104571696,2507.0803782937137,2467.9909467635016,2408.7487608153137,2445.017309677602,2510.2286461978683,2438.014533716992,2477.7738374617284,2641.0871333614627,2513.391089775239,2623.6068270816468,2721.2490211060867,2701.993749292611,2715.669465767751,2793.765751736284,2850.008733726809,2859.9293379865285,2876.868684558101,2936.7916737399264,2937.215302059895,2908.7443322894574,2835.416207584601,2695.431804857266,2650.698120558892,2604.92212200321,2607.3635934254626,2487.7348743376097,2432.3350399909837,2420.3201651354043,2586.570133637259,2539.5984726218667,2556.019327065783,2686.710519542371,2642.0017405412073,2695.431804857266,2822.0360218877936,2852.1045131422006,2903.1990780641204,2961.589136116202,3007.2505948979433,2952.790601465193,2812.5811161880874,3263.891957013623,2959.284542717449,2838.7884734787312,3215.266269149205,3190.2260962004207,3191.9243147566576,3502.584489823755,3509.9125296111993,3470.982467528189,3452.4416143387175,3482.2973804499184,3449.429840353533,3425.410419872374,3353.5214326455703,3494.751381457567,3489.4362610921603,3437.623241871998,3371.325176148096,3407.514339385682,3459.7709220453253,3450.2513435753754,3417.062195575212,3450.685035435905,3515.7263952351095,3538.1685920567847,3557.160335076635,3611.344479475443,3584.1495310360906,3591.2488887809614,3651.5130383212413,3652.6952536733447,3605.1815839863607,3603.2667822747126,3631.304231420883,3547.497842041321,3515.7263952351095,3580.833846396832,3616.346025930984,3751.256197096895,3671.883928457836,3674.047127050078,3779.512529314009,3802.8060175229343,3832.82448233543,3751.3462390805225
North Corona,Queens,neighborhood,,,,,,,,,,,,,,,,,,,,,,,,,,,,,,,,,,,,,,,,,,,,,,,,,,,,,,,,,,,,,,,,,,,,,,,,,,,,,,,,,,,,,,,,,,,,,,,,,,,,,,,,,,,,,,,,,,,,,,,,,,,,,,,,,,,,,,,,,,,,,,,,,,,,,,,,,,,,,,,,,,,,,,,,,,,,,,,,,,,,,,,,,,,,,,,,,,,,,,,,,,,,,,,,,,,,,,,,,,,,,,,,,,,,,,,,,,,,,,,,,,,,,,,,,,,,,,,,,,,,,,,,,,,,,,,,,,,,,,,,,,,,,,,,,,,,,,,,,,,,,,,,,,,,,,,,,,,,,,,,,,,,,,,,,,,,,,,,,,,,,,,,,,,,,,,,,,,,,,,,,,,,,,,,,,,,,,,,
Northeast Queens,Queens,submarket,1025.0,1150.0,1050.0,1050.0,1100.0,1100.0,,,,,,,,,,,1070.0,1125.0,1100.0,1050.0,1100.0,1050.0,1113.0,1050.0,1050.0,1050.0,1375.0,1285.0,1243.0,1285.0,1200.0,1138.0,1125.0,,1125.0,1125.0,,,,1200.0,1188.0,,,1225.0,1295.0,,1250.0,1250.0,1200.0,1200.0,1200.0,1250.0,1250.0,1250.0,1375.0,1250.0,1325.0,1350.0,1325.0,1325.0,1300.0,1300.0,1425.0,1425.0,1450.0,1400.0,1395.0,1350.0,1350.0,1400.0,1395.0,1400.0,1400.0,1400.0,1425.0,1400.0,1450.0,1425.0,1450.0,1500.0,1499.0,1400.0,1400.0,1450.0,1430.0,1400.0,1450.0,1475.0,1450.0,1550.0,1570.0,1488.0,1450.0,1425.0,1475.0,1495.0,1500.0,1450.0,1525.0,1493.0,1525.0,1500.0,1575.0,1575.0,1545.0,1500.0,1550.0,1563.0,1550.0,1595.0,1575.0,1550.0,1595.0,1650.0,1580.0,1600.0,1601.0,1600.0,1530.0,1525.0,1525.0,1525.0,1550.0,1585.0,1590.0,1557.0,1564.0,1550.0,1525.0,1500.0,1500.0,1500.0,1495.0,1475.0,1475.0,1500.0,1500.0,1500.0,1500.0,1525.0,1550.0,1500.0,1500.0,1500.0,1550.0,1550.0,1588.0,1600.0,1600.0,1650.0,1650.0,1600.0,1750.0,1625.0,1670.0,1650.0,1650.0,1675.0,1690.0,1650.0,1675.0,1690.0,1700.0,1750.0,1800.0,1788.0,1700.0,1700.0,1700.0,1750.0,1738.0,1885.0,1850.0,1845.0,1800.0,1800.0,1873.0,1800.0,1725.0,1800.0,1850.0,1775.0,1800.0,1850.0,1850.0,1850.0,1925.0,1975.0,1044.512356707297,1177.4882758216127,1038.5522064188665,1038.5818090817488,1088.3799547300996,1080.3645404541858,1079.217010920224,1095.5201489032145,1076.7869360200707,1099.1777714993623,1102.051514332695,1100.3960904518626,1101.4857579822403,1103.9534348809746,1063.7292296047783,1061.061934819449,1058.6968650556423,1104.9182800099627,1081.8994061420638,1050.9350265641303,1084.8561137254667,1059.724813089953,1129.072526357756,1066.2395003958902,1069.9882678464992,1075.0979909675593,1360.0088417389918,1271.0263092095688,1229.8693488450124,1262.0622131669352,1180.2538976095243,1139.0133906952194,1109.5119344919547,1135.419442596378,1141.2458150516402,1142.3994647098823,1165.522934618508,1190.2870614283693,1168.3712322212248,1186.9506389505702,1175.4503511085074,1178.9068818713704,1192.7121331954027,1226.0908643248188,1277.1715157040724,1284.2855472923477,1268.0509056129335,1269.332738566536,1222.8437346817134,1228.6834182486393,1186.9168073358474,1236.4069155735106,1236.7954031023858,1227.6869777888473,1352.3742576775799,1251.11312686206,1306.7585006238578,1362.5033311156537,1344.1339599497096,1345.492702880528,1324.7473792385229,1331.0737031026927,1409.4637087113188,1409.503883753802,1434.6826675987675,1375.0094151235091,1372.0451559710718,1351.2021770110248,1331.4143213903455,1412.9664174532704,1415.144810664034,1421.6526671945203,1426.6510237953323,1433.4639879567458,1409.4637087113188,1384.7757454423318,1434.6826675987675,1399.563154679286,1426.140126278175,1501.3357522344718,1478.3630131586133,1412.9664174532704,1420.2170142864857,1472.4259767371816,1457.222117162375,1433.4639879567458,1434.1911421974821,1458.9601603767424,1434.6826675987675,1522.3318524581707,1544.1655160391274,1489.325066216596,1430.0376044562972,1438.1979606220789,1496.3000686232617,1518.121955325577,1528.5546683521418,1484.6591303837724,1508.3734426559727,1476.764419961001,1508.8903917849107,1473.2243733466169,1549.0832406125005,1576.4025398461954,1523.729723368951,1513.892590128504,1572.3831229600378,1587.1736563035965,1579.5064906305465,1633.1250434221497,1557.8283096282996,1533.1445753111532,1578.1509343586442,1620.5468106812784,1554.0009651858736,1601.4248023834366,1578.9587618858839,1614.8187628037376,1552.0943084702308,1548.585941051174,1554.030579491344,1561.4518440243125,1533.1008761421363,1567.7639689472114,1573.2037527462348,1529.2068995337884,1538.2642465510799,1551.3802773089542,1504.0050667557607,1513.892590128504,1521.6610867355203,1523.1992862798431,1523.4594861243013,1510.2567015972859,1458.9185756836457,1483.6882986882126,1484.154483722863,1473.2243733466169,1475.3173720119053,1526.358014771713,1528.6608875222487,1513.892590128504,1521.6610867355203,1523.1992862798431,1579.5064906305465,1587.0494152378258,1570.6865750411046,1582.6008519340935,1583.0981159710539,1620.5468106812784,1622.8491092130957,1601.4248023834366,1725.9074536541516,1640.050305972546,1694.1160098988794,1675.5192149078273,1681.4101351873558,1715.0372713053923,1671.5745036646517,1632.0571285570338,1657.305840157197,1659.8327939705216,1672.026354946826,1751.5583776068838,1775.2190951871276,1804.5599674331768,1724.5492316335897,1726.2925244504888,1732.3619574657605,1791.8299849459324,1719.0511759580857,1864.5016286848538,1830.457196591531,1812.0659792163387,1770.3808464142862,1801.6029026813662,1847.2140918252721,1816.6711081542048,1749.9102497458484,1827.8391435358117,1885.2174243009747,1817.4275561594457,1780.375211003771,1829.8822350487956,1830.457196591531,1816.976727127494,1893.3239607486119,1976.7587404420547
Northwest Brooklyn,Brooklyn,submarket,1877.0,1781.0,1929.0,1878.0,1805.0,1750.0,1794.0,1873.0,1873.0,1929.0,1900.0,1800.0,1800.0,1895.0,1850.0,1857.0,1900.0,1934.0,1912.0,1950.0,1969.0,1854.0,1850.0,2050.0,2075.0,2098.0,1901.0,1993.0,2000.0,1995.0,2125.0,2235.0,2200.0,2200.0,2200.0,2250.0,2200.0,2195.0,2175.0,2025.0,2000.0,2000.0,2125.0,2150.0,2100.0,2116.0,2145.0,2175.0,2250.0,2197.0,2150.0,2199.0,2243.0,2200.0,2175.0,2225.0,2263.0,2202.0,2269.0,2240.0,2200.0,2300.0,2300.0,2200.0,2200.0,2200.0,2300.0,2350.0,2395.0,2395.0,2338.0,2328.0,2343.0,2350.0,2390.0,2379.0,2300.0,2300.0,2300.0,2395.0,2446.0,2408.0,2313.0,2298.0,2250.0,2295.0,2330.0,2376.0,2357.0,2350.0,2400.0,2445.0,2418.0,2350.0,2310.0,2351.0,2350.0,2300.0,2395.0,2450.0,2500.0,2415.0,2495.0,2500.0,2500.0,2486.0,2492.0,2475.0,2500.0,2500.0,2515.0,2525.0,2625.0,2631.0,2650.0,2500.0,2529.0,2617.0,2600.0,2585.0,2600.0,2654.0,2514.0,2520.0,2450.0,2372.0,2341.0,2229.0,2100.0,2099.0,2085.0,2095.0,2104.0,2200.0,2250.0,2318.0,2400.0,2490.0,2500.0,2697.0,2700.0,2837.0,2830.0,2889.0,3047.0,2995.0,3057.0,3091.0,3200.0,3190.0,3200.0,3150.0,3150.0,3093.0,3143.0,3150.0,3025.0,3185.0,3191.0,3175.0,3190.0,3200.0,3200.0,3300.0,3299.0,3200.0,3239.0,3222.0,3256.0,3253.0,3282.0,3305.0,3350.0,3350.0,3390.0,3400.0,3402.0,3394.0,3400.0,3373.0,3315.0,3300.0,3418.0,3468.0,3453.0,3495.0,3500.0,3500.0,1887.5918046210952,1776.9042291386133,1937.5858849132974,1887.1150923322484,1805.4162074321782,1761.188688162704,1789.0814887359388,1846.9542042728904,1856.3488290075188,1926.5207201021108,1909.1886836227632,1805.6770090484392,1810.1572979850673,1890.6420630082382,1858.2342597665113,1866.0131663796515,1900.4381130865033,1946.3650988038112,1906.7579746171211,1922.8834481218025,1951.4953787057152,1851.6171151214687,1858.9468761590063,2056.465482527389,2086.7091073994525,2093.1752233199386,1909.4612582789935,2002.6732582631369,2000.4611716700035,2007.7551045054827,2119.174004216204,2203.9202597703734,2180.441763917,2197.172412765497,2210.6395284053046,2257.096261310549,2212.414475315082,2189.95215213883,2184.6808189146823,2034.8285740004276,2000.4611716700035,2012.7870721859476,2119.174004216204,2120.1022633137823,2081.3307746480455,2113.280375187178,2155.373540195172,2181.859719266864,2262.696622481334,2191.947552733034,2159.5695451340534,2209.6731033219457,2243.517204027909,2214.0657794045424,2169.0369219624677,2194.0593190107747,2242.881687156442,2199.1698422316476,2279.973222705289,2247.0647223713913,2212.414475315082,2294.710683334537,2310.2371878178246,2210.6779569387363,2200.507288837004,2214.0657794045424,2293.694216328127,2317.3210785057618,2373.7081929914616,2391.921785715166,2349.306917005274,2335.3422650359817,2356.2214162105624,2344.5956981896356,2400.6377734280873,2390.546754344206,2300.5303474205043,2314.7051330138397,2293.694216328127,2361.6953119239574,2424.2547975186285,2404.9050772451437,2324.1860132733955,2305.2476482185075,2262.696622481334,2289.7221818490275,2340.370716354579,2387.532193493835,2357.543490813099,2365.0248098184884,2393.420051820654,2411.0000157219524,2396.503720523321,2346.9796227267807,2321.17150482557,2358.4148045960446,2363.260916813838,2294.710683334537,2405.660028184213,2461.89136113632,2500.5764645875047,2430.4403896645317,2488.159595538555,2465.2351898997467,2477.774731723864,2482.8048264250115,2504.0516839936454,2482.805887441604,2514.1073583125935,2494.2507427549317,2526.19414233123,2537.255382395595,2625.60528781688,2647.8213934606138,2642.734640551972,2465.2351898997467,2506.5169186118605,2613.636456457866,2612.5739881153604,2593.152815772342,2614.6716526450973,2647.8965885086354,2525.189691380005,2532.231114311643,2450.5649352957544,2387.1654676125336,2334.581808880063,2198.003695314614,2081.3307746480455,2096.302224724899,2095.083371238664,2101.6074077536,2115.8727527558785,2194.94065362434,2260.014640256568,2329.250683719996,2400.5534060040045,2505.9199048715045,2493.1458873131814,2659.495722863847,2675.996710261773,2833.353697734416,2843.686302448642,2898.111599522745,3064.194048311389,2988.112389820408,3070.6065578952566,3106.0025294989246,3200.737874672006,3210.3953801365865,3191.226735760872,3106.196339273681,3121.9961619720684,3089.0246694016737,3158.2000171717605,3159.9347658347688,3042.069903558238,3177.675446269783,3205.2029853594254,3190.4102333093124,3190.735568813656,3220.459315497516,3191.226735760872,3254.1104506676656,3269.671535982811,3195.887145840723,3254.664287502174,3232.1618461967064,3274.3734234663216,3245.519066472717,3296.6080219209134,3321.041203492056,3350.772462547256,3371.418345911462,3380.705823196674,3352.7198582636556,3371.755854929834,3389.6378040573168,3416.442907535471,3383.638084177992,3333.706357122499,3292.41098043651,3433.2133512875325,3484.8323430288806,3453.7962128882614,3517.3454086449433,3490.4042422384537,3451.3292658596456
Northwest Queens,Queens,submarket,1430.0,1625.0,1688.0,1638.0,1548.0,1328.0,1400.0,1925.0,1905.0,1960.0,2138.0,2180.0,1930.0,1818.0,1850.0,1500.0,1588.0,1850.0,2125.0,2073.0,2075.0,2038.0,2088.0,2035.0,2013.0,2300.0,2265.0,2280.0,2288.0,2228.0,2235.0,2228.0,2145.0,2138.0,2075.0,2101.0,2100.0,2100.0,2050.0,2085.0,1975.0,2118.0,2075.0,2225.0,2225.0,2100.0,2100.0,2100.0,2000.0,2100.0,2175.0,2500.0,2469.0,2450.0,2375.0,2375.0,2283.0,2100.0,2000.0,1975.0,1650.0,1650.0,1900.0,2023.0,2148.0,2300.0,2300.0,2325.0,2333.0,2271.0,2250.0,2200.0,2139.0,2050.0,2155.0,2298.0,2298.0,2275.0,2250.0,2324.0,2293.0,2154.0,2100.0,1993.0,1950.0,1916.0,2000.0,1950.0,2000.0,2000.0,2100.0,2255.0,2210.0,2118.0,2160.0,2118.0,2100.0,1994.0,2077.0,2143.0,2100.0,2200.0,2248.0,2299.0,2275.0,2248.0,2250.0,2222.0,2077.0,2100.0,2041.0,2250.0,2389.0,2300.0,2246.0,2290.0,2344.0,2380.0,2436.0,2397.0,2443.0,2352.0,2316.0,2358.0,2282.0,2202.0,2129.0,2000.0,1950.0,1813.0,1800.0,1700.0,1700.0,1700.0,1700.0,1900.0,2100.0,2095.0,2118.0,2150.0,2050.0,2080.0,2000.0,2275.0,2500.0,2541.0,2576.0,2786.0,2760.0,2863.0,2900.0,2900.0,2750.0,2850.0,2505.0,2797.0,2998.0,2950.0,2970.0,3070.0,2975.0,2981.0,2998.0,2990.0,2975.0,2800.0,2922.0,2950.0,2994.0,3000.0,3050.0,3100.0,3100.0,3088.0,3050.0,3082.0,3000.0,3100.0,3095.0,3095.0,3050.0,3115.0,3200.0,3350.0,3250.0,3300.0,3300.0,3260.0,1483.2096315600115,1691.4219178205344,1732.2126674177487,1629.8057512247594,1529.033529075206,1293.2129387607606,1376.9999349880547,1844.8769128529343,1864.1425608798845,1965.603280694543,2161.7748125286994,2206.177361125035,2001.8143978397359,1892.3107979062963,1898.4558262576038,1492.4961091801827,1568.5434393872267,1801.539108966421,2090.0891870354403,1986.7168001787704,2030.4964901972496,2043.8262683956523,2111.2188066229764,2059.4362063713056,2087.90278904217,2394.0125606075258,2324.3256467424176,2268.5940859538773,2259.966869847591,2169.6373701498305,2198.282039070216,2135.2653308240715,2098.995166974988,2144.112150063741,2098.0742450874886,2126.228731983348,2178.140018374842,2185.837555337306,2103.6942939611286,2074.569591760454,1950.801821656028,2062.5188285356107,2040.9106179287242,2132.390197972872,2177.279369006689,2106.0035150298672,2123.35224804035,2125.2167240195295,2074.4190651188974,2185.837555337306,2231.9683362758315,2487.4935153003044,2438.7492140094855,2385.822063225801,2335.9820325690216,2276.146840532841,2234.035415479673,2106.0035150298672,2022.240236228905,1998.7157285421763,1711.39572872309,1717.4437934793118,1949.7654431834849,2012.8797525810062,2121.682183755518,2239.751324660956,2262.2141789089474,2228.227959679518,2282.963041749486,2277.4923726822994,2275.020265757518,2226.417520401412,2218.5911901446607,2133.793804019751,2211.444489505479,2286.50403926404,2269.8443474255964,2215.406201566815,2213.0356098022307,2227.2695820624517,2243.8209407336353,2160.1578911306356,2123.35224804035,2016.931871890915,2022.5585884909249,1994.316550488704,2052.3846770352475,1940.2449419342374,1975.4955156010412,1947.609847531266,2065.4999024820822,2161.141526484866,2162.601081125745,2124.0549737301235,2184.019455127217,2143.432867368268,2178.140018374842,2075.5048025440897,2131.4014871011045,2132.2794413154206,2074.270291381093,2142.3708322843927,2211.0684670379624,2203.31014163579,2226.2069952765023,2254.426619898639,2275.020265757518,2248.681695605426,2154.2841991259747,2185.837555337306,2094.45856291447,2238.7441637702736,2359.7293933854435,2239.751324660956,2209.1013242736935,2194.684743082192,2293.727119528845,2386.8039837005163,2463.088607726806,2425.7830892737197,2533.902888042733,2448.138061977783,2376.6614560068165,2346.2038836312468,2254.040383300788,2144.318442131924,2094.0234725639775,1916.7552341329188,1908.1774245227164,1818.1830346424522,1820.0162126060143,1720.4135384919998,1763.2562053510626,1769.4875447968668,1744.5269754799604,1890.4950716282312,2074.270291381093,2040.1213152890011,2083.2041873605,2060.5118766928877,2006.0326770623428,2085.9463386962498,2022.240236228905,2302.3181176878234,2593.0238313986215,2644.8634419581404,2643.471464021399,2772.0627734506593,2726.1838115294368,2788.0034967410074,2852.3570081895423,2779.295089492732,2691.0194448397283,2858.1476275405344,2532.8558958767035,2830.586274801249,3109.554178613227,3070.5813277357393,3047.791245397342,3054.6420367887736,2938.5495794565486,2902.912477745352,2948.747003638706,2865.5490750287136,2911.193763053888,2808.00468670649,2954.49298513043,2985.423493265529,3105.4053404829892,3122.625079053294,3129.8866324787523,3084.4919589723772,3062.0180491816136,3007.1096045882746,2999.892715509691,2953.7198157988278,2935.6575761887943,3108.8623317107567,3129.4167655642304,3132.1646480192585,3163.4890743063183,3242.3257070836703,3283.815483256396,3333.2413105024075,3210.180212851692,3213.556248426589,3245.785561043272,3124.3110316366574
Norwood,Bronx,neighborhood,,,,,,,,,,,,,,,,,,,,,,,,,,,,,,,,,,,,,,,,,,,,,,,,,,,,,,,,,,,,,,,,,,,,,,,,1275.0,1295.0,1295.0,,,,,,,,,,,,,,,,,,,,,,,,,,,,,,,,,,,,,1300.0,,,1350.0,,,,,,,,,,,,,,,,,,,,,,,,,,,,,,,,,,,,,,,,,,,,,,,,,,,,,,,,,,,,,,,,,,,,,,,,,,,1275.0724958558762,1275.451581874012,1275.8786682326145,1275.1321618564689,1274.3917152169465,1273.6572374438506,1274.1258685563917,1274.5042758865861,1274.8809752988116,1275.2575046298398,1275.635897676333,1276.0160879883044,1275.0724958558762,1275.451581874012,1275.8786682326145,1275.1321618564689,1274.3917152169465,1273.6572374438506,1274.1258685563917,1274.5042758865861,1274.8809752988116,1275.2575046298398,1275.635897676333,1276.0160879883044,1275.0724958558762,1275.451581874012,1275.8786682326145,1275.1321618564689,1274.3917152169465,1273.6572374438506,1274.1258685563917,1274.5042758865861,1274.8809752988116,1275.2575046298398,1275.635897676333,1276.0160879883044,1275.0724958558762,1275.451581874012,1275.8786682326145,1275.1321618564689,1274.3917152169465,1273.6572374438506,1274.1258685563917,1274.5042758865861,1274.8809752988116,1275.2575046298398,1275.635897676333,1276.0160879883044,1275.0724958558762,1275.451581874012,1275.8786682326145,1275.1321618564689,1274.3917152169465,1273.6572374438506,1274.1258685563917,1274.5042758865861,1274.8809752988116,1275.2575046298398,1275.635897676333,1276.0160879883044,1275.0724958558762,1275.451581874012,1275.8786682326145,1275.1321618564689,1274.3917152169465,1273.6572374438506,1274.1258685563917,1274.5042758865861,1274.8809752988116,1275.2575046298398,1275.635897676333,1276.0160879883044,1295.0736330457723,1295.4586655112514,1296.027679527438,1295.4045332691314,1294.7873854869795,1294.1761457736297,1294.7873691275763,1295.3069953870136,1295.8249658840068,1296.3428433391407,1296.8626953377195,1297.384454909571,1296.5602040531294,1297.0808614818384,1297.6504186921215,1297.0263229821444,1296.408233455459,1295.7960595891384,1296.4078789762966,1296.9279865169171,1297.4464361228604,1297.9647924706255,1298.4851257322205,1299.0073688529585,1298.1819178793373,1298.7030574524254,1299.2731578568055,1298.6481126951574,1298.0290814239384,1297.4159734046473,1298.0283888250171,1298.5489776468205,1299.0679063617142,1299.5867416021101,1300.1075561267212,1300.630282796346,1299.8036317055453,1300.3252534230123,1300.8958970214892,1316.803147538053,1332.6972185275258,1348.5782514111359,1349.0744490597087,1349.4751156446205,1349.8739738458005,1350.2726519610069,1350.6733034219994,1351.0758578699695,1350.0767603179866,1350.4781455136597,1350.9303545992389,1350.13993608332,1349.35593375912,1348.5782514111359,1349.0744490597087,1349.4751156446205,1349.8739738458005,1350.2726519610069,1350.6733034219994,1351.0758578699695,1350.0767603179866,1350.4781455136597,1350.9303545992389,1350.13993608332,1349.35593375912,1348.5782514111359,1349.0744490597087,1349.4751156446205,1349.8739738458005,1350.2726519610069,1350.6733034219994,1351.0758578699695,1350.0767603179866,1350.4781455136597,1350.9303545992389,1350.13993608332,1349.35593375912,1348.5782514111359,1349.0744490597087,1349.4751156446205,1349.8739738458005,1350.2726519610069,1350.6733034219994,1351.0758578699695,1350.0767603179866,1350.4781455136597,1350.9303545992389,1350.13993608332,1349.35593375912,1348.5782514111359,1349.0744490597087,1349.4751156446205,1349.8739738458005,1350.2726519610069,1350.6733034219994,1351.0758578699695,1350.0767603179866,1350.4781455136597,1350.9303545992389,1350.13993608332,1349.35593375912,1348.5782514111359,1349.0744490597087,1349.4751156446205,1349.8739738458005,1350.2726519610069,1350.6733034219994,1351.0758578699695,1350.0767603179866,1350.4781455136597,1350.9303545992389,1350.13993608332,1349.35593375912,1348.5782514111359,1349.0744490597087,1349.4751156446205
Oakland Gardens,Queens,neighborhood,,,,,,,,,,,,,,,,,,,,,,,,,,,,,,,,,,,,,,,,,,,,,,,,,,,,,,,,,,,,,,,,,,,,,,,,,,,,,,,,,,,,,,,,,,,,,,,,,,,,,,,,,,,,,,,,,,,,,,,,,,,,,,,,,,,,,,,,,,,,,,,,,,,,,,,,,,,,,,,,,,,,,,,,,,,,,,,,,,,,,,,,,,,,,,,,,,,,,,,,,,,,,,,,,,,,,,,,,,,,,,,,,,,,,,,,,,,,,,,,,,,,,,,,,,,,,,,,,,,,,,,,,,,,,,,,,,,,,,,,,,,,,,,,,,,,,,,,,,,,,,,,,,,,,,,,,,,,,,,,,,,,,,,,,,,,,,,,,,,,,,,,,,,,,,,,,,,,,,,,,,,,,,,,,,,,,,,,
Ocean Parkway,Brooklyn,neighborhood,,,,,,,,,,,,,,,,,,,,,,,,,,,,,,,,,,,,,,,,,,,,,,,,,,,,,,,,,,,,,,,,,,,,,,,,,,,,,,,,,,,,,,,,,,,,,,,,,,,,,,,,,,,,,,,,,,,,,,,,,,,,,,,,,,,,,,,,,,,,,,,,,,,,,,,,,,,,,,,,,,,,,,,,,,,,,,,,,,,,,,,,,,,,,,,,,,,,,,,,,,,,,,,,,,,,,,,,,,,,,,,,,,,,,,,,,,,,,,,,,,,,,,,,,,,,,,,,,,,,,,,,,,,,,,,,,,,,,,,,,,,,,,,,,,,,,,,,,,,,,,,,,,,,,,,,,,,,,,,,,,,,,,,,,,,,,,,,,,,,,,,,,,,,,,,,,,,,,,,,,,,,,,,,,,,,,,,,
Old Mill Basin,Brooklyn,neighborhood,,,,,,,,,,,,,,,,,,,,,,,,,,,,,,,,,,,,,,,,,,,,,,,,,,,,,,,,,,,,,,,,,,,,,,,,,,,,,,,,,,,,,,,,,,,,,,,,,,,,,,,,,,,,,,,,,,,,,,,,,,,,,,,,,,,,,,,,,,,,,,,,,,,,,,,,,,,,,,,,,,,,,,,,,,,,,,,,,,,,,,,,,,,,,,,,,,,,,,,,,,,,,,,,,,,,,,,,,,,,,,,,,,,,,,,,,,,,,,,,,,,,,,,,,,,,,,,,,,,,,,,,,,,,,,,,,,,,,,,,,,,,,,,,,,,,,,,,,,,,,,,,,,,,,,,,,,,,,,,,,,,,,,,,,,,,,,,,,,,,,,,,,,,,,,,,,,,,,,,,,,,,,,,,,,,,,,,,
Ozone Park,Queens,neighborhood,,,,,,,,,,,,,,,,,,,,,,,,,,,,,,,,,,,,,,,,,,,,,,,,,,,,,,,,,,,,,,,,,,,,,,,,,,,,,,,,,,,,,,,,,,,,,,,,,,,,,,,,,,,,,,,,,,,,,,,,,,,,,,,,,,,,,,,,,,,,,,,,,,,,,,,,,,,,,,,,,,,,,,,,,,,,,,,,,,,,,,,,,,,,,,,,,,,,,,,,,,,,,,,,,,,,,,,,,,,,,,,,,,,,,,,,,,,,,,,,,,,,,,,,,,,,,,,,,,,,,,,,,,,,,,,,,,,,,,,,,,,,,,,,,,,,,,,,,,,,,,,,,,,,,,,,,,,,,,,,,,,,,,,,,,,,,,,,,,,,,,,,,,,,,,,,,,,,,,,,,,,,,,,,,,,,,,,,
Park Slope,Brooklyn,neighborhood,1550.0,1600.0,1500.0,1500.0,1498.0,1400.0,1400.0,1400.0,,1450.0,1538.0,1563.0,1513.0,1600.0,1600.0,1750.0,1800.0,1700.0,1700.0,1600.0,2000.0,1700.0,,1900.0,1800.0,1763.0,1725.0,,1650.0,1613.0,1650.0,1795.0,1650.0,1800.0,1795.0,1795.0,1795.0,1813.0,1825.0,1898.0,1875.0,1825.0,1763.0,1800.0,1843.0,1835.0,1835.0,1855.0,1835.0,1800.0,1800.0,1850.0,1850.0,1900.0,1900.0,1900.0,1900.0,1800.0,1925.0,1900.0,1900.0,1935.0,1895.0,1850.0,1900.0,1900.0,1850.0,1900.0,1900.0,1925.0,1963.0,1900.0,1900.0,1895.0,1900.0,1900.0,1950.0,1900.0,1900.0,1900.0,1900.0,1900.0,1900.0,1900.0,1900.0,1900.0,1900.0,1900.0,1950.0,1900.0,1925.0,1950.0,2150.0,2200.0,2000.0,2100.0,2100.0,2200.0,2200.0,2150.0,2050.0,2175.0,2100.0,2100.0,2100.0,2100.0,2200.0,2173.0,2150.0,2198.0,2200.0,2300.0,2375.0,2350.0,2125.0,2200.0,2200.0,2173.0,2100.0,2195.0,2100.0,2310.0,2250.0,2100.0,2000.0,2200.0,2000.0,2100.0,2000.0,1900.0,1850.0,1825.0,1900.0,1947.0,1900.0,1975.0,2000.0,2153.0,2195.0,2200.0,2250.0,2225.0,2275.0,2198.0,2100.0,2676.0,2500.0,2473.0,2513.0,2698.0,2595.0,2525.0,2500.0,2725.0,2900.0,2800.0,2500.0,2550.0,2800.0,2623.0,2600.0,2750.0,2975.0,2898.0,2906.0,2600.0,2719.0,2500.0,2473.0,2595.0,2725.0,2800.0,2600.0,2600.0,2700.0,2875.0,3000.0,2825.0,2995.0,2600.0,2750.0,2700.0,2800.0,2798.0,2700.0,2945.0,2998.0,3000.0,1589.2320677711184,1590.7942941344857,1493.9375746890303,1494.5766293446165,1503.110173200042,1388.5432496115548,1413.6493989415515,1400.9238797017215,1402.8670266780346,1456.5695928579041,1521.4512643514454,1571.5922837865755,1551.2955603469045,1590.7942941344857,1593.5334130016324,1743.672734235386,1806.1403950334281,1686.0882316711736,1716.5742701433126,1601.0558625162532,1968.9361777937327,1707.7022812816806,1780.6321689418737,1910.444874724564,1845.5598206374277,1752.8564628494364,1718.0282108923848,1681.3987080126938,1655.6286954473092,1599.800186873884,1666.0867916096856,1796.1845457604215,1624.3723466798294,1808.1553566511914,1775.6859684725907,1804.8676579634698,1840.4332655801015,1802.5687845411392,1817.624049204987,1891.1376283307216,1881.3962448264876,1810.065307529348,1780.1884930956824,1801.1878453307847,1814.3746878369247,1843.31393303052,1815.2555722268546,1865.1974961126664,1881.445706038711,1789.6435809012964,1792.7250896268365,1843.311176191694,1856.3109615621345,1884.4515530442527,1918.5241842778198,1901.2538367380505,1870.4893689040462,1808.1553566511914,1904.2871806739483,1910.444874724564,1948.0909217839514,1923.8668494688936,1887.3411360238083,1843.311176191694,1906.4815280908408,1884.4515530442527,1868.0367057441931,1901.2538367380505,1870.4893689040462,1933.7217008630796,1941.878304240499,1910.444874724564,1948.0909217839514,1884.0969921155315,1892.3209279394384,1893.1303971698478,1956.6520946195471,1884.4515530442527,1918.5241842778198,1901.2538367380505,1870.4893689040462,1908.608432020702,1879.5561783275334,1910.444874724564,1948.0909217839514,1889.0682242847017,1892.3209279394384,1893.1303971698478,1956.6520946195471,1884.4515530442527,1943.7679235446333,1951.2868324416836,2116.6063911282627,2209.9676581292338,1978.4801877131931,2111.5443352218867,2153.153124076999,2187.3421544349176,2191.1084428772447,2142.2265020606173,2056.99322767696,2157.201119932237,2120.4740984123273,2101.3858195525822,2067.3829866834194,2109.514582759723,2176.3282064845125,2184.9456383034094,2204.418674650261,2185.3536615672497,2191.1084428772447,2291.684164995079,2383.101910113551,2330.769026133681,2145.7178376791408,2201.451810959848,2165.829795573106,2182.845327779466,2077.404197098853,2207.066578958115,2153.153124076999,2296.7092621566635,2240.9063620335455,2092.407281082463,2006.8226611482535,2181.996535103872,2019.4991413450737,2101.3858195525822,1968.9361777937327,1908.608432020702,1830.0941736347036,1835.0325770380682,1948.0909217839514,1935.7978066749022,1892.3209279394384,1967.8592286370786,2006.8226611482535,2135.381154581198,2216.4003076262184,2201.451810959848,2215.053200017949,2235.0809269716115,2250.521213523757,2210.0830708655744,2153.153124076999,2660.603456939927,2489.8959578150507,2464.0586695794914,2521.5726737327805,2675.921205322839,2620.300135895233,2526.666283033462,2461.170222242166,2737.3463038191644,2868.79627218413,2815.3924469625154,2563.277528663094,2535.3284062768366,2788.6834727528567,2613.516332513953,2608.8694594927297,2727.4956688798397,3004.0049727507967,2899.9124309825634,2860.8642663342935,2611.7799596072764,2689.743815196086,2513.743256216532,2535.5941313535327,2580.0694957993687,2713.986594018405,2789.876374776618,2608.8694594927297,2578.72317785003,2726.3238408158495,2876.8972529588923,2953.404266690599,2837.799379188675,2962.7740811005065,2614.292986465193,2819.6052815294033,2684.4653713519447,2788.6834727528567,2787.8836059374917,2709.2105925501423,2920.899907218592,3027.229212876265,3001.9797422179745
Parkchester,Bronx,neighborhood,,,,,,,,,,,,,,,,,,,,,,,,,,,,,,,,,,,,,,,,,,,,,,,,,,,,,,,,,,,,,,,,,,,,,,,,,,,,,,,,,,,,,,,,,,,,,,,,,,,,,,,,,,,,,,,,,,,,,,,,,,,,,,,,,,,,,,,,,,,,,,,,,,,,,,,,,,,,,,,,,,,,,,,,,,,,,,,,,,,,,,,,,,,,,,,,,,,,,,,,,,,,,,,,,,,,,,,,,,,,,,,,,,,,,,,,,,,,,,,,,,,,,,,,,,,,,,,,,,,,,,,,,,,,,,,,,,,,,,,,,,,,,,,,,,,,,,,,,,,,,,,,,,,,,,,,,,,,,,,,,,,,,,,,,,,,,,,,,,,,,,,,,,,,,,,,,,,,,,,,,,,,,,,,,,,,,,,,
Pelham Bay,Bronx,neighborhood,,,,,,,,,,,,,,,,,,,,,,,,,,,,,,,,,,,,,,,,,,,,,,,,,,,,,,,,,,,,,,,,,,,,,,,,,,,,,,,,,,,,,,,,,,,,,,,,,,,,,,,,,,,,,,,,,,,,,,,,,,,,,,,,,,,,,,,,,,,,,,,,,,,,,,,,,,,,,,,,,,,,,,,,,,,,,,,,,,,,,,,,,,,,,,,,,,,,,,,,,,,,,,,,,,,,,,,,,,,,,,,,,,,,,,,,,,,,,,,,,,,,,,,,,,,,,,,,,,,,,,,,,,,,,,,,,,,,,,,,,,,,,,,,,,,,,,,,,,,,,,,,,,,,,,,,,,,,,,,,,,,,,,,,,,,,,,,,,,,,,,,,,,,,,,,,,,,,,,,,,,,,,,,,,,,,,,,,
Pelham Gardens,Bronx,neighborhood,,,,,,,,,,,,,,,,,,,,,,,,,,,,,,,,,,,,,,,,,,,,,,,,,,,,,,,,,,,,,,,,,,,,,,,,,,,,,,,,,,,,,,,,,,,,,,,,,,,,,,,,,,,,,,,,,,,,,,,,,,,,,,,,,,,,,,,,,,,,,,,,,,,,,,,,,,,,,,,,,,,,,,,,,,,,,,,,,,,,,,,,,,,,,,,,,,,,,,,,,,,,,,,,,,,,,,,,,,,,,,,,,,,,,,,,,,,,,,,,,,,,,,,,,,,,,,,,,,,,,,,,,,,,,,,,,,,,,,,,,,,,,,,,,,,,,,,,,,,,,,,,,,,,,,,,,,,,,,,,,,,,,,,,,,,,,,,,,,,,,,,,,,,,,,,,,,,,,,,,,,,,,,,,,,,,,,,,
Pelham Parkway,Bronx,neighborhood,,,,,,,,,,,,,,,,,,,,,,,,,,,,,,,,,,,,,,,,,,,,,,,,,,,,,,,,,,,,,,,,,,,,,,,,,,,,,,,,,,,,,,,,,,,,,,,,,,,,,,,,,,,,,,,,,,,,,,,,,,,,,,,,,,,,,,,,,,,,,,,,,,,,,,,,,,,,,,,,,,,,,,,,,,,,,,,,,1675.0,,,,,,,,,,,,1675.0,1675.0,1675.0,1675.0,1675.0,1675.0,1675.0,1675.0,1675.0,1675.0,1675.0,1675.0,1675.0,1675.0,1675.0,1675.0,1675.0,1675.0,1675.0,1675.0,1675.0,1675.0,1675.0,1675.0,1675.0,1675.0,1675.0,1675.0,1675.0,1675.0,1675.0,1675.0,1675.0,1675.0,1675.0,1675.0,1675.0,1675.0,1675.0,1675.0,1675.0,1675.0,1675.0,1675.0,1675.0,1675.0,1675.0,1675.0,1675.0,1675.0,1675.0,1675.0,1675.0,1675.0,1675.0,1675.0,1675.0,1675.0,1675.0,1675.0,1675.0,1675.0,1675.0,1675.0,1675.0,1675.0,1675.0,1675.0,1675.0,1675.0,1675.0,1675.0,1675.0,1675.0,1675.0,1675.0,1675.0,1675.0,1675.0,1675.0,1675.0,1675.0,1675.0,1675.0,1675.0,1675.0,1675.0,1675.0,1675.0,1675.0,1675.0,1675.0,1675.0,1675.0,1675.0,1675.0,1675.0,1675.0,1675.0,1675.0,1675.0,1675.0,1675.0,1675.0,1675.0,1675.0,1675.0,1675.0,1675.0,1675.0,1675.0,1675.0,1675.0,1675.0,1675.0,1675.0,1675.0,1675.0,1675.0,1675.0,1675.0,1675.0,1675.0,1675.0,1675.0,1675.0,1675.0,1675.0,1675.0,1675.0,1675.0,1675.0,1675.0,1675.0,1675.0,1675.0,1675.0,1675.0,1675.0,1675.0,1675.0,1675.0,1675.0,1675.0,1675.0,1675.0,1675.0,1675.0,1675.0,1675.0,1675.0,1675.0,1675.0,1675.0,1675.0,1675.0,1675.0,1675.0,1675.0,1675.0,1675.0,1675.0,1675.0,1675.0,1675.0,1675.0,1675.0,1675.0,1675.0,1675.0,1675.0,1675.0,1675.0,1675.0,1675.0,1675.0,1675.0,1675.0,1675.0,1675.0,1675.0,1675.0,1675.0,1675.0,1675.0,1675.0,1675.0,1675.0
Pomonok,Queens,neighborhood,,,,,,,,,,,,,,,,,,,,,,,,,,,,,,,,,,,,,,,,,,,,,,,,,,,,,,,,,,,,,,,,,,,,,,,,,,,,,,,,,,,,,,,,,,,,,,,,,,,,,,,,,,,,,,,,,,,,,,,,,,,,,,,,,,,,,,,,,,,,,,,,,,,,,,,,,,,,,,,,,,,,,,,,,,,,,,,,,,,,,,,,,,,,,,,,,,,,,,,,,,,,,,,,,,,,,,,,,,,,,,,,,,,,,,,,,,,,,,,,,,,,,,,,,,,,,,,,,,,,,,,,,,,,,,,,,,,,,,,,,,,,,,,,,,,,,,,,,,,,,,,,,,,,,,,,,,,,,,,,,,,,,,,,,,,,,,,,,,,,,,,,,,,,,,,,,,,,,,,,,,,,,,,,,,,,,,,,
Port Morris,Bronx,neighborhood,,,,,,,,,,,,,,,,,,,,,,,,,,,,,,,,,,,,,,,,,,,,,,,,,,,,,,,,,,,,,,,,,,,,,,,,,,,,,,,,,,,,,,,,,,,,,,,,,,,,,,,,,,,,,,,,,,,,,,,,,,,,,,,,,,,,,,,,,,,,,,,,,,,,,,,,,,,,,,,,,,,,,,,,,,,,,,,,,,,,,,,,,,,,,,,,,,,,,,,,,,,,,,,,,,,,,,,,,,,,,,,,,,,,,,,,,,,,,,,,,,,,,,,,,,,,,,,,,,,,,,,,,,,,,,,,,,,,,,,,,,,,,,,,,,,,,,,,,,,,,,,,,,,,,,,,,,,,,,,,,,,,,,,,,,,,,,,,,,,,,,,,,,,,,,,,,,,,,,,,,,,,,,,,,,,,,,,,
Prospect Heights,Brooklyn,neighborhood,,,,,,,,,,,,1225.0,,,,,,,,,,,,,,,,,,,,,,,,,,1673.0,,1700.0,,,,,1775.0,1750.0,,,,,,,1675.0,1800.0,1725.0,2017.0,1695.0,1650.0,1670.0,1723.0,1663.0,1538.0,1800.0,1950.0,1895.0,1950.0,1750.0,1738.0,1767.0,,,,,1650.0,1550.0,1550.0,1650.0,1895.0,1850.0,1825.0,1900.0,1900.0,1900.0,2151.0,2063.0,1950.0,1925.0,1948.0,2200.0,2250.0,2300.0,2300.0,2300.0,2275.0,2137.0,2000.0,1899.0,2119.0,1950.0,2300.0,2250.0,2475.0,2432.0,2461.0,1850.0,2075.0,2434.0,2471.0,2302.0,2350.0,2350.0,2250.0,2400.0,2470.0,2445.0,2630.0,2545.0,2446.0,2475.0,2539.0,2550.0,2430.0,2500.0,2500.0,2395.0,2250.0,2200.0,2100.0,2000.0,1950.0,2000.0,2000.0,2079.0,2137.0,1875.0,2137.0,2137.0,2137.0,2690.0,3100.0,2773.0,2585.0,2915.0,2985.0,2997.0,2985.0,3090.0,3295.0,3308.0,3210.0,3383.0,3395.0,3375.0,3100.0,3025.0,3073.0,2873.0,3195.0,2998.0,3455.0,3395.0,3300.0,3475.0,3495.0,3413.0,3425.0,3495.0,3590.0,3525.0,3500.0,3295.0,3600.0,3350.0,3350.0,3498.0,3400.0,3395.0,3400.0,3250.0,3025.0,3403.0,3050.0,2650.0,3495.0,3595.0,3350.0,3428.0,3475.0,1244.2273019893132,1254.6410358663697,1272.0125339169044,1220.1076653679377,1220.2370728922253,1200.6913580612027,1193.2155461469492,1171.724155942373,1224.5211479235795,1243.6504268410922,1233.122793288176,1228.7279518377889,1261.72852118213,1289.936432040193,1325.688667216255,1288.7554812655624,1306.0559439527776,1302.024430917357,1310.7013845368026,1303.5753137099543,1379.5374514848943,1418.581475891268,1423.918056249687,1436.1264281040353,1471.7431514959305,1501.7088090831319,1540.393200413658,1494.6989289584362,1512.0212344981026,1504.6905766296657,1512.1056789194083,1501.3520503613263,1586.2258562333138,1628.4987347514784,1632.0583431167902,1643.5249043702818,1681.7577818097311,1713.4811861260707,1751.2237864904973,1693.2106376534646,1708.3319020491156,1695.670244445617,1699.723369817491,1683.4567464967972,1774.306153113758,1776.643466915846,1750.8186598581387,1733.8318620684834,1744.8202106613985,1748.450189924562,1761.5333924505235,1678.9819768328473,1668.4874261995735,1764.2811791919714,1680.2422996763162,1929.279691865932,1694.3374250860957,1675.1209830920834,1681.0735222785745,1728.2434783808246,1689.1020434352881,1575.214622989777,1869.0796416738187,1942.2122020142683,1887.6320433720548,1911.3046107913024,1704.5936373527845,1662.4135371655873,1766.3092803109919,1770.146027951125,1731.6063910320981,1701.9637458598856,1699.6652793052383,1689.9246605547023,1609.4852469968994,1543.8096990369825,1643.5846287936097,1857.396019204881,1801.998988058658,1745.6298649753721,1899.2572906569806,1928.9271926514898,1912.5986181612523,2157.5459791045582,2095.380346125676,1997.1836897464661,1998.8768390122784,1940.2201894993818,2191.4461717248128,2205.3514739899642,2240.3230662350884,2199.9718846264964,2299.1009307952922,2309.6365069905996,2151.170130005577,2006.0864519800634,1928.8062420226172,2170.272942857827,2024.8362784799704,2290.8143921193932,2241.2517665367404,2425.8866213889605,2368.898129166841,2353.969916550351,1849.2768356396916,2106.5915393430746,2450.1394929497305,2478.519811421368,2338.131631983183,2406.862395335485,2440.187309963041,2241.0140792472325,2390.668550972523,2420.9858403356498,2381.5608247586047,2515.620024594646,2544.005160380008,2483.239954329234,2491.411357867947,2546.7267507886904,2590.0241796512237,2488.798136453289,2595.9439467691927,2490.015643608036,2385.6879914913306,2205.3514739899642,2142.917715529215,2008.669981615497,1999.2182006915584,1979.6884345633712,2013.261703327634,2006.0864519800634,2111.6314782332915,2188.7084846093326,1946.9579600768946,2128.4653721561494,2128.691122261784,2094.5938221851347,2620.2039339879943,2965.179496670495,2771.9160352588456,2624.356206844264,2934.3289326000267,2994.0840295802445,3044.0401829077323,3057.2273404580524,3208.5867182067223,3281.8406182753915,3295.138152757128,3146.301436225682,3295.2230143796974,3247.34980361172,3373.680713667005,3147.1969985366413,3045.0583262830464,3082.351833467367,2918.093909073712,3272.308660892287,3113.055980965616,3441.201619466306,3381.799887729882,3234.515495185281,3384.8359370291005,3343.00075511722,3411.6658594801443,3477.14507096387,3518.1748265650403,3600.9251813042138,3580.3275424590443,3584.6886739039137,3421.4541218417958,3585.622526795572,3336.974852399147,3283.5233057183914,3407.2391676914517,3252.132351186995,3393.6728956739203,3451.764450007929,3271.550267907405,3034.2057586198457,3456.412660138476,3123.8001301162676,2751.7005835753444,3481.041869764035,3581.022266977592,3283.5233057183914,3339.0554221973402,3323.87056481612
Prospect Lefferts Gardens,Brooklyn,neighborhood,,,,,,,,,,,,,,,,,,,,,,,,,,,,,,,,,,,,,,,,,,,,,,,,,,,,1325.0,1250.0,1250.0,1250.0,1286.0,1350.0,1350.0,1350.0,1325.0,1350.0,1300.0,1300.0,1350.0,1350.0,1350.0,1350.0,1350.0,1395.0,1350.0,1350.0,1400.0,1450.0,1450.0,1483.0,1450.0,1463.0,1450.0,1600.0,1595.0,1500.0,1500.0,1500.0,1662.0,1550.0,1475.0,1550.0,1475.0,1450.0,1738.0,1600.0,1500.0,1500.0,1500.0,1523.0,1500.0,1525.0,1538.0,1500.0,1550.0,1575.0,1597.0,1650.0,1725.0,1645.0,1645.0,1595.0,1675.0,1550.0,1500.0,1600.0,1637.0,1575.0,1695.0,1700.0,1750.0,1798.0,1995.0,2000.0,1950.0,1940.0,1834.0,1708.0,1650.0,1850.0,1723.0,1750.0,1695.0,1595.0,1540.0,1500.0,1490.0,1515.0,1563.0,1525.0,1575.0,1525.0,1625.0,1700.0,1745.0,1663.0,1590.0,1595.0,1595.0,1650.0,1748.0,1725.0,1650.0,1800.0,1800.0,1800.0,2360.0,1923.0,1850.0,1895.0,1887.0,2050.0,1850.0,1800.0,1800.0,2195.0,2095.0,2964.0,2800.0,2513.0,1725.0,1400.0,1898.0,2100.0,2275.0,2100.0,1975.0,2200.0,2150.0,2200.0,2325.0,2215.0,2795.0,2413.0,2800.0,2450.0,2295.0,2150.0,2300.0,2300.0,2450.0,2575.0,2163.0,1324.096684263899,1342.6683515501172,1353.828355279848,1367.4537665476755,1336.5028799140912,1324.229007036843,1282.2992360393284,1261.685444782694,1309.4953933547267,1326.879169671707,1360.3159254947138,1318.5441657361398,1324.096684263899,1342.6683515501172,1353.828355279848,1367.4537665476755,1336.5028799140912,1324.229007036843,1282.2992360393284,1261.685444782694,1309.4953933547267,1326.879169671707,1360.3159254947138,1318.5441657361398,1324.096684263899,1342.6683515501172,1353.828355279848,1367.4537665476755,1336.5028799140912,1324.229007036843,1282.2992360393284,1261.685444782694,1309.4953933547267,1326.879169671707,1360.3159254947138,1318.5441657361398,1324.096684263899,1342.6683515501172,1353.828355279848,1367.4537665476755,1336.5028799140912,1324.229007036843,1282.2992360393284,1261.685444782694,1309.4953933547267,1326.879169671707,1360.3159254947138,1318.5441657361398,1324.096684263899,1342.6683515501172,1353.828355279848,1367.4537665476755,1260.8517735038597,1249.2726481479651,1209.7162604144607,1224.5490430117318,1334.2028536067028,1351.9146257032485,1385.9822637115954,1318.5441657361398,1349.0796405707652,1317.3349864265301,1328.2844240481527,1393.2547810108392,1361.7199153841684,1349.2144599998023,1306.4935612476177,1285.490830533311,1378.6762820602596,1351.9146257032485,1385.9822637115954,1393.1787411551666,1449.0114657982292,1469.3351771680527,1515.266000664162,1496.458838863494,1475.7009157089174,1449.1562718516395,1548.4368133305097,1518.7836108893564,1482.4476151185586,1502.1273618924984,1539.9802930128837,1653.9021912856333,1548.9432910256933,1494.6685422916398,1583.7237363651052,1522.2598533266578,1462.5880572644771,1736.9886899849307,1548.4368133305097,1428.3231450370122,1482.4476151185586,1502.1273618924984,1563.5933241724144,1492.6915083805357,1523.9603347188272,1558.5086224030795,1532.6358739017148,1599.662896716149,1588.673234614863,1596.0707352738402,1596.8254637470882,1642.571616792564,1625.7508845800194,1647.3330068754399,1637.5123782370329,1666.8388510249313,1548.9432910256933,1520.001907415227,1634.8115988284958,1689.4504270479586,1588.673234614863,1694.0137108886406,1645.2141141636666,1666.3770025431809,1776.9605413221122,1997.8293913170228,2053.3070573505115,1940.4989608946962,1938.6774094128032,1858.4556654663509,1745.1613817494192,1702.8669545688035,1866.0606247857122,1721.997418207155,1693.602764580245,1614.0051538918237,1576.3359640760673,1542.184091542965,1539.9802930128837,1482.7402316579987,1513.9671521960809,1583.8419875266666,1558.17980513341,1625.4639111793124,1538.2391636747088,1624.0544425923547,1645.2141141636666,1661.6159253930575,1643.540255961442,1592.2550036060481,1637.5123782370329,1587.228637244636,1648.8751162531573,1771.3088894412112,1762.5312549869718,1702.8669545688035,1815.626553845558,1798.9526133330698,1741.9914149968236,2247.2284148582326,1900.4978425819922,1852.6237463340813,1945.5084368396097,1877.8059175427138,2048.602417163014,1874.6690191454468,1839.1630486820577,1857.6730413477858,2214.0557142727775,2093.7809582959894,2868.479196694769,2666.203204069089,2483.5939045286254,1727.446466176373,1437.3149401453582,1888.7523219375043,2098.5683297767455,2305.3362262464275,2145.690223462401,2038.2801425899315,2219.099121366793,2148.7489548145,2129.1006183294508,2213.900874807369,2189.0809783250716,2798.9639843263553,2477.314964693392,2786.357482310333,2448.32971807287,2325.6029183452974,2196.778085925791,2373.6933306110595,2319.967263247102,2448.5743903700118,2492.015496453789,2059.6419751433714
Prospect Park,Brooklyn,submarket,1500.0,1500.0,1448.0,1400.0,1400.0,1400.0,1395.0,1395.0,1350.0,1400.0,1395.0,1395.0,1400.0,1550.0,1495.0,1600.0,1650.0,1700.0,1650.0,1600.0,1675.0,1588.0,1542.0,1600.0,1550.0,1595.0,1657.0,1688.0,1588.0,1525.0,1588.0,1600.0,1529.0,1573.0,1600.0,1718.0,1725.0,1750.0,1750.0,1800.0,1800.0,1795.0,1750.0,1750.0,1800.0,1800.0,1775.0,1800.0,1767.0,1695.0,1750.0,1750.0,1800.0,1800.0,1750.0,1799.0,1800.0,1799.0,1800.0,1750.0,1750.0,1750.0,1760.0,1773.0,1775.0,1765.0,1750.0,1750.0,1795.0,1850.0,1900.0,1825.0,1800.0,1800.0,1825.0,1800.0,1895.0,1850.0,1850.0,1800.0,1875.0,1850.0,1800.0,1800.0,1800.0,1875.0,1875.0,1884.0,1900.0,1950.0,1944.0,1900.0,2000.0,1950.0,1888.0,1850.0,1800.0,1950.0,2010.0,1995.0,1950.0,2000.0,1950.0,1995.0,1902.0,1898.0,1975.0,1950.0,1895.0,1895.0,1983.0,2110.0,2120.0,2100.0,2000.0,2070.0,2083.0,2089.0,2050.0,2050.0,1969.0,2000.0,1900.0,2000.0,1999.0,2000.0,1925.0,1950.0,1850.0,1780.0,1713.0,1700.0,1800.0,1863.0,1799.0,1825.0,1900.0,1896.0,2000.0,2170.0,2111.0,2100.0,2000.0,2000.0,2275.0,2400.0,2400.0,2450.0,2600.0,2500.0,2519.0,2500.0,2400.0,2530.0,2580.0,2584.0,2288.0,2442.0,2478.0,2763.0,2900.0,2750.0,2964.0,2964.0,2800.0,2526.0,2500.0,2500.0,2550.0,2618.0,2576.0,2875.0,2600.0,2600.0,2795.0,2795.0,2723.0,2825.0,2800.0,2686.0,2614.0,2600.0,2650.0,2800.0,2800.0,2895.0,2998.0,3100.0,1550.346914808687,1514.9241424163151,1458.5119157859895,1368.9576947138657,1365.951984009752,1380.6044728529614,1378.7846178964585,1373.8709437428947,1345.7340817668814,1405.84569446667,1418.0128310430666,1426.4388426196085,1446.9904538214412,1565.4216138301922,1505.853117472413,1564.5230796729893,1609.8719811543506,1676.4482884643103,1630.82051579151,1575.7659569810978,1669.707101451501,1594.630687723623,1567.4378390454542,1636.0588875923825,1602.02514530231,1610.8693381026817,1669.0291743490225,1650.5718490550037,1549.3798218624902,1503.87272935769,1569.5411994405563,1575.7659569810978,1524.1684526085642,1579.5680552829085,1626.3946449239472,1756.7182305523206,1782.8989520299901,1767.411499485701,1762.7043181115203,1760.088464632113,1756.2239794411098,1770.1321634079043,1729.6581228091773,1723.4940154480757,1794.3121090225086,1807.5158928857186,1804.2815592125041,1840.5662485414302,1826.3086656446333,1711.864280930436,1762.7043181115203,1711.1971183923322,1756.2239794411098,1775.0628936680932,1729.6581228091773,1771.7518478806219,1794.3121090225086,1806.511717389671,1829.6939755394408,1789.4394083041684,1808.7380672768015,1767.411499485701,1772.7769142150148,1733.6871376626314,1731.83197972665,1740.5477818467693,1729.6581228091773,1723.4940154480757,1789.3279087196681,1857.7246676880998,1931.3436408471875,1866.1296686600613,1860.4162977704243,1817.9089708995782,1838.2487888877283,1760.088464632113,1848.9135783560573,1824.3701962699847,1828.4957298268444,1772.7367016037351,1869.075113565113,1857.7246676880998,1829.6939755394408,1840.5662485414302,1860.4162977704243,1893.6551780203938,1888.6117694052004,1842.225926314945,1853.7919782989493,1922.9848014737677,1921.4030804234517,1871.2220739150537,1993.6801211361205,1958.142217292862,1919.145681010258,1891.6930887786923,1860.4162977704243,1969.4013851412096,2024.5918168023748,1950.7647149672587,1902.5759777278688,1972.2921040756592,1927.3333368445117,1964.7831776108064,1895.9897952004508,1905.9250914983857,2007.5808898279975,1993.9467692532162,1958.604935708308,1913.8541665859448,1997.3958073229398,2063.2148113187545,2068.441575786196,2070.906709279442,1976.7521403533453,2038.6472068442954,2076.4178461632696,2097.7226112434814,2083.8181388088074,2096.2004497277403,2035.08871683887,2019.898856555087,1913.7932596639364,1955.6538495912366,1950.3842971682102,1972.2921040756592,1902.6239350900948,1920.464760070713,1844.1541120509116,1787.4323829647662,1741.258766721701,1738.3125680669064,1860.4162977704243,1881.5357848810634,1812.060039018643,1784.5341377520035,1853.7919782989493,1869.7329146637248,1976.7521403533453,2137.1325791556137,2104.3293678591754,2108.7685417000052,2032.993306154934,2045.073609490478,2351.359487459842,2423.878627866104,2417.4230648386565,2395.675965749265,2536.767970303825,2465.365130094574,2489.7193207750383,2462.134307782965,2392.4161453633446,2540.564005000482,2622.561364939865,2642.2351034616977,2364.795827388184,2466.296503853761,2495.989314445913,2701.7357932102937,2829.4719668773437,2711.9016431040313,2929.546672003658,2919.1064353074835,2791.152169590569,2536.547303016292,2541.2416326936677,2556.3420118630975,2635.589755174768,2644.0476032306087,2594.700756260158,2811.2524087874026,2536.767970303825,2563.979735298357,2762.5111161438003,2752.666156101355,2714.395484926828,2836.7957763345307,2846.190628616908,2746.533857545712,2701.7378902066052,2625.868513521613,2669.2379674260164,2737.9153894277315,2731.903968019504,2854.8928206495166,2963.1514583896646,3053.046541650877
Prospect Park South,Brooklyn,neighborhood,,,,,,,,,,,,,,,,,,,,,,,,,,,,,,,,,,,,,,,,,,,,,,,,,,,1395.0,1500.0,,1388.0,,,,1475.0,1475.0,,1470.0,1490.0,,,1450.0,1395.0,1395.0,1495.0,1500.0,1498.0,1873.0,1450.0,1450.0,1550.0,1700.0,1650.0,1600.0,1650.0,1625.0,1438.0,1675.0,1663.0,1650.0,1650.0,1663.0,1650.0,1550.0,1650.0,1550.0,1500.0,1513.0,1469.0,1588.0,1475.0,1425.0,1450.0,1573.0,1550.0,1538.0,1625.0,1600.0,1575.0,1575.0,1495.0,1550.0,1625.0,1500.0,1585.0,1595.0,1595.0,1525.0,1699.0,1650.0,1710.0,1775.0,1550.0,1625.0,1575.0,1575.0,1599.0,1498.0,1560.0,1450.0,1400.0,1400.0,1490.0,1595.0,1600.0,1550.0,1500.0,1538.0,1450.0,1506.0,1500.0,1450.0,1512.0,1573.0,1550.0,1550.0,1600.0,1600.0,1473.0,1530.0,,,1666.0,1620.0,1763.0,1625.0,1635.0,2300.0,2200.0,1995.0,1995.0,1700.0,1962.0,2262.0,2250.0,2175.0,,,1700.0,1983.0,1958.0,2213.0,2325.0,2338.0,,1750.0,1725.0,,,2423.0,2450.0,2763.0,2700.0,2650.0,2650.0,2695.0,2430.0,2348.0,2095.0,2495.0,2925.0,2150.0,2769.0,,,1413.1360046751524,1418.1867742976835,1416.2970626635556,1384.2119236604706,1409.9330477318579,1422.0475245658165,1355.6848316427504,1387.3066641390963,1364.731953191015,1379.5551323048664,1378.5954413671252,1414.4933013084183,1413.1360046751524,1418.1867742976835,1416.2970626635556,1384.2119236604706,1409.9330477318579,1422.0475245658165,1355.6848316427504,1387.3066641390963,1364.731953191015,1379.5551323048664,1378.5954413671252,1414.4933013084183,1413.1360046751524,1418.1867742976835,1416.2970626635556,1384.2119236604706,1409.9330477318579,1422.0475245658165,1355.6848316427504,1387.3066641390963,1364.731953191015,1379.5551323048664,1378.5954413671252,1414.4933013084183,1413.1360046751524,1418.1867742976835,1416.2970626635556,1384.2119236604706,1409.9330477318579,1422.0475245658165,1355.6848316427504,1387.3066641390963,1364.731953191015,1379.5551323048664,1378.5954413671252,1414.4933013084183,1413.1360046751524,1418.1867742976835,1416.2970626635556,1488.3999179144844,1459.457577723873,1414.911802220325,1370.0191336260698,1423.6053689714097,1421.7180723833997,1458.669405125217,1457.6546781480356,1493.0762624922193,1489.1110586899456,1514.7658019380276,1499.210510776476,1452.016808809908,1465.5218058861606,1422.0475245658165,1355.6848316427504,1486.7551705289957,1467.4537131086183,1481.4147585610679,1850.974381133065,1470.2618544065997,1468.8510442860006,1575.7630825529816,1725.953409697523,1637.2399097059329,1617.1275099433497,1681.9916957230087,1579.2027608741714,1430.0695218867531,1638.6566463046236,1644.5879462530413,1630.596758606277,1673.056592945441,1684.6201976880131,1677.4252169112385,1573.6634029595064,1637.2399097059329,1566.59227525762,1529.0833597481897,1470.3592475093055,1460.898558867622,1553.5443309443237,1458.669405125217,1408.2426551599667,1470.2618544065997,1593.4501328702615,1575.7630825529816,1561.480202420465,1612.4332444073582,1617.1275099433497,1605.537527735599,1530.6119066934277,1486.7551705289957,1516.3688368789055,1607.0086666633747,1482.3606896420702,1607.1483029203175,1615.7361487146009,1621.5110430141972,1548.2817351698368,1685.8609736911394,1667.6627446290793,1743.1550301129362,1724.9753234164027,1541.4518490434405,1589.7415225343364,1557.5622461506555,1556.4787241241736,1621.3439346180364,1517.4750788554684,1585.9292959888073,1472.1367318008286,1389.1732567201855,1414.986571200431,1518.8894706832018,1550.0482483657252,1591.17610223839,1516.3688368789055,1483.3926153815767,1519.9138271130025,1470.2618544065997,1525.5790846170462,1524.9320153738531,1472.1367318008286,1500.3071172578002,1589.8384832130555,1580.0528050731293,1506.3164796030558,1591.17610223839,1565.2839606491927,1456.6915483047082,1512.0079034349114,1597.3465572242735,1641.7365005329966,1693.6911584085597,1644.7320727705808,1749.3660368554906,1642.3951272862143,1666.7008621255268,2235.179292314212,2187.8671405777864,1951.7134384344622,1972.912178457497,1680.0087815943461,1989.4163850660334,2291.4076290861613,2287.39802306078,2208.2050977012427,2001.0710007516957,1878.2262224862861,1732.9611410479483,1927.1132768082966,1947.2017551142299,2164.9833780729145,2299.2585538414437,2310.5061949221067,2072.5622278669584,1772.7512603451733,1753.671817679931,1987.5537990497162,2173.3946356924616,2448.93747287046,2497.502820922043,2685.130602027899,2685.1096725272832,2592.5015598252257,2620.660287174119,2663.3080390569194,2463.956073246922,2378.5256910231237,2129.821714805482,2533.090445409012,2902.3798399332445,2173.015091486376,2822.6878820951583,2690.961504529588,2753.7291419363137
Queens,Queens,borough,1150.0,1150.0,1175.0,1175.0,955.0,985.0,950.0,950.0,950.0,950.0,950.0,950.0,950.0,950.0,1045.0,1000.0,1050.0,1050.0,1113.0,1100.0,1050.0,1100.0,1175.0,1473.0,1495.0,2170.0,2140.0,2118.0,2165.0,2120.0,2028.0,1798.0,1550.0,1675.0,1425.0,1595.0,1525.0,1575.0,1550.0,1598.0,1498.0,1699.0,1700.0,1920.0,2168.0,1990.0,1950.0,1773.0,1677.0,1714.0,1650.0,2350.0,2070.0,2395.0,2275.0,2250.0,1678.0,1500.0,1450.0,1450.0,1500.0,1500.0,1550.0,1550.0,1650.0,1700.0,1650.0,1775.0,1700.0,1600.0,1600.0,1595.0,1600.0,1600.0,1600.0,1650.0,1675.0,1675.0,1700.0,1798.0,1795.0,1795.0,1700.0,1685.0,1600.0,1600.0,1600.0,1600.0,1625.0,1600.0,1650.0,1750.0,1750.0,1700.0,1795.0,1725.0,1650.0,1650.0,1695.0,1710.0,1675.0,1675.0,1700.0,1763.0,1740.0,1685.0,1685.0,1650.0,1650.0,1695.0,1650.0,1725.0,1700.0,1728.0,1737.0,1700.0,1700.0,1695.0,1675.0,1745.0,1725.0,1725.0,1725.0,1775.0,1700.0,1700.0,1700.0,1675.0,1675.0,1650.0,1600.0,1595.0,1595.0,1600.0,1595.0,1650.0,1700.0,1650.0,1650.0,1675.0,1650.0,1650.0,1675.0,1700.0,1750.0,1675.0,1700.0,1750.0,1793.0,1800.0,1850.0,1850.0,1849.0,1895.0,1900.0,1895.0,1920.0,1903.0,1850.0,1800.0,1950.0,2150.0,2174.0,2200.0,2349.0,2040.0,2045.0,2000.0,2050.0,2100.0,2375.0,2525.0,2553.0,2528.0,2537.0,2500.0,2350.0,2395.0,2290.0,2343.0,2400.0,2400.0,2500.0,2656.0,2500.0,2400.0,2800.0,2650.0,1199.425188661699,1169.1019202388356,1186.2610858071291,1147.636005882846,935.6568070772363,946.1621286491245,921.9430952066234,915.1119422690446,944.5408570432747,970.424042051219,989.2174233489042,981.5780278318715,990.8295036770558,965.7798471538208,1055.015178441234,976.7114943683795,1028.7326151110974,1008.5992234330769,1080.12912101576,1059.6033015746832,1043.966210416251,1123.6488907961482,1223.505760457855,1521.9625631540491,1559.2527452602087,2206.0444929724117,2160.509552023197,2068.6749450722277,2121.1486778243107,2036.4098606458315,1968.1058916621391,1731.969760210255,1541.0929772811326,1711.010810985044,1483.8261350233563,1648.0178467282474,1590.5420980079052,1601.1613255444925,1564.855049362596,1560.7849680006702,1467.6585308918325,1632.0096005836167,1649.7929072118525,1849.4893991121742,2155.541661126126,2032.7829933493954,2030.4989216109084,1831.9345719430612,1749.074818596234,1742.4701663385779,1665.8134396440537,2295.272011765692,2028.0728697904492,2300.566800116399,2207.8110964158614,2167.3703895845792,1668.3574295985422,1532.2484874492932,1509.8581724799062,1498.1980424802248,1564.4676373848247,1524.915548137612,1564.855049362596,1513.902816270988,1616.5798237460103,1632.9701712726007,1601.2695864115037,1709.814418450057,1690.231007340597,1634.3983866125793,1666.050397219207,1648.0178467282474,1668.7654798771464,1626.5765846801194,1615.3342445033247,1611.5739657078261,1641.0734574391317,1608.9559040480035,1649.7929072118525,1731.969760210255,1784.6850930449243,1833.5906899809875,1770.1785470454074,1741.009449364951,1668.7654798771464,1626.5765846801194,1615.3342445033247,1562.738390989407,1592.086190052889,1536.9131023742125,1601.2695864115037,1685.7325252324504,1739.943684027085,1736.5482857758655,1869.100289380298,1782.3390505368193,1720.9144011233072,1677.407102951373,1711.2447152707098,1670.1766553699288,1641.0734574391317,1608.9559040480035,1649.7929072118525,1698.2551097056057,1730.0011486897874,1721.2258009013726,1754.5593245714774,1704.8460483395663,1720.9144011233072,1723.1545693955013,1665.8134396440537,1684.8273277854546,1665.567091132253,1659.8661505641494,1685.7001646041103,1637.5687387972375,1690.231007340597,1731.440790817701,1744.1465095888573,1803.0038511227533,1799.1377829925484,1753.6528803582537,1741.532232355147,1733.6629025038735,1665.567091132253,1632.9701712726007,1649.7929072118525,1613.486845579631,1665.374668997353,1685.4733361942224,1666.050397219207,1648.0178467282474,1663.5505877525304,1626.5765846801194,1610.2863249892519,1611.5739657078261,1665.567091132253,1584.9416368234065,1601.2695864115037,1613.486845579631,1640.5183306541087,1685.4733361942224,1744.1465095888573,1756.5080498044015,1825.212243615629,1702.8223620869999,1716.2926347847826,1709.245115144664,1756.6834084706645,1729.027240170989,1795.3628696128983,1782.0600981028763,1838.3747838663317,1935.7405891442736,1978.4348466978083,1957.9898555172595,2002.5185758525756,1934.609525403917,1867.7302202069693,1758.080689863083,1910.5034280634668,2065.226981315348,2109.793988399157,2119.2066031493664,2335.5015507312132,2083.8579429310385,2129.420663945799,2066.4800585934136,2138.105771092594,2134.8817673926565,2397.7617691846226,2466.196523280158,2501.289872741554,2428.3227017512554,2462.073297409688,2408.1893217606435,2336.4958042649428,2446.4900849607047,2384.53463101999,2420.881388642184,2503.1482198157196,2439.864877020179,2523.959757036445,2594.145729042416,2449.363369312137,2305.3696535613185,2717.3059648195217,2552.680681066282
Queens Village,Queens,neighborhood,,,,,,,,,,,,,,,,,,,,,,,,,,,,,,,,,,,,,,,,,,,,,,,,,,,,,,,,,,,,,,,,,,,,,,,,,,,,,,,,,,,,,,,,,,,,,,,,,,,,,,,,,,,,,,,,,,,,,,,,,,,,,,,,,,,,,,,,,,,,,,,,,,,,,,,,,,,,,,,,,,,,,,,,,,,,,,,,,,,,,,,,,,,,,,,,,,,,,,,,,,,,,,,,,,,,,,,,,,,,,,,,,,,,,,,,,,,,,,,,,,,,,,,,,,,,,,,,,,,,,,,,,,,,,,,,,,,,,,,,,,,,,,,,,,,,,,,,,,,,,,,,,,,,,,,,,,,,,,,,,,,,,,,,,,,,,,,,,,,,,,,,,,,,,,,,,,,,,,,,,,,,,,,,,,,,,,,,
Red Hook,Brooklyn,neighborhood,,,,,,,,,,,,,,,,,,,,,,,,,,,,,,,,,,,,,,,,,,,,,,,,,,,,,,,,,,2500.0,,,,,,,,,,,,,,,,,,,,,,,,,,,,,,,,2300.0,2400.0,2350.0,,2775.0,,,,,,1800.0,,,,,,,,3500.0,,,,,,,,,2500.0,,,,,,,,,,,,,,,,,,,,,,,,,,,,,,,,,,,,,,,,,,,,,,,,,,,,,,,,,,,,,,,,,,,,,,,,2481.5206248985237,2500.459889384515,2521.310120060963,2542.3605363299043,2534.402076160724,2527.046654137276,2511.49202374571,2509.0442389377795,2488.8697937066804,2462.1222759945467,2462.1090204496227,2462.902405932913,2481.5206248985237,2500.459889384515,2521.310120060963,2542.3605363299043,2534.402076160724,2527.046654137276,2511.49202374571,2509.0442389377795,2488.8697937066804,2462.1222759945467,2462.1090204496227,2462.902405932913,2481.5206248985237,2500.459889384515,2521.310120060963,2542.3605363299043,2534.402076160724,2527.046654137276,2511.49202374571,2509.0442389377795,2488.8697937066804,2462.1222759945467,2462.1090204496227,2462.902405932913,2481.5206248985237,2500.459889384515,2521.310120060963,2542.3605363299043,2534.402076160724,2527.046654137276,2511.49202374571,2509.0442389377795,2488.8697937066804,2462.1222759945467,2462.1090204496227,2462.902405932913,2481.5206248985237,2500.459889384515,2521.310120060963,2542.3605363299043,2534.402076160724,2527.046654137276,2511.49202374571,2509.0442389377795,2488.8697937066804,2462.1222759945467,2455.9537478984985,2450.5878939032486,2462.909220211785,2475.45529049067,2489.7937435602007,2504.2251282849556,2490.050039827911,2476.5057210545306,2454.9834532114314,2446.318132964335,2420.4258743797463,2388.2586077147103,2382.09047728501,2376.700821725261,2388.463601464829,2400.4414938091345,2414.1544399583718,2427.9543121950587,2414.0179775430893,2400.694321430412,2379.63869249906,2371.0468057962016,2345.759780568546,2314.394939434874,2308.2272066715213,2302.813749547274,2314.0179827178736,2325.427697127599,2338.5151363565433,2351.6834961051613,2337.9859152582676,2324.882921806294,2411.0323427958815,2358.5015846015126,2551.091538549347,2732.955726353947,2572.903926369856,2413.644357814255,2270.591371782149,2125.390905976838,1979.2284442478558,1830.4995861575312,2040.1936713093826,2249.0715221821756,2448.7047231520673,2659.5868932740464,2849.755913794149,3028.4103994732923,3237.673361891254,3448.0633683060782,3363.8390693068877,3278.3807438596978,3193.659485410553,3107.3295444032165,2984.9624452559633,2863.9862080222456,2734.735759189773,2620.5573162239034,2488.8697937066804,2462.1222759945467,2462.1090204496227,2462.902405932913,2481.5206248985237,2500.459889384515,2521.310120060963,2542.3605363299043,2534.402076160724,2527.046654137276,2511.49202374571,2509.0442389377795,2488.8697937066804,2462.1222759945467,2462.1090204496227,2462.902405932913,2481.5206248985237,2500.459889384515,2521.310120060963,2542.3605363299043,2534.402076160724,2527.046654137276,2511.49202374571,2509.0442389377795,2488.8697937066804,2462.1222759945467,2462.1090204496227,2462.902405932913,2481.5206248985237,2500.459889384515,2521.310120060963,2542.3605363299043,2534.402076160724,2527.046654137276,2511.49202374571,2509.0442389377795,2488.8697937066804,2462.1222759945467,2462.1090204496227,2462.902405932913,2481.5206248985237,2500.459889384515,2521.310120060963,2542.3605363299043,2534.402076160724,2527.046654137276,2511.49202374571,2509.0442389377795,2488.8697937066804,2462.1222759945467,2462.1090204496227,2462.902405932913,2481.5206248985237,2500.459889384515,2521.310120060963,2542.3605363299043,2534.402076160724,2527.046654137276,2511.49202374571,2509.0442389377795,2488.8697937066804,2462.1222759945467,2462.1090204496227,2462.902405932913,2481.5206248985237,2500.459889384515,2521.310120060963,2542.3605363299043,2534.402076160724,2527.046654137276,2511.49202374571,2509.0442389377795
Rego Park,Queens,neighborhood,,,,1175.0,,,,,,,,,,,,,,,,,,,,,,,,1240.0,,,,,,,,,,,,,,,,,,,,,,,,1575.0,1700.0,1400.0,1500.0,1518.0,1535.0,1475.0,1450.0,1425.0,1500.0,1450.0,1550.0,1550.0,1550.0,1525.0,1375.0,1450.0,1488.0,1463.0,1450.0,1450.0,1575.0,1575.0,1595.0,1605.0,1625.0,1625.0,1668.0,2198.0,2185.0,2175.0,1713.0,2175.0,1638.0,1725.0,2170.0,1638.0,1595.0,1525.0,1550.0,1655.0,1650.0,1725.0,1550.0,1541.0,1500.0,1575.0,1523.0,1525.0,1575.0,1550.0,1613.0,1650.0,1611.0,1600.0,1589.0,1600.0,1611.0,1550.0,1535.0,1576.0,1576.0,1625.0,1725.0,1658.0,1650.0,1639.0,1650.0,1638.0,1711.0,1695.0,1675.0,1650.0,1650.0,1650.0,1600.0,1613.0,1625.0,1595.0,1500.0,1525.0,1575.0,1550.0,1575.0,1600.0,1600.0,1600.0,1600.0,1625.0,1600.0,1600.0,1583.0,1600.0,1550.0,1600.0,1600.0,1600.0,1715.0,1695.0,1650.0,1700.0,1725.0,1850.0,1738.0,1825.0,1800.0,1870.0,1850.0,2240.0,1800.0,1975.0,1850.0,1900.0,2815.0,2000.0,2650.0,2760.0,2525.0,1875.0,1983.0,2970.0,2939.0,2938.0,2894.0,2849.0,2895.0,1950.0,1938.0,1900.0,1850.0,1995.0,2320.0,2372.0,1950.0,1900.0,2198.0,1985.0,1197.969978813031,1209.976659828695,1183.1469492051267,1160.054645353435,1169.4919916190884,1187.4589299846505,1192.7386731589381,1160.7638104903515,1132.7714434686754,1193.68582907732,1218.2051336619595,1196.4727706592976,1222.821483692663,1237.8661927680087,1213.1451785910015,1192.1412632036363,1201.7652537263903,1220.1528221621313,1225.502757154852,1192.576732914191,1163.7464382418768,1226.252284015421,1251.3651407900813,1228.9675046813816,1255.9568235321724,1271.3336322951855,1245.8705197392285,1224.2278810538378,1245.2100296400658,1275.48094738556,1292.2910822234453,1268.4383171556547,1248.3320008917726,1326.4567607480399,1364.874395959421,1351.4476559953905,1392.3214913332301,1420.6499009548966,1403.2038906441655,1389.5973730510295,1411.5414574238528,1443.9802378387296,1461.1521305100778,1432.3972250323664,1407.9723585690408,1494.2992592751762,1535.7759711582025,1518.920515955362,1563.0959351214708,1593.1359354411152,1571.8652642542581,1554.9668650482213,1688.1398640742545,1408.3522784145518,1512.1884921190974,1485.9081919811838,1462.9728300573533,1478.0160318061257,1479.446471870047,1424.769107122144,1529.3233772081246,1493.162686597113,1560.7470393769759,1530.2848513172971,1539.186346655938,1534.0980175587083,1386.1727844425059,1419.3457696789965,1418.178222231493,1465.9914945982114,1479.446471870047,1449.765056369901,1605.7895460685309,1621.8836078554846,1606.0590501975976,1584.5852815253304,1613.6631053650963,1634.6946088740335,1681.5536032364362,2151.532415003058,2082.472725521379,2179.4473689344563,1747.7874526299242,2174.6475845548516,1670.021127911272,1776.3487133655308,2185.045855127766,1617.1655396501503,1583.872401881433,1534.0980175587083,1562.5947751897338,1620.0118957370614,1572.5766577163731,1728.5272236376723,1581.4772630334983,1540.7503116317362,1529.3233772081246,1621.8836078554846,1533.5598328846027,1505.6028375863732,1564.0119328923242,1559.2471653875396,1626.106691858736,1615.1175999795475,1535.4066639885316,1603.271627721899,1621.2692715872445,1599.7407518564426,1642.493307121526,1596.1394236038102,1545.6430357701017,1555.9541455974584,1565.0049563417797,1634.6946088740335,1739.016765936962,1622.9484731915697,1572.5766577163731,1642.3513736476202,1683.5080541969498,1637.734594713033,1744.4481989354008,1745.4556922635215,1686.6137361009255,1629.0129062409937,1638.4886916014825,1659.8437567028648,1613.0010582603704,1578.8998113739456,1548.7497386600644,1598.261403885268,1530.4618674517726,1524.7529041131718,1605.7895460685309,1596.1394236038102,1585.9203787217657,1579.6488787791454,1588.8375191287103,1609.5454610452023,1613.0010582603704,1590.6461211919786,1524.922819603756,1603.271627721899,1615.1474241174374,1599.7407518564426,1580.3008231150623,1647.627792107159,1611.0937180665555,1579.6488787791454,1703.0352158160863,1705.112222794761,1663.407341331007,1664.0605575546854,1644.0574148852993,1853.7828195534457,1773.2951504207872,1824.7042950862547,1835.1880526497496,1925.6649820252421,1862.827111514455,2211.508430290804,1787.442209019799,1986.7826784776714,1865.0324736135533,1859.8323878552367,2682.911085740358,2004.0895346523737,2703.815965831465,2759.552796952363,2574.3610183003434,1930.813818875577,1996.7492768287375,2932.2232312337887,2918.4959179495495,2955.5278528442527,2917.515664128445,2788.769722631352,2759.1572267205456,1953.9872962860643,1977.3567327476903,1899.6921428295254,1886.165498556687,2054.385903283614,2336.0858911965056,2341.829462790083,1936.3957264381156,1911.3352349911777,2215.860203785184,1943.035415732971
Richmond Hill,Queens,neighborhood,,,,,,,,,,,,,,,,,,,,,,,,,,,,,,,,,,,,,,,,,,,,,,,,,,,,,,,,,,,,,,,,,,,,,,,,,,,,,,,,,,,,,,,,,,,,,,,,,,,,,,,,,,,,,,,,,,,,,,,,,,,,,,,,,,,,,,,,,,,,,,,,,,,,,,,,,,,,,,,,,,,,,,,,,,,,,,,,,,,,,,,,,,,,,,,,,,,,,,,,,,,,,,,,,,,,,,,,,,,,,,,,,,,,,,,,,,,,,,,,,,,,,,,,,,,,,,,,,,,,,,,,,,,,,,,,,,,,,,,,,,,,,,,,,,,,,,,,,,,,,,,,,,,,,,,,,,,,,,,,,,,,,,,,,,,,,,,,,,,,,,,,,,,,,,,,,,,,,,,,,,,,,,,,,,,,,,,,
Ridgewood,Queens,neighborhood,,,,,,,,,,,,,,,,,,,,,,,,,,,,,,,,,,,,,,,,,,,,,,,,,,,,,,,,,,,,,,,,,,,,,,,,,,,,,,,,,,,,,,,,,,,,,,,,,,1690.0,,,,2000.0,2045.0,2166.0,,1895.0,1895.0,,,,,2000.0,,,,,1850.0,,,,1643.0,,,,,,1600.0,1573.0,1698.0,1550.0,1625.0,1600.0,1575.0,1700.0,1500.0,1899.0,1900.0,1950.0,2000.0,1975.0,2175.0,1899.0,1899.0,1899.0,1975.0,1895.0,1740.0,,,,2496.0,2492.0,2090.0,,2194.0,,2220.0,,,,2100.0,,2100.0,1870.0,,,1950.0,,,,,,2200.0,2395.0,2446.0,2600.0,2450.0,,,,2150.0,2195.0,2623.0,2643.0,2450.0,,,2780.0,1722.5835082381104,1719.7923309959526,1730.3445646597368,1688.2025838908305,1677.1811800155613,1653.65598168586,1643.0777632548998,1648.7869975884953,1667.2471965237298,1708.1254873041778,1709.5195302327882,1718.0070674508356,1722.5835082381104,1719.7923309959526,1730.3445646597368,1688.2025838908305,1677.1811800155613,1653.65598168586,1643.0777632548998,1648.7869975884953,1667.2471965237298,1708.1254873041778,1709.5195302327882,1718.0070674508356,1722.5835082381104,1719.7923309959526,1730.3445646597368,1688.2025838908305,1677.1811800155613,1653.65598168586,1643.0777632548998,1648.7869975884953,1667.2471965237298,1708.1254873041778,1709.5195302327882,1718.0070674508356,1722.5835082381104,1719.7923309959526,1730.3445646597368,1688.2025838908305,1677.1811800155613,1653.65598168586,1643.0777632548998,1648.7869975884953,1667.2471965237298,1708.1254873041778,1709.5195302327882,1718.0070674508356,1722.5835082381104,1719.7923309959526,1730.3445646597368,1688.2025838908305,1677.1811800155613,1653.65598168586,1643.0777632548998,1648.7869975884953,1667.2471965237298,1708.1254873041778,1709.5195302327882,1718.0070674508356,1722.5835082381104,1719.7923309959526,1730.3445646597368,1688.2025838908305,1677.1811800155613,1653.65598168586,1643.0777632548998,1648.7869975884953,1667.2471965237298,1708.1254873041778,1709.5195302327882,1718.0070674508356,1722.5835082381104,1719.7923309959526,1730.3445646597368,1688.2025838908305,1677.1811800155613,1653.65598168586,1643.0777632548998,1648.7869975884953,1667.2471965237298,1708.1254873041778,1709.5195302327882,1718.0070674508356,1722.5835082381104,1719.7923309959526,1730.3445646597368,1688.2025838908305,1677.1811800155613,1653.65598168586,1643.0777632548998,1648.7869975884953,1667.2471965237298,1708.1254873041778,1709.5195302327882,1718.0070674508356,1722.5835082381104,1719.7923309959526,1809.6946852284525,1843.0377321175042,1907.9176441301283,1956.9893274388876,1988.221317074716,2113.1790750157875,2003.1629778351678,1915.3241410895957,1916.8872839000792,1947.7523912637878,1974.3457132882957,1992.5167953195712,2026.2437239417864,1997.8728803441782,1955.057351852459,1898.279647615721,1856.9695430868985,1834.153583116196,1825.093084952012,1817.5364837542827,1766.6721062435295,1722.8357855398247,1674.677339665808,1664.6707819255694,1667.5470498870757,1619.7754377390424,1602.0884526263044,1572.6040070410995,1555.5765805963547,1534.6402054477533,1675.139490945144,1566.6239676458435,1643.7687790699886,1626.5155668173593,1605.3662872633276,1729.9686169781771,1535.8087852009498,1896.9802998867972,1885.5883088932346,1908.0645942529154,1944.4707257454434,1926.8368758800461,2145.71754582196,1919.3670416512625,1920.933483971636,1930.4706633663532,2013.0783602190936,1928.4061936315563,1781.5381908331017,1926.9483930919598,2101.9347569662477,2257.387189200757,2426.6994657303135,2431.229111237,2061.861917594435,2164.9732507725143,2219.340739248957,2243.574909978695,2262.8020049045,2228.606630107181,2211.5646506893677,2127.73461756655,2084.071288776733,2054.838793810832,2041.6942620327156,1824.3974470357905,1871.1314690769277,1943.9613534014015,1972.5225348839865,2024.6730232778586,2072.536370858476,2111.5793413115985,2167.196841339118,2156.037816704759,2183.312778718482,2343.494719608068,2378.087697586677,2536.595380905377,2417.01516655807,2400.472208489599,2326.5650411452148,2261.87321010539,2191.452392137241,2233.6947730982934,2685.6176290547273,2640.1890113748314,2431.416503572855,2504.946339121776,2595.868418870167,2712.2058303526724
Riverdale,Bronx,neighborhood,1250.0,1250.0,1250.0,,1250.0,,,1163.0,,,,,,,,,2138.0,2138.0,1450.0,1275.0,1313.0,,,,1275.0,1300.0,,1288.0,1275.0,1275.0,1213.0,1275.0,1150.0,1150.0,1138.0,,1275.0,,,,,,1298.0,,,,,,1300.0,1350.0,1400.0,1450.0,1415.0,1350.0,1350.0,1475.0,1495.0,1495.0,1363.0,1375.0,1613.0,1600.0,1475.0,1400.0,,,1400.0,,1400.0,,1400.0,,1400.0,1363.0,1439.0,1450.0,1400.0,1425.0,1425.0,1400.0,,1437.0,1413.0,1350.0,1350.0,1399.0,1399.0,1399.0,1400.0,1475.0,1500.0,1500.0,1500.0,1500.0,1420.0,1400.0,1425.0,1500.0,1500.0,1500.0,1463.0,1525.0,1475.0,1438.0,1498.0,1450.0,1450.0,1418.0,1425.0,1550.0,1485.0,1420.0,1600.0,1550.0,1550.0,1600.0,1600.0,1550.0,1550.0,1525.0,1550.0,1723.0,,,1625.0,1663.0,1700.0,1643.0,1661.0,1550.0,1550.0,1600.0,1598.0,1595.0,1498.0,1450.0,1499.0,1550.0,1688.0,1795.0,1860.0,1800.0,1700.0,1550.0,1638.0,,,1700.0,1888.0,1900.0,1725.0,1773.0,1600.0,1699.0,1850.0,,1750.0,1750.0,1773.0,1775.0,1788.0,1800.0,1750.0,1775.0,1695.0,1743.0,1695.0,,2100.0,,2225.0,2000.0,1875.0,2050.0,1985.0,1985.0,2200.0,2195.0,1825.0,2138.0,1875.0,1875.0,1875.0,1995.0,1755.0,1825.0,1825.0,,1253.3658023173316,1222.9187605448947,1222.18644362375,1237.868295773709,1226.5511515493108,1183.8785863080702,1208.8780758607213,1177.2063931793996,1282.9048707289442,1396.591902502319,1540.1756777703667,1631.3180233404485,1709.2567234802223,1773.7213702943152,1878.5820429459452,2009.9680141242968,2097.893089609941,2072.9995229538526,1470.5312164413135,1290.574506710004,1324.950782852992,1319.490851591041,1339.373203652456,1312.6506583717726,1278.4331183636782,1271.8355109666904,1265.207406439306,1275.4994919652297,1251.082174580297,1236.2368530243975,1230.17542451263,1290.574506710004,1160.4671746237173,1164.1077708705002,1177.903172918466,1232.9412373106607,1278.4331183636782,1251.1274199547968,1254.1262493504507,1274.0140500103012,1266.1278687059685,1254.8208057169213,1316.3789785798792,1314.1928636955463,1310.4869890823197,1314.9356472702434,1344.8935465835325,1328.1497124669888,1303.5004344100248,1320.7522613884862,1368.8488168586,1435.9272230975023,1388.4559035538198,1308.9566679081856,1369.1152704798437,1493.017566586083,1508.6073270108325,1513.3401021316504,1410.7926403232593,1405.1340251157549,1617.3432313102846,1565.336013497465,1442.180003476025,1386.412491266554,1373.7372897352282,1357.4365444973778,1419.8232434605786,1417.1014191325532,1412.7426473680036,1417.1746775814786,1449.090019407603,1430.6819164814958,1403.7696985954115,1333.470616498153,1406.981033899661,1435.9272230975023,1373.7372897352282,1381.6764827919737,1445.1772299509462,1417.1014191325532,1431.4110323510808,1454.6285797747034,1462.5458553021022,1379.586133750014,1353.635066502718,1368.690676801846,1367.871067703701,1385.4221966299351,1373.7372897352282,1430.1563593811659,1521.2391894220484,1518.3229490705928,1513.652836465718,1518.40144026587,1469.7913053991404,1430.6819164814958,1428.837014641758,1467.5025126538735,1466.6237323485,1485.4419549284507,1435.5554677733132,1478.6362359703578,1495.885202931681,1455.5656005090084,1511.6346326837638,1467.7880589236743,1500.843234386446,1449.0763982648293,1428.837014641758,1516.4192630756693,1451.957495025015,1406.2183839989334,1569.9854739831178,1502.876174264954,1571.9471624027835,1619.5444790086324,1614.5630255634328,1569.0148216080656,1604.349664344132,1558.4213733102008,1554.173594873491,1685.6712195350826,1652.7219881642764,1641.5784093020413,1594.516497014104,1612.440695356528,1724.0710813449882,1663.0697368819895,1676.1182409130386,1569.0148216080656,1604.349664344132,1635.065047407424,1602.3028416824766,1560.4443384552856,1464.668234038702,1435.9272230975023,1470.8801409379334,1502.876174264954,1711.901167829612,1816.9264623878094,1876.9295172174905,1822.0817283190438,1759.609309280661,1583.9692646759418,1642.4105473566312,1622.7316673257055,1641.9667474603873,1683.500882252244,1852.582859300079,1842.2353103892983,1749.4250678353558,1794.6577258014406,1614.5630255634328,1719.8426980078086,1914.8689542171899,1839.4481783333517,1754.7121232442641,1712.0862647628524,1733.549251635927,1757.7729799986666,1754.4587671761342,1745.2755572109143,1774.7790543257233,1796.6821564002016,1710.4277052062616,1764.382473588941,1754.4339877827765,1939.0849546597417,2105.654547893117,2115.6494557426677,2175.491869650275,1980.5892732379343,1839.8267273239662,1987.6749401568745,2013.1065273351776,2009.2473692700846,2220.02416014972,2221.9274409223895,1888.9923467277683,2184.85566959817,1880.0487034759974,1834.3781408173418,1833.279665435625,1975.6378000548393,1722.0778167752323,1769.5154955055102,1850.8410137968258,1847.2929213692212
Rockaway All,Queens,neighborhood,,,,,,,,,,,,,,,,,,,,,,,,,,,,,,,,,,,,,,,,,,,,,,,,,,,,,,,,,,,,,,,,,,,,,,,,,,,,,,,,,,,,,,,,,,,,,,,,,,,,,,,,,,1450.0,1475.0,,,,,,,1425.0,,,,,,,1279.0,,,,1334.0,,,,,,,,1278.0,,1413.0,1451.0,,,,,,,,,1500.0,,1378.0,,,,,,,,,,,,,1625.0,1675.0,,1700.0,1663.0,,1700.0,,,,1675.0,1675.0,,,,1926.0,,,,,,,,,,,1969.0,,,1457.63441810822,1457.8271355480404,1458.372630904194,1451.1876704845,1444.62273851666,1442.1589540044727,1441.3637982262921,1446.0166083758538,1447.5229089436605,1449.082095036094,1450.457677159485,1454.0258921600691,1457.63441810822,1457.8271355480404,1458.372630904194,1451.1876704845,1444.62273851666,1442.1589540044727,1441.3637982262921,1446.0166083758538,1447.5229089436605,1449.082095036094,1450.457677159485,1454.0258921600691,1457.63441810822,1457.8271355480404,1458.372630904194,1451.1876704845,1444.62273851666,1442.1589540044727,1441.3637982262921,1446.0166083758538,1447.5229089436605,1449.082095036094,1450.457677159485,1454.0258921600691,1457.63441810822,1457.8271355480404,1458.372630904194,1451.1876704845,1444.62273851666,1442.1589540044727,1441.3637982262921,1446.0166083758538,1447.5229089436605,1449.082095036094,1450.457677159485,1454.0258921600691,1457.63441810822,1457.8271355480404,1458.372630904194,1451.1876704845,1444.62273851666,1442.1589540044727,1441.3637982262921,1446.0166083758538,1447.5229089436605,1449.082095036094,1450.457677159485,1454.0258921600691,1457.63441810822,1457.8271355480404,1458.372630904194,1451.1876704845,1444.62273851666,1442.1589540044727,1441.3637982262921,1446.0166083758538,1447.5229089436605,1449.082095036094,1450.457677159485,1454.0258921600691,1457.63441810822,1457.8271355480404,1458.372630904194,1451.1876704845,1444.62273851666,1442.1589540044727,1441.3637982262921,1446.0166083758538,1447.5229089436605,1449.082095036094,1450.457677159485,1454.0258921600691,1457.63441810822,1457.8271355480404,1458.372630904194,1451.1876704845,1444.62273851666,1442.1589540044727,1441.3637982262921,1446.0166083758538,1447.5229089436605,1449.082095036094,1450.457677159485,1454.0258921600691,1457.63441810822,1457.8271355480404,1458.372630904194,1451.1876704845,1444.62273851666,1442.1589540044727,1441.3637982262921,1446.0166083758538,1447.5229089436605,1449.082095036094,1475.4655681449933,1471.9326149699223,1468.4051157789704,1461.4178427784543,1454.780580089159,1440.4646088799345,1426.831818091578,1417.2941444526714,1395.779780568101,1379.4855979215163,1360.101082029132,1340.7221630033457,1321.1311552058562,1303.4661667748246,1285.7340832830437,1299.7282961929168,1314.0440291560892,1321.3313944532144,1329.0529194353273,1319.8240910096106,1312.1380783853142,1309.3929702051696,1303.768909710635,1298.1776837599214,1292.4078061310722,1288.5677733970267,1284.728818167107,1352.76304198613,1421.1589844604318,1452.1884895675926,1451.0432840211786,1453.9835523246627,1458.593894205089,1468.7318118024477,1475.6969180526023,1482.7274494265873,1489.5811332790358,1498.7051552065204,1507.8976739050552,1446.7677572783657,1385.956886473089,1398.1442590805837,1410.748826027304,1427.240068273392,1445.3399742213992,1468.9534235431947,1489.4511587199597,1510.0434797238192,1530.4829283131119,1553.3007634178944,1576.255701788751,1595.5666649067173,1615.273410504921,1626.3310100257324,1668.7883358726936,1678.3746447465846,1689.8747979204804,1658.4314618820997,1678.627428543976,1698.9238355595585,1694.2846142681915,1692.1853055311149,1690.1019761685827,1684.0416910641156,1684.6718322513964,1739.173361644441,1793.82292462017,1853.1742558957474,1914.5287416440267,1924.607309041442,1930.5145654576518,1936.5006179118711,1942.2492206126824,1950.9472174368425,1959.7186496496972,1963.9079411611751,1968.574466668796,1962.7881890509163,1957.8034555345532,1958.3524002998668,1957.272633591427,1963.590828891073
Roosevelt Island,Manhattan,neighborhood,,,1615.0,1695.0,,,1909.0,1892.0,1825.0,1871.0,1896.0,1892.0,1909.0,1909.0,1909.0,2008.0,,,,,,,,,,,,,,,,,,,2100.0,,2270.0,,,,,,,,,2595.0,2595.0,2645.0,,,,,,,,,,,,,,,,,,2575.0,2850.0,2775.0,2600.0,2705.0,2775.0,2630.0,2740.0,,2700.0,2725.0,,2595.0,2695.0,2788.0,2583.0,2483.0,2408.0,2459.0,2285.0,2230.0,2175.0,,2780.0,2775.0,2694.0,2524.0,2541.0,2345.0,2337.0,,2528.0,2353.0,2395.0,2570.0,2610.0,2450.0,2445.0,2150.0,2150.0,2050.0,2177.0,2334.0,2354.0,2433.0,2810.0,2810.0,2665.0,2635.0,,,,,,,,,2965.0,2743.0,2840.0,2776.0,2735.0,2653.0,2695.0,2595.0,2495.0,2495.0,2343.0,2271.0,2550.0,2573.0,2678.0,2725.0,2763.0,2790.0,2787.0,2807.0,2847.0,2963.0,3000.0,3060.0,3050.0,3089.0,3200.0,3140.0,3178.0,3066.0,,2842.0,2811.0,2811.0,3126.0,3346.0,3406.0,3350.0,3323.0,3310.0,3406.0,3433.0,3433.0,3493.0,3493.0,,3275.0,3335.0,3433.0,3549.0,3385.0,,,,3278.0,3453.0,3455.0,3493.0,3505.0,3517.0,3550.0,3490.0,3620.0,3603.0,3552.0,3539.0,1633.0845993606079,1634.172576266845,1604.8955642849487,1663.5515546257582,1723.870513007268,1815.6458956829363,1865.3364712336208,1883.9321152743273,1846.3103280818195,1908.9652243799203,1936.8265899597877,1919.5183556856205,1930.3767802968423,1931.6628161569083,1897.0561190216515,1970.744260583199,1964.453190754461,1993.5062882058974,1976.2661607500643,2018.723296994745,2055.9404293553052,2078.3872976567677,2085.862879860091,2076.50578101431,2074.5523116531367,2080.8339872868883,2048.366624723993,2027.7714587296618,2021.1615978926507,2050.915275637536,2033.04241352065,2076.5807871266816,2114.724181401515,2137.6715984167167,2145.2193243225497,2216.7799192246725,2295.4192201539195,2333.4882573387254,2327.567835922031,2334.206556982259,2356.4009717335307,2421.1905332418623,2429.790479378874,2512.0201243424713,2588.768758339379,2647.656203776533,2650.878165055722,2683.47042853513,2670.6859942759993,2668.530175279915,2616.8575764398547,2580.6586391490373,2562.4369517746586,2590.2512188547603,2557.9027566651594,2602.7427185710917,2640.4766883800266,2658.992774976604,2658.255903472704,2636.1250145471126,2623.4967592067555,2621.3095022814923,2570.482885211806,2534.8578097198133,2516.8921561866196,2544.143759142152,2784.8134850790043,2763.166818121701,2630.3599194590306,2759.8882586572336,2834.754107140512,2668.252259753267,2770.6822304941584,2752.2906547652124,2683.1071353370658,2674.4412898850687,2596.053348518211,2563.904099018984,2633.3587165922513,2776.1113833957847,2613.161412293337,2533.3835660798195,2459.851491889857,2494.765135640032,2310.5871885690335,2256.4735882817736,2161.3918590215253,2431.5333195193602,2713.168537173168,2741.7471579104745,2632.381589053627,2513.237134752855,2570.6709828251524,2392.58335177494,2387.322648067523,2467.879704125408,2556.3082768938802,2380.933790684759,2380.0154033823233,2522.317106423716,2547.255353245312,2420.6416349119504,2389.0768319361982,2140.831949175372,2175.1053180141985,2091.5973864130606,2223.8773662143763,2367.9470624578425,2380.359843278558,2461.8835158249126,2792.418907517465,2757.8642292025843,2600.9331480455007,2603.4247787726486,2610.559074024353,2696.7844321007597,2777.0530688134763,2838.110599937722,2879.020537642406,2896.5247914812085,2924.0472444691995,2963.0972306510284,2946.449131953482,2692.107324093484,2771.7261315006463,2742.735174904316,2672.4438181372198,2641.6870517033776,2726.4692242084952,2647.656203776533,2548.724863897505,2531.2887407165026,2369.2366664408073,2297.960322416102,2534.04562781834,2525.261445458452,2613.6206268164547,2692.3463082183935,2699.8033892186977,2778.102854976413,2819.5434982816605,2863.9579822738838,2908.304483974428,3006.09560671062,3033.593683022801,3096.326986610864,3030.9173195474264,3031.687759433019,3123.071697465517,3102.373360662663,3105.3113177477458,3052.9259331031117,2988.4935392622983,2899.6681815541065,2871.52929555747,2851.8848297210775,3161.0046177097583,3385.722253986912,3384.6899640585357,3287.8452554550386,3243.1147658368477,3270.336249615737,3328.096396554066,3418.3609681483963,3473.0867705780197,3563.8778881662543,3568.2148094565077,3433.2188771882343,3311.673103966558,3374.591666780141,3411.5210354119063,3483.153078092517,3303.624279975242,3318.0080695685947,3255.300394926562,3290.6578530406096,3316.2768523025775,3523.0662318459995,3529.3965550163853,3543.8042370031035,3544.2486196649725,3558.7522914739898,3527.7890112765126,3425.2477437427115,3532.974857757866,3559.8252288113295,3470.757017193201,3523.908961921694
Rosedale,Queens,neighborhood,,,,,,,,,,,,,,,,,,,,,,,,,,,,,,,,,,,,,,,,,,,,,,,,,,,,,,,,,,,,,,,,,,,,,,,,,,,,,,,,,,,,,,,,,,,,,,,,,,,,,,,,,,,,,,,,,,,,,,,,,,,,,,,,,,,,,,,,,,,,,,,,,,,,,,,,,,,,,,,,,,,,,,,,,,,,,,,,,,,,,,,,,,,,,,,,,,,,,,,,,,,,,,,,,,,,,,,,,,,,,,,,,,,,,,,,,,,,,,,,,,,,,,,,,,,,,,,,,,,,,,,,,,,,,,,,,,,,,,,,,,,,,,,,,,,,,,,,,,,,,,,,,,,,,,,,,,,,,,,,,,,,,,,,,,,,,,,,,,,,,,,,,,,,,,,,,,,,,,,,,,,,,,,,,,,,,,,,
Schuylerville,Bronx,neighborhood,,,,,,,,,,,,,,,,,,,,,,,,,,,,,,,,,,,,,,,,,,,,,,,,,,,,,,,,,,,,,,,,,,,,,,,,,,,,,,,,,,,,,,,,,,,,,,,,,,,,,,,,,,,,,,,,,,,,,,,,,,,,,,,,,,,,,,,,,,,,,,,,,,,,,,,,,,,,,,,,,,,,,,,,,,,,,,,,,,,,,,,,,,,,,,,,,,,,,,,,,,,,,,,,,,,,,,,,,,,,,,,,,,,,,,,,,,,,,,,,,,,,,,,,,,,,,,,,,,,,,,,,,,,,,,,,,,,,,,,,,,,,,,,,,,,,,,,,,,,,,,,,,,,,,,,,,,,,,,,,,,,,,,,,,,,,,,,,,,,,,,,,,,,,,,,,,,,,,,,,,,,,,,,,,,,,,,,,
Seagate,Brooklyn,neighborhood,,,,,,,,,,,,,,,,,,,,,,,,,,,,,,,,,,,,,,,,,,,,,,,,,,,,,,,,,,,,,,,,,,,,,,,,,,,,,,,,,,,,,,,,,,,,,,,,,,,,,,,,,,,,,,,,,,,,,,,,,,,,,,,,,,,,,,,,,,,,,,,,,,,,,,,,,,,,,,,,,,,,,,,,,,,,,,,,,,,,,,,,,,,,,,,,,,,,,,,,,,,,,,,,,,,,,,,,,,,,,,,,,,,,,,,,,,,,,,,,,,,,,,,,,,,,,,,,,,,,,,,,,,,,,,,,,,,,,,,,,,,,,,,,,,,,,,,,,,,,,,,,,,,,,,,,,,,,,,,,,,,,,,,,,,,,,,,,,,,,,,,,,,,,,,,,,,,,,,,,,,,,,,,,,,,,,,,,
Sheepshead Bay,Brooklyn,neighborhood,,,,,,,,,,,,,,,,,,,1000.0,,,1000.0,,,,,,,1100.0,,1050.0,1125.0,,,,,,,1150.0,1200.0,,,1200.0,,,,,,,,,1345.0,1500.0,1500.0,1290.0,1300.0,1270.0,1275.0,,,,1200.0,,,1250.0,1200.0,1200.0,1295.0,1250.0,1275.0,1200.0,,1200.0,,,1300.0,,,,1300.0,1300.0,,1310.0,1298.0,1300.0,1375.0,1350.0,1350.0,1325.0,1350.0,1348.0,,1425.0,1375.0,1550.0,1600.0,1550.0,1550.0,1450.0,1395.0,1395.0,1500.0,1425.0,1399.0,1450.0,1450.0,1413.0,1450.0,1425.0,1500.0,1500.0,1495.0,1450.0,1400.0,1413.0,1495.0,1450.0,1450.0,1450.0,1373.0,1448.0,1430.0,1410.0,1700.0,1500.0,1611.0,1500.0,1500.0,1612.0,1590.0,1667.0,1608.0,1597.0,1377.0,1458.0,1560.0,1560.0,1500.0,1500.0,1499.0,1800.0,1800.0,1575.0,1660.0,1550.0,1525.0,1490.0,1600.0,1675.0,1533.0,1523.0,1525.0,1535.0,1587.0,1600.0,1625.0,1920.0,1743.0,1600.0,2100.0,1690.0,1525.0,1795.0,2150.0,2195.0,1750.0,1775.0,1800.0,1850.0,1997.0,1750.0,1967.0,1650.0,1831.0,,,1675.0,1800.0,1804.0,1713.0,1700.0,2150.0,2075.0,1850.0,1775.0,1915.0,,,1000.7345013729082,991.3895343468434,1021.4680425917984,968.488330604707,999.1501641047429,1006.3562550927142,1021.5889843124139,998.3162565647172,985.9358398443986,999.0982621285843,1003.4415848648689,1006.3371424369674,1000.7345013729082,991.3895343468434,1021.4680425917984,968.488330604707,999.1501641047429,1006.3562550927142,1021.5889843124139,998.3162565647172,985.9358398443986,999.0982621285843,1017.7764646486528,1035.089632220881,1043.6231228603185,1048.0403648809488,1094.4300456340695,1051.5016160851105,1099.0651805152172,1081.8329742246676,1072.6684335280345,1123.105788635307,1112.6990192529643,1131.1219610527187,1139.6229428108154,1146.5055301335449,1143.6965729976093,1136.5572875904882,1174.6882489805682,1162.1859967256485,1198.9801969256914,1207.627506111257,1225.9067811748967,1214.0634920112032,1214.8920515415978,1247.2076638905162,1268.796137306912,1288.670618509561,1297.6190701135376,1301.474149811995,1357.4175321553232,1302.6168046633309,1498.7252461571145,1509.534382639071,1317.8497897630139,1297.8111335341323,1252.1385166023863,1273.850284213945,1260.5734909864916,1245.3422137657471,1219.645173548232,1189.6674412162122,1242.786118486688,1194.4689410791386,1248.9377051309286,1207.627506111257,1225.9067811748967,1292.8195522513088,1232.4197998054983,1273.850284213945,1204.1299018378427,1207.6045709243608,1200.8814016474898,1222.7137590277734,1293.859520616278,1259.034829786119,1298.8952133361659,1308.2631316205284,1328.065679606138,1297.8111335341323,1281.7165917977184,1303.8232320778027,1314.5084761729784,1306.2256108831837,1300.9548517847807,1363.1606097269098,1378.9818574989279,1307.4592463163544,1323.8739674387843,1358.580944375164,1377.101950853134,1384.1654897269802,1404.9585717782682,1373.7601104268035,1555.3344565405469,1610.139427899148,1551.1384771280077,1536.6537782376072,1481.1286617581077,1351.0412211935663,1393.8144789261164,1509.534382639071,1455.76430264519,1396.6444429340393,1429.606967774378,1448.6924800864474,1417.8629594140598,1459.1888565336028,1426.0466644563942,1487.0843015202652,1532.2020638876975,1447.8900542540368,1448.7677379518773,1408.8987571297998,1443.505234833441,1492.4828035642522,1429.606967774378,1448.6924800864474,1454.9902980540598,1381.7008965659563,1449.063557987971,1417.687034115986,1440.2699400544357,1646.4301620280019,1498.7252461571145,1621.2399269543623,1532.3834764686208,1497.4743848470757,1589.3285738291706,1588.566236784449,1672.7371219697363,1618.1901250386436,1598.1729986925345,1365.1433887956034,1489.3004060988421,1510.8417957433428,1558.674256003399,1509.534382639071,1532.3834764686208,1496.476068590511,1774.6845117199175,1798.3768718314518,1580.4204961621685,1670.5196564453659,1551.1384771280077,1511.8690398789363,1521.9873834617795,1549.5813289675311,1673.5765248754444,1542.7441390571307,1555.8800231078064,1522.4322912611938,1513.411514161152,1585.5689419980633,1605.5065357837902,1635.2978564600721,1921.4102426359839,1727.991958366548,1634.3488681468773,2033.8254942698848,1688.5637773370156,1534.693289016389,1833.752226840783,2146.379951614142,2164.129168458455,1748.4219587250227,1781.1088131351423,1811.4068563865414,1851.3588275398802,1979.8049000906462,1787.5690745356471,1905.0165462994587,1648.597770772826,1842.6383030747595,1817.4068030917842,1724.0921750872665,1651.4425317393677,1798.3768718314518,1810.2086190962234,1723.8555249945252,1701.248652333944,2131.487498845713,2119.5461883779817,1791.7034116187078,1773.4915412859186,1927.1722285025476,1956.3429049582726,1911.7756313214334
Soho,Manhattan,neighborhood,3400.0,3300.0,3000.0,2500.0,2575.0,2300.0,2125.0,2100.0,2145.0,2310.0,2250.0,2325.0,2095.0,2295.0,2143.0,2143.0,2243.0,2190.0,2150.0,2300.0,2250.0,2295.0,2395.0,2395.0,2295.0,2250.0,2450.0,2400.0,2525.0,2350.0,2300.0,2448.0,2195.0,2295.0,2500.0,2450.0,2488.0,2373.0,2325.0,2448.0,2348.0,2313.0,2250.0,2325.0,2495.0,2495.0,2500.0,2450.0,2500.0,2400.0,2495.0,2425.0,2450.0,2350.0,2300.0,2350.0,2395.0,2350.0,2448.0,2495.0,2550.0,2550.0,2595.0,2595.0,2599.0,2575.0,2550.0,2495.0,2495.0,2575.0,2525.0,2550.0,2550.0,2500.0,2498.0,2500.0,2550.0,2625.0,2595.0,2500.0,2500.0,2795.0,2595.0,2495.0,2550.0,2595.0,2595.0,2600.0,2550.0,2675.0,2735.0,2785.0,2638.0,2663.0,2600.0,2580.0,2600.0,2650.0,2623.0,2625.0,2563.0,2525.0,2498.0,2575.0,2798.0,2600.0,2500.0,2500.0,2673.0,2695.0,2673.0,3395.0,3248.0,2873.0,2800.0,2798.0,2798.0,2850.0,2600.0,2600.0,2750.0,2940.0,2850.0,3100.0,2449.0,2487.0,2475.0,2475.0,2300.0,2330.0,2240.0,2395.0,2300.0,2400.0,2300.0,2403.0,2475.0,2400.0,2311.0,2698.0,2653.0,2825.0,3200.0,2625.0,3050.0,4345.0,4795.0,4750.0,3173.0,3224.0,3200.0,2998.0,3000.0,3000.0,3000.0,3130.0,3300.0,3095.0,3100.0,3250.0,3500.0,3250.0,3450.0,3400.0,3298.0,3275.0,3150.0,3000.0,3350.0,3500.0,3095.0,3300.0,3695.0,3675.0,3448.0,3350.0,3725.0,3600.0,3313.0,3398.0,3400.0,3600.0,3650.0,3500.0,3195.0,3650.0,4050.0,3750.0,3420.352237149913,3213.6176487217376,2933.7425941661877,2369.745700110719,2531.763628724007,2318.3012868931933,2191.388638003821,2136.7348525277703,2185.1495585820994,2318.544452441145,2282.7812695626776,2381.5781377438925,2107.540569655608,2234.925001156481,2095.6701264327135,2031.3460141349085,2205.3381822244455,2207.426007954823,2217.169680803866,2340.2334099113677,2292.114921589615,2303.488968983735,2429.8938402678277,2453.2815655469344,2308.737760076191,2191.1029423102755,2395.88978523572,2274.9558721062904,2482.603169913832,2368.6991409560887,2371.8559376041358,2490.8223423752297,2236.0854457285354,2303.488968983735,2536.4236328474194,2509.619973106467,2502.893048832054,2310.883236489904,2273.6505104787957,2320.4549895484165,2308.575145725813,2331.404728949546,2320.2938520040457,2365.670729584317,2541.7007686071506,2504.2287484158687,2536.4236328474194,2509.619973106467,2514.9648802572888,2337.1764717976275,2439.895924148213,2298.653329107398,2408.86248169857,2368.6991409560887,2371.8559376041358,2391.108049257267,2439.828994314279,2358.6924083275717,2483.666021284193,2555.7150338369943,2565.2641778624347,2483.250001284979,2537.6873439537526,2459.7960367149267,2555.360648952891,2595.4894842391186,2629.6663656045853,2538.644503360375,2541.7007686071506,2584.524660188722,2561.787869175894,2612.053441396527,2565.2641778624347,2434.558824789195,2442.829666742379,2369.745700110719,2507.1833993189193,2645.887338302014,2676.0722426446664,2543.7319672949648,2546.7943573217945,2805.3384175640695,2632.8077308956213,2555.7150338369943,2565.2641778624347,2527.0720601311846,2537.6873439537526,2464.535528115148,2507.1833993189193,2696.2851923649096,2820.446082324918,2833.7174115665907,2687.3774058459576,2672.8501631388613,2637.8805781613164,2642.783481883545,2615.5634754675802,2580.6323542765467,2565.0689414993035,2488.2329851162553,2519.965118609565,2545.091630176223,2576.041796580492,2620.0439263138137,2850.3722447145524,2609.617132617739,2536.4236328474194,2560.836707251497,2689.000449971093,2624.454413122752,2613.9646514020733,3218.114660750357,3193.463404308961,2895.860694453976,2887.476793605035,2846.9448177965246,2850.3722447145524,2860.541856907906,2637.8805781613164,2663.270175541557,2766.4613682830177,2863.0411779520937,2787.0554644578783,2938.484668137292,2407.879272522366,2506.789261088423,2552.3232372044504,2518.294647622015,2343.050808736051,2338.6184303843584,2272.6355750312878,2453.2815655469344,2313.767689836706,2337.1764717976275,2249.2026555274106,2277.7995669464235,2433.442711103657,2419.096995018984,2383.1995964361554,2745.195539104726,2702.658171989888,2835.4493844788894,3246.622250044697,2688.878542614072,3068.2571539138926,4231.263237483621,4689.098579675623,4502.516830210367,3119.7227160936986,3249.6536299755026,3299.973478405754,3050.4433751801216,3056.1532287861532,3011.0966914820065,3043.7083594169035,3206.167557478874,3319.7536419396215,3013.9838250890234,3031.5340139717273,3080.6694101439352,3441.2321167122427,3275.860514088208,3557.7839064062036,3459.475475521152,3359.731116178911,3287.1138882011905,3195.8937773877483,3073.0040487017964,3370.052939544767,3408.3823547048733,3026.6444429814505,3128.0643241461494,3632.9579060719248,3704.24227362282,3555.7214229822,3408.600836175253,3794.7235924094734,3613.316029778408,3361.2685982494004,3480.689252496235,3420.352237149913,3505.764707696441,3569.386822902195,3317.643980155007,3141.353317970176,3679.043346591372,4176.528933607283,3815.5979509424474
Soundview,Bronx,neighborhood,,,,,,,,,,,,,,,,,,,,,,,,,,,,,,,,,,,,,,,,,,,,,,,,,,,,,,,,,,,,,,,,,,,,,,,,,,,,,,,,,,,,,,,,,,,,,,,,,,,,,,,,,,,,,,,,,,,,,,,,,,,,,,,,,,,,,,,,,,,,,,,,,,,,,,,,,,,,,,,,,,,,,,,,,,,,,,,,,,,,,,,,,,,,,,,,,,,,,,,,,,,,,,,,,,,,,,,,,,,,,,,,,,,,,,,,,,,,,,,,,,,,,,,,,,,,,,,,,,,,,,,,,,,,,,,,,,,,,,,,,,,,,,,,,,,,,,,,,,,,,,,,,,,,,,,,,,,,,,,,,,,,,,,,,,,,,,,,,,,,,,,,,,,,,,,,,,,,,,,,,,,,,,,,,,,,,,,,
South Brooklyn,Brooklyn,submarket,1350.0,1395.0,1400.0,1350.0,1350.0,1350.0,1250.0,1250.0,1000.0,1050.0,1050.0,1000.0,1000.0,1050.0,1050.0,1050.0,1050.0,1250.0,1263.0,1100.0,1100.0,1095.0,1050.0,1475.0,1350.0,1200.0,1150.0,1200.0,1200.0,1200.0,1250.0,1275.0,1285.0,1113.0,1100.0,1100.0,1200.0,1275.0,1150.0,1200.0,1200.0,1200.0,1200.0,1200.0,1275.0,1300.0,1275.0,1200.0,1248.0,1275.0,1250.0,1293.0,1400.0,1400.0,1400.0,1398.0,1325.0,1300.0,1325.0,1275.0,1300.0,1300.0,1298.0,1295.0,1350.0,1325.0,1300.0,1300.0,1300.0,1350.0,1350.0,1300.0,1300.0,1375.0,1350.0,1400.0,1397.0,1425.0,1400.0,1438.0,1425.0,1425.0,1445.0,1450.0,1425.0,1450.0,1450.0,1450.0,1475.0,1495.0,1475.0,1575.0,1525.0,1500.0,1450.0,1470.0,1500.0,1500.0,1500.0,1495.0,1500.0,1558.0,1498.0,1600.0,1590.0,1550.0,1475.0,1500.0,1550.0,1500.0,1549.0,1500.0,1550.0,1550.0,1595.0,1650.0,1597.0,1590.0,1550.0,1595.0,1595.0,1638.0,1700.0,1754.0,1700.0,1700.0,1650.0,1695.0,1640.0,1552.0,1550.0,1500.0,1549.0,1500.0,1516.0,1500.0,1550.0,1579.0,1595.0,1595.0,1639.0,1575.0,1550.0,1550.0,1550.0,1646.0,1595.0,1650.0,1775.0,1923.0,1850.0,1807.0,1900.0,1750.0,1885.0,1875.0,1884.0,1850.0,1875.0,2150.0,2199.0,2149.0,2195.0,2250.0,2100.0,2100.0,2135.0,2050.0,2100.0,2050.0,2000.0,1995.0,2050.0,2162.0,2250.0,2275.0,2220.0,2082.0,2023.0,2049.0,2167.0,2168.0,2026.0,2026.0,2200.0,2300.0,2488.0,2390.0,1362.3888730191907,1407.6187792866688,1434.5970341159375,1359.079392651929,1335.9347778949657,1307.446064912161,1216.6297360429226,1210.492245029649,991.8708378391536,1068.861654017454,1078.7890006263203,1018.4854890219651,1009.1769429771783,1059.498005914697,1075.9477755869532,1057.0617498403894,1039.0603828071955,1210.598208252001,1229.2826852977691,1065.233175626091,1091.057921623069,1114.670010618202,1078.7890006263203,1502.2660963073986,1362.3888730191907,1210.8548639025107,1178.41899230952,1208.0705712461593,1187.4975803510806,1162.174279921921,1216.6297360429226,1234.702089930242,1274.5540266233124,1132.9933532585012,1130.15990541805,1120.3340379241617,1211.012331572614,1286.5332928964176,1178.41899230952,1208.0705712461593,1187.4975803510806,1162.174279921921,1167.9645466012057,1162.072555228463,1264.6353182449209,1323.3525240216097,1309.9580721891034,1222.1825868263581,1259.4528248355186,1286.5332928964176,1280.8902090320871,1301.6960405177365,1385.4138437429274,1355.8699932422412,1362.6253043680733,1353.8145268411592,1314.2288601368784,1323.3525240216097,1361.328976980833,1298.5689985030056,1311.9300258703317,1311.7594358943866,1330.0763930589192,1303.7094914698134,1335.9347778949657,1283.2341007471211,1265.2949254846396,1258.911934830835,1289.4320891908997,1374.250698022441,1387.0144293766975,1324.0311357285548,1311.9300258703317,1387.4378648882935,1383.361425754654,1409.4156664538525,1382.4450997920499,1380.0819574072812,1362.6253043680733,1392.550278682108,1413.4159439207938,1450.5979590236875,1484.6191484809838,1476.8039590818494,1438.0771437424792,1463.1162938822006,1485.832642477221,1459.7519402557757,1459.63244251487,1447.8754570693932,1435.6230885306488,1525.2202287373577,1512.6030277047093,1526.9452200249343,1489.7562389601567,1497.1736688622889,1513.7654144657674,1513.5685798781385,1537.0682508385046,1505.0545866775067,1484.3719754388508,1508.889606765294,1458.0090756738384,1549.4300736379505,1577.0746321642541,1577.8433940257655,1515.4416913560215,1527.7282335329478,1564.2242616146264,1513.5685798781385,1587.2791470325624,1510.0882140576991,1533.8510412868125,1501.1417782324813,1552.4195431907692,1597.8497634391365,1584.0177280291282,1618.5619332264303,1592.4980485436158,1624.4843549900345,1609.6372240485994,1652.8168892269273,1742.0106842836385,1765.7964849714695,1682.2882388306975,1646.4135632227215,1605.951251576658,1641.427484260204,1626.668174056212,1579.8793209857986,1592.4980485436158,1527.7282335329478,1563.2150846716493,1513.5685798781385,1553.4636455141151,1510.0882140576991,1533.8510412868125,1529.2276566639277,1552.4195431907692,1544.588104657832,1625.6763032183728,1603.2924810261811,1592.4980485436158,1578.652507984046,1564.2242616146264,1660.8892549862771,1634.4159067249432,1661.097035463469,1756.5068376026402,1862.3842835748783,1800.6120093435256,1749.8875894148605,1884.554591894392,1781.43609002909,1936.6831106482036,1909.6602919161846,1901.289360569004,1866.734581849704,1921.3353135481307,2164.459773482702,2176.0893159933553,2081.2604396268403,2136.4018164913723,2178.886041053368,2082.9287594622224,2137.723308034908,2193.5376346068515,2087.8952524950287,2119.2715802520747,2068.543725833456,2049.4243344513393,2008.4173246967398,2028.6416997664294,2093.850660992661,2189.933524877261,2203.095885953961,2201.953260002921,2119.399965394609,2078.466807873377,2086.8767670060065,2186.8864354315456,2187.6111207838694,2076.066850799207,2039.6258144539322,2177.0788973103145,2227.5007031836817,2421.5798266198335,2314.4611724966885
South Jamaica,Queens,neighborhood,,,,,,,,,,,,,,,,,,,,,,,,,,,,,,,,,,,,,,,,,,,,,,,,,,,,,,,,,,,,,,,,,,,,,,,,,,,,,,,,,,,,,,,,,,,,,,,,,,,,,,,,,,,,,,,,,,,,,,,,,,,,,,,,,,,,,,,,,,,,,,,,,,,,,,,,,,,,,,,,,,,,,,,,,,,,,,,,,,,,,,,,,,,,,,,,,,,,,,,,,,,,,,,,,,,,,,,,,,,,,,,,,,,,,,,,,,,,,,,,,,,,,,,,,,,,,,,,,,,,,,,,,,,,,,,,,,,,,,,,,,,,,,,,,,,,,,,,,,,,,,,,,,,,,,,,,,,,,,,,,,,,,,,,,,,,,,,,,,,,,,,,,,,,,,,,,,,,,,,,,,,,,,,,,,,,,,,,
South Ozone Park,Queens,neighborhood,,,,,,,,,,,,,,,,,,,,,,,,,,,,,,,,,,,,,,,,,,,,,,,,,,,,,,,,,,,,,,,,,,,,,,,,,,,,,,,,,,,,,,,,,,,,,,,,,,,,,,,,,,,,,,,,,,,,,,,,,,,,,,,,,,,,,,,,,,,,,,,,,,,,,,,,,,,,,,,,,,,,,,,,,,,,,,,,,,,,,,,,,,,,,,,,,,,,,,,,,,,,,,,,,,,,,,,,,,,,,,,,,,,,,,,,,,,,,,,,,,,,,,,,,,,,,,,,,,,,,,,,,,,,,,,,,,,,,,,,,,,,,,,,,,,,,,,,,,,,,,,,,,,,,,,,,,,,,,,,,,,,,,,,,,,,,,,,,,,,,,,,,,,,,,,,,,,,,,,,,,,,,,,,,,,,,,,,
South Queens,Queens,submarket,,,,,,,,,,,,,,,,,,,,,,,,,,,,,,,,,,,,,,,,,,,,,,4075.0,2425.0,,,,,,,,1250.0,,,1395.0,1300.0,1300.0,,,,1300.0,1350.0,,1500.0,,,1400.0,1363.0,1200.0,1238.0,1350.0,1350.0,1395.0,1373.0,,,1385.0,1400.0,1400.0,1400.0,1395.0,1387.0,1400.0,1397.0,1375.0,1450.0,1400.0,1450.0,1400.0,1475.0,1600.0,1828.0,1828.0,1569.0,1400.0,1375.0,1535.0,1450.0,1475.0,1538.0,1475.0,1450.0,1500.0,1550.0,1630.0,1550.0,1550.0,1569.0,1650.0,1600.0,1699.0,1727.0,1714.0,1729.0,1650.0,1599.0,1599.0,1641.0,1679.0,1682.0,1682.0,1600.0,1600.0,1650.0,1633.0,1600.0,1600.0,1587.0,1599.0,1650.0,1673.0,1723.0,1745.0,1644.0,1850.0,1825.0,1950.0,1875.0,1899.0,1923.0,1936.0,1778.0,1650.0,1645.0,1813.0,1795.0,1998.0,1700.0,1685.0,1650.0,1750.0,1650.0,1663.0,1625.0,1650.0,1650.0,1650.0,1695.0,1725.0,1750.0,1799.0,1991.0,1950.0,1800.0,1750.0,1750.0,1750.0,1750.0,1775.0,1936.0,1750.0,1805.0,2033.0,2053.0,2109.0,2163.0,2100.0,2130.0,2075.0,2050.0,1899.0,1925.0,2080.0,2080.0,1925.0,4160.496902586372,4183.1440500484005,4191.914288701229,4105.38025596359,4117.496962464179,4056.721421860139,4059.2299879351444,4012.9658110726523,3972.1595154745405,3915.4060225899093,4055.363822447337,4088.608547179952,4160.496902586372,4183.1440500484005,4191.914288701229,4105.38025596359,4117.496962464179,4056.721421860139,4059.2299879351444,4012.9658110726523,3972.1595154745405,3915.4060225899093,4055.363822447337,4088.608547179952,4160.496902586372,4183.1440500484005,4191.914288701229,4105.38025596359,4117.496962464179,4056.721421860139,4059.2299879351444,4012.9658110726523,3972.1595154745405,3915.4060225899093,4055.363822447337,4088.608547179952,4160.496902586372,4183.1440500484005,4191.914288701229,4105.38025596359,4117.496962464179,4056.721421860139,4059.2299879351444,4012.9658110726523,3972.1595154745405,3915.4060225899093,2413.3146673459614,2285.7328457777494,2175.9654045735474,2037.0371716109926,1890.2190197517812,1703.2290785861212,1559.8493093997733,1390.6092604075782,1245.1625729862405,1278.5686571883828,1312.6809359932224,1340.365988101331,1293.7356979586596,1304.3413770144632,1327.275085487677,1334.4999423467289,1337.2978098924166,1309.6918607982004,1364.0787483010165,1418.6081045768583,1494.1950875834887,1444.339433024104,1397.1604021710039,1345.170167270153,1356.4321202443484,1204.0074249364275,1263.9742737182646,1385.8268632062186,1388.732341042125,1405.4001121642227,1387.318608457256,1370.8234105279537,1375.6556106351986,1363.9159873216254,1364.668299794934,1345.170167270153,1393.2538285708642,1399.6586314885972,1416.1004181318524,1437.1537840657081,1437.0808003228508,1385.2510066134812,1465.1216185455362,1393.7202430930538,1444.3885846640392,1378.6876406139174,1437.7755301410914,1537.3373340230319,1819.1914275911,1834.1046439864913,1601.918930100127,1437.1537840657081,1414.449606616979,1546.4438510194136,1465.1216185455362,1468.3838275444673,1532.0480298022705,1452.5459070753773,1413.4064533590388,1441.2537506465924,1542.5310244891712,1635.4434188719808,1582.5202942353071,1591.134546644177,1614.0155874778475,1662.3012079361774,1616.6859239123157,1691.379066439356,1720.31661083779,1687.907582865896,1685.3653502467437,1585.3791257112516,1591.2949084891513,1604.3398937277898,1675.4295502194445,1723.55800246166,1730.2576278761883,1694.539776817364,1616.6859239123157,1592.82313496349,1643.6145963418376,1608.1406550875195,1559.6209140513533,1537.3373340230319,1579.3527328156867,1604.3398937277898,1684.6183777343592,1717.3987719585211,1772.4339434189492,1758.0094593022,1661.1447868199045,1841.7017498015355,1817.9373565599112,1920.3149279979564,1827.6807586539296,1824.627248318586,1913.7336516726941,1942.4653122307698,1815.303924613146,1693.788388363156,1692.1960748254041,1826.5164181747211,1813.7195208891292,1989.0378897856583,1693.4210992612873,1659.349053167465,1608.3590676154581,1681.462709087691,1642.0491551013756,1668.5536230577325,1659.0938568595961,1693.788388363156,1697.3395279403749,1662.3012079361774,1712.6766506446095,1717.2624423825127,1743.227602180737,1771.613618188884,1940.7532749226527,1873.62987584057,1791.3263510196825,1755.8441613656234,1786.7164612334113,1796.4422300821352,1800.2085902397916,1788.2331176283121,1956.1899679339022,1742.1503038663172,1798.0147553921315,2002.0514095486385,2001.1885853421427,2026.402773409109,2152.577165141985,2107.0129936387484,2174.6891785298094,2130.0672156688174,2108.8157771380415,1913.1575720429098,1945.075252207005,2070.6700754525373,2071.9505214491046,1895.6955058441365
South Richmond Hill,Queens,neighborhood,,,,,,,,,,,,,,,,,,,,,,,,,,,,,,,,,,,,,,,,,,,,,,,,,,,,,,,,,,,,,,,,,,,,,,,,,,,,,,,,,,,,,,,,,,,,,,,,,,,,,,,,,,,,,,,,,,,,,,,,,,,,,,,,,,,,,,,,,,,,,,,,,,,,,,,,,,,,,,,,,,,,,,,,,,,,,,,,,,,,,,,,,,,,,,,,,,,,,,,,,,,,,,,,,,,,,,,,,,,,,,,,,,,,,,,,,,,,,,,,,,,,,,,,,,,,,,,,,,,,,,,,,,,,,,,,,,,,,,,,,,,,,,,,,,,,,,,,,,,,,,,,,,,,,,,,,,,,,,,,,,,,,,,,,,,,,,,,,,,,,,,,,,,,,,,,,,,,,,,,,,,,,,,,,,,,,,,,
Springfield Gardens,Queens,neighborhood,,,,,,,,,,,,,,,,,,,,,,,,,,,,,,,,,,,,,,,,,,,,,,,,,,,,,,,,,,,,,,,,,,,,,,,,,,,,,,,,,,,,,,,,,,,,,,,,,,,,,,,,,,,,,,,,,,,,,,,,,,,,,,,,,,,,,,,,,,,,,,,,,,,,,,,,,,,,,,,,,,,,,,,,,,,,,,,,,,,,,,,,,,,,,,,,,,,,,,,,,,,,,,,,,,,,,,,,,,,,,,,,,,,,,,,,,,,,,,,,,,,,,,,,,,,,,,,,,,,,,,,,,,,,,,,,,,,,,,,,,,,,,,,,,,,,,,,,,,,,,,,,,,,,,,,,,,,,,,,,,,,,,,,,,,,,,,,,,,,,,,,,,,,,,,,,,,,,,,,,,,,,,,,,,,,,,,,,
St. Albans,Queens,neighborhood,,,,,,,,,,,,,,,,,,,,,,,,,,,,,,,,,,,,,,,,,,,,,,,,,,,,,,,,,,,,,,,,,,,,,,,,,,,,,,,,,,,,,,,,,,,,,,,,,,,,,,,,,,,,,,,,,,,,,,,,,,,,,,,,,,,,,,,,,,,,,,,,,,,,,,,,,,,,,,,,,,,,,,,,,,,,,,,,,,,,,,,,,,,,,,,,,,,,,,,,,,,,,,,,,,,,,,,,,,,,,,,,,,,,,,,,,,,,,,,,,,,,,,,,,,,,,,,,,,,,,,,,,,,,,,,,,,,,,,,,,,,,,,,,,,,,,,,,,,,,,,,,,,,,,,,,,,,,,,,,,,,,,,,,,,,,,,,,,,,,,,,,,,,,,,,,,,,,,,,,,,,,,,,,,,,,,,,,
Staten Island,Staten Island,borough,,,,,,,,,,,,,,,,,,,,,,,,,,,,,,,,,,,,,,,,,,,,,,,,,,,,,,,,,,,,,,,,,1150.0,,,,,,,,,,,1175.0,1618.0,,,1775.0,1528.0,1520.0,1350.0,1445.0,1500.0,1585.0,1350.0,1400.0,1625.0,,,,,,1727.0,1671.0,1595.0,1663.0,1608.0,1608.0,1610.0,1712.0,1735.0,1695.0,1690.0,1570.0,1779.0,1709.0,1529.0,1659.0,1755.0,1773.0,1863.0,1825.0,1790.0,1827.0,1775.0,1661.0,,,1798.0,,,,,1604.0,,1533.0,,,,,,,,,,1700.0,1822.0,,,,,,,,1400.0,1225.0,1400.0,,,1607.0,1499.0,1424.0,,1400.0,1500.0,1500.0,1497.0,1650.0,,1499.0,1513.0,1525.0,1538.0,1550.0,,,,,,,,1907.0,1907.0,1782.0,,,1795.0,,2245.0,2795.0,2795.0,2795.0,2550.0,,,,1166.7100298642706,1141.3966573685927,1173.5828205320895,1172.8672189555632,1126.9735508626045,1122.632811833009,1117.1956770536965,1123.764049421061,1149.7146637213627,1170.3375218394435,1171.7545193099236,1168.043880912757,1166.7100298642706,1141.3966573685927,1173.5828205320895,1172.8672189555632,1126.9735508626045,1122.632811833009,1117.1956770536965,1123.764049421061,1149.7146637213627,1170.3375218394435,1171.7545193099236,1168.043880912757,1166.7100298642706,1141.3966573685927,1173.5828205320895,1172.8672189555632,1126.9735508626045,1122.632811833009,1117.1956770536965,1123.764049421061,1149.7146637213627,1170.3375218394435,1171.7545193099236,1168.043880912757,1166.7100298642706,1141.3966573685927,1173.5828205320895,1172.8672189555632,1126.9735508626045,1122.632811833009,1117.1956770536965,1123.764049421061,1149.7146637213627,1170.3375218394435,1171.7545193099236,1168.043880912757,1166.7100298642706,1141.3966573685927,1173.5828205320895,1172.8672189555632,1126.9735508626045,1122.632811833009,1117.1956770536965,1123.764049421061,1149.7146637213627,1170.3375218394435,1171.7545193099236,1168.043880912757,1166.7100298642706,1141.3966573685927,1173.5828205320895,1172.8672189555632,1126.9735508626045,1124.8514537536275,1121.6114702436319,1130.4266821251383,1158.8033171895158,1181.90212185762,1185.6488416732823,1184.2025907277557,1185.1560382415714,1161.6981789423426,1196.7761569062416,1198.3643324111188,1585.6027872136472,1630.5834840855675,1673.5267417430443,1734.5053806281592,1527.6208749271673,1546.8808984312645,1375.537913972519,1467.6725286251599,1521.7956911273095,1573.1423495036693,1377.6841806246268,1427.8383535111202,1592.4626262188976,1602.9244148085224,1611.6761984626803,1637.7639537649547,1692.5799353741454,1740.2410107351727,1759.6696129115112,1697.2185434827975,1618.176084898706,1650.5588184382345,1640.974935144,1639.9743374613438,1577.7629712076464,1671.2585859635753,1685.5082605984028,1656.3304902336506,1689.5806797296548,1597.7651385112404,1812.653295523786,1735.8147760694799,1551.2170744891043,1646.588743108257,1790.989434812015,1808.2552862680116,1825.6971523974194,1781.5694622567319,1738.939358196623,1785.3190593845898,1774.5595896568861,1690.3744554567963,1738.9516344541473,1779.8280237560473,1824.1257684312684,1746.0391301241987,1755.6798995160061,1715.0378394744998,1609.9062168322494,1565.8287218957796,1523.7577560510633,1498.0263371847707,1549.3154907556486,1594.1014732254823,1613.0474604517738,1624.9013918993292,1639.988489804864,1620.9817572299007,1683.7341700833867,1699.7395714011664,1649.595285362628,1659.5441566227091,1770.0265422537695,1728.8865603810539,1716.074104589321,1693.1730886611952,1641.475244007206,1582.6994586367857,1527.375608661443,1441.881733906281,1428.709520647761,1249.3585593222303,1371.9678010501273,1434.041391811035,1494.1277837465957,1570.338110799691,1498.628070363759,1449.1831574777111,1438.7107663179236,1421.9664637198782,1521.7956911273095,1488.7782487416428,1527.6986802926417,1682.8094880666774,1542.9737876810182,1463.3274651632005,1469.84092120195,1490.2088481453197,1537.6183937421356,1577.4114424792501,1624.7904785692058,1664.970375466293,1708.342479597999,1715.5688019666197,1809.486120570401,1853.8951193534565,1825.0846667719507,1861.6180627526508,1852.6018749055645,1741.3456835376787,1785.8901109805167,1822.3342513975338,1828.9559670967935,2051.6944690815385,2277.620884387207,2774.0901368219274,2852.316507293209,2850.5772843311297,2498.941351912732,2489.3162349340637,2477.2599795538486,2491.824631324961
Stuyvesant Town/PCV,Manhattan,neighborhood,,,,,,,,,,,,,,,,,,,,,,,,,,,,,,,,,,,,,,,,,,,,,,,,,,,,,,,,,,,,,,,,,,,,,,,,,,,,,,,,,,,,,,,,,,,,,,,,,,,,,,,,,,,,,,,,,,,,,,,,,,,,,,,,,,,,,,,,,,,,,,,,,,,,,,,,,,,,,,,,,,,,,,,,,,,,,,,,,,,,,,,,,,,,,,,,,,,,,,,,,,,,,,,,,,,,,,,,,,,,,,,,,,,,,,,,,,,,,,,,,,,,,,,,,,,,,,,,,,,,,,,,,,,,,,,,,,,,,,,,,,,,,,,,,,,,,,,,,,,,,,,,,,,,,,,,,,,,,,,,,,,,,,,,,,,,,,,,,,,,,,,,,,,,,,,,,,,,,,,,,,,,,,,,,,,,,,,,
Sunnyside,Queens,neighborhood,,,,,,,,,,,,,,,,,,,,,,,,,,,,,,,,,,,,,,,,,,,,,,,1350.0,,,,,1438.0,1450.0,1500.0,1500.0,1450.0,1450.0,1498.0,1450.0,1450.0,1400.0,1495.0,1595.0,1675.0,1675.0,1625.0,1550.0,1550.0,1563.0,1573.0,1550.0,1512.0,1550.0,1599.0,1550.0,1625.0,1625.0,1599.0,1600.0,1600.0,1650.0,1575.0,1585.0,1575.0,1575.0,1550.0,1550.0,1595.0,1595.0,1599.0,1595.0,1575.0,1600.0,1598.0,1530.0,1500.0,1595.0,1650.0,1575.0,1538.0,1600.0,1650.0,1650.0,1650.0,1650.0,1652.0,1650.0,1645.0,1625.0,1600.0,1600.0,1698.0,1613.0,1613.0,1550.0,1650.0,1650.0,1600.0,1650.0,1750.0,1650.0,1650.0,1650.0,1658.0,1650.0,1650.0,1625.0,1625.0,1600.0,1595.0,1575.0,1535.0,1545.0,1550.0,1550.0,1550.0,1550.0,1550.0,1575.0,1648.0,1650.0,1700.0,1675.0,1687.0,1699.0,1650.0,1650.0,1685.0,1725.0,1700.0,1816.0,1808.0,1788.0,1800.0,1800.0,1768.0,1800.0,1750.0,1750.0,1800.0,1900.0,1850.0,1900.0,,,1985.0,,1700.0,1950.0,1800.0,1895.0,1900.0,1988.0,2025.0,2000.0,2025.0,2025.0,1998.0,1900.0,1975.0,1900.0,2013.0,2198.0,2100.0,2100.0,2091.0,2185.0,2200.0,1364.0021480163628,1364.679784124137,1362.5272784668807,1343.2607186528103,1335.4752583121676,1338.5551114290993,1342.532606471946,1337.9186135290859,1337.250817226078,1341.0088052587328,1363.0170281879532,1371.264837642706,1364.0021480163628,1364.679784124137,1362.5272784668807,1343.2607186528103,1335.4752583121676,1338.5551114290993,1342.532606471946,1337.9186135290859,1337.250817226078,1341.0088052587328,1363.0170281879532,1371.264837642706,1364.0021480163628,1364.679784124137,1362.5272784668807,1343.2607186528103,1335.4752583121676,1338.5551114290993,1342.532606471946,1337.9186135290859,1337.250817226078,1341.0088052587328,1363.0170281879532,1371.264837642706,1364.0021480163628,1364.679784124137,1362.5272784668807,1343.2607186528103,1335.4752583121676,1338.5551114290993,1342.532606471946,1337.9186135290859,1337.250817226078,1341.0088052587328,1363.0170281879532,1389.1420681186405,1399.5672410609377,1418.0539267921033,1433.5805528402648,1430.8214173501785,1434.3993515204763,1487.2834571434435,1491.70289607994,1437.023696012722,1436.3064333168984,1488.0231039093198,1463.9812524981721,1472.840010801425,1414.520746091043,1511.2565016782112,1609.800747521981,1666.6382990692275,1656.9785612391709,1611.2237452387305,1541.4263259492714,1536.1287784963579,1548.2392794995258,1562.5235930903605,1564.9454768083908,1535.8166181598308,1566.0765403150833,1616.387388751478,1564.383171573085,1616.8879020820864,1607.5165146350164,1585.4441653149108,1591.1497558186027,1585.681319738176,1634.4176654985397,1564.5102728018549,1600.2829553169674,1599.8089772498236,1591.3358393524234,1566.8545669573427,1564.383171573085,1587.0376638898017,1577.839286672524,1585.4441653149108,1586.1774128316695,1560.905049117267,1584.8898574531295,1587.3570894840407,1544.752631946347,1523.6275973807844,1611.5432785822954,1667.9419583739455,1589.6151582113607,1530.3222113244608,1582.7854913329393,1636.0118028577879,1640.873185687934,1635.233860979994,1634.4176654985397,1640.99744169439,1665.9097011186095,1670.9115984609268,1641.8544374271034,1617.398262665644,1614.8471448496364,1689.5234816833124,1595.6456234500195,1599.325477581583,1541.4263259492714,1635.233860979994,1634.4176654985397,1589.343769195535,1665.9097011186095,1777.5655302775817,1667.1137364644435,1667.9419583739455,1665.3111181261875,1649.7231640935995,1632.2475379370937,1636.0118028577879,1616.0114707532684,1610.4575903590849,1584.8898574531295,1584.3770699167992,1590.1865328859456,1559.178907986336,1561.0246805076154,1566.8545669573427,1564.383171573085,1542.2623066013748,1533.323444728785,1536.8595723815583,1566.288040883937,1633.2517593303212,1634.4176654985397,1688.6777547702561,1691.1507571961642,1713.573171187589,1716.62196257763,1667.9419583739455,1665.3111181261875,1676.5883784666557,1706.440607843325,1685.5879180959028,1805.954972854114,1791.8198913041388,1771.114415703872,1788.011740344977,1817.3560375839377,1795.8490614461512,1818.6695306884837,1769.0293497905482,1766.2390646792896,1791.0142915370802,1879.5577709578654,1834.3162638102472,1889.4903350345908,1911.0763405594473,1938.1882215103894,1971.7796136582108,1860.2658329157807,1726.7779436982223,1970.2253249125242,1819.5730454988495,1912.584587181288,1890.5150855113625,1966.6109729811772,2007.832667143649,1988.9371947732534,2006.877920293629,2005.8762258391168,1984.6930317829244,1918.3202618941566,2006.1096698846995,1919.706726837844,2034.8891892162135,2218.396265237188,2089.516673459927,2077.405957374483,2073.2731392579603,2172.9138852897795,2180.311814639992
Sunset Park,Brooklyn,neighborhood,1500.0,1500.0,1450.0,1450.0,1450.0,1425.0,1400.0,1400.0,,,,,,,,,,,,,,,,,,,,,,,,,,,,,,,,,,,,,,,,,,,,,,,,,,,,,,,,,,,,,,,,,,,,,,,,,,,,,,1523.0,2600.0,1900.0,1950.0,1825.0,,,2200.0,2368.0,,,2025.0,1999.0,2050.0,2050.0,2200.0,2500.0,1495.0,1950.0,1600.0,2000.0,,,1400.0,1450.0,1650.0,1580.0,1650.0,1565.0,1600.0,1650.0,1513.0,,1645.0,,1775.0,1700.0,1700.0,,,1550.0,1495.0,1450.0,,1450.0,1450.0,1458.0,,1800.0,1450.0,1500.0,1500.0,,,1700.0,,1475.0,,1550.0,,,,,,,,,,,,1700.0,1750.0,,,2438.0,,,,,,,2135.0,,,,,,,,,,,,,,,,1950.0,1600.0,2300.0,1800.0,,,1528.539780968206,1509.7325619480673,1399.9122149562575,1433.6826864387026,1426.1539947413808,1400.3734210105195,1422.4586360830153,1392.9424223330539,1425.3314002072457,1404.2834150802744,1418.8976549219678,1432.33663048712,1434.6717610856713,1418.6066529525353,1362.2965366074327,1396.7187720827762,1390.93517858477,1391.3021761780626,1440.0830548982196,1411.770105623929,1444.5751928831319,1423.22172548594,1438.0115734451342,1451.6099491119876,1453.954878322501,1437.6525098878801,1380.5659480068618,1415.4289015715785,1409.5470556514213,1409.8982280845992,1459.3096936057152,1430.5977889148046,1463.8189855590178,1442.1600358916057,1457.1254919683008,1470.8832677368553,1473.2379955593306,1456.698366823225,1398.835359406291,1434.1390310603808,1428.1589327180727,1428.4942799911355,1478.536332313211,1449.4254722056799,1483.0627782349038,1461.0983462972713,1476.2394104914672,1490.156586361723,1492.5211127961602,1475.74422375857,1417.1047708057201,1452.849160549183,1446.7708097847244,1447.090331897672,1497.7629710207066,1468.253155496555,1502.30657091079,1480.0366567029369,1495.3533290146336,1509.4299049865908,1511.80423003299,1494.7900806939147,1435.3741822051493,1471.5592900379852,1465.3826868513759,1465.6863838042086,1516.9896097282024,1487.0808387874306,1521.550363586676,1498.9749671086026,1514.4672475378,1528.7032236114585,1531.0873472698197,1513.8359376292594,1453.6435936045784,1490.2694195267873,1483.9945639180273,1484.2824357107452,1536.2162484356982,1505.9085220783059,1540.7941562625622,1517.9132775142682,1533.5811660609666,1547.9765422363262,1550.3704645066493,1532.8817945646042,2510.187419921565,1878.6186925748518,1917.931234307374,1793.4606970836478,1981.281671687057,2064.539661672205,2237.286465570496,2369.9062907642765,2276.3951771770576,2178.9296289257622,2063.528704307078,2011.9702608894577,1979.186234938157,2026.9306946202348,2163.819854090371,2456.795475457052,1518.982614960077,1940.169802535325,1627.1174295058154,2001.6100428752334,1818.1532253743694,1629.6139325091399,1426.6371289036588,1459.408143216465,1593.0035549502238,1562.2197548780346,1622.864890567778,1537.9539676361144,1625.6670126663032,1641.6821406068136,1538.6429192764367,1580.2711288499968,1661.590030967132,1741.6498903691431,1808.7720741457103,1711.0302368744763,1641.2763899487154,1631.4320224992134,1573.6871666111788,1523.213194783372,1518.982614960077,1442.6903659878058,1474.5751704896452,1451.1672810845441,1464.6234315515753,1484.9856959989536,1659.9942021314716,1811.6790743376807,1399.9122149562575,1483.1200204538304,1475.33171869798,1539.5918312864192,1659.5350754301844,1691.4300842615655,1614.4055745878013,1476.1874066204846,1527.7537518770744,1578.6884971182292,1592.2289385085478,1585.2191900454707,1532.6625112021093,1581.9946884840856,1585.9815976003285,1596.9170590470837,1663.7685832756697,1641.6821406068136,1690.6767040958864,1676.348410908008,1704.5186487884714,1731.464803290961,1783.2964111295737,1992.175989521694,2132.37203133337,2410.5644065776255,2355.331961955642,2310.7916300584616,2345.169814611559,2253.4397105783914,2259.2234952004405,2180.039280982968,2156.5317423190436,2162.7395842577353,2152.056633288153,2113.9401143443665,2016.597682061988,2053.8122449909606,2031.65472095701,2018.5645825224,2075.2655458568274,2020.6992863264547,2053.600162005191,2009.4288321052147,2016.382431196436,2021.4215010479584,2010.6667035485943,1974.2898523641704,1882.6405649411736,1581.9946884840856,2262.1753020035694,1768.8927423290772,1828.875389249591,1790.9259715710693
The Rockaways,Queens,submarket,,,,,,,,,,,,,,,,,,,,,,,,,,,,,,,,,,,,,,,,,,,,,,,,,,,,,,,,,,,,,,,,,,,,,,,,,,,,,,,,,,,,,,,,,,,,,,,,,,,,,,,,,,1450.0,1475.0,,,,,,,1425.0,,,,,,,1279.0,,,,1334.0,,,,,,,,1278.0,,1413.0,1451.0,,,,,,,,,1500.0,,1378.0,,,,,,,,,,,,,1625.0,1675.0,,1700.0,1663.0,,1700.0,,,,1675.0,1675.0,,,,1926.0,,,,,,,,,,,1969.0,,,1457.63441810822,1457.8271355480404,1458.372630904194,1451.1876704845,1444.62273851666,1442.1589540044727,1441.3637982262921,1446.0166083758538,1447.5229089436605,1449.082095036094,1450.457677159485,1454.0258921600691,1457.63441810822,1457.8271355480404,1458.372630904194,1451.1876704845,1444.62273851666,1442.1589540044727,1441.3637982262921,1446.0166083758538,1447.5229089436605,1449.082095036094,1450.457677159485,1454.0258921600691,1457.63441810822,1457.8271355480404,1458.372630904194,1451.1876704845,1444.62273851666,1442.1589540044727,1441.3637982262921,1446.0166083758538,1447.5229089436605,1449.082095036094,1450.457677159485,1454.0258921600691,1457.63441810822,1457.8271355480404,1458.372630904194,1451.1876704845,1444.62273851666,1442.1589540044727,1441.3637982262921,1446.0166083758538,1447.5229089436605,1449.082095036094,1450.457677159485,1454.0258921600691,1457.63441810822,1457.8271355480404,1458.372630904194,1451.1876704845,1444.62273851666,1442.1589540044727,1441.3637982262921,1446.0166083758538,1447.5229089436605,1449.082095036094,1450.457677159485,1454.0258921600691,1457.63441810822,1457.8271355480404,1458.372630904194,1451.1876704845,1444.62273851666,1442.1589540044727,1441.3637982262921,1446.0166083758538,1447.5229089436605,1449.082095036094,1450.457677159485,1454.0258921600691,1457.63441810822,1457.8271355480404,1458.372630904194,1451.1876704845,1444.62273851666,1442.1589540044727,1441.3637982262921,1446.0166083758538,1447.5229089436605,1449.082095036094,1450.457677159485,1454.0258921600691,1457.63441810822,1457.8271355480404,1458.372630904194,1451.1876704845,1444.62273851666,1442.1589540044727,1441.3637982262921,1446.0166083758538,1447.5229089436605,1449.082095036094,1450.457677159485,1454.0258921600691,1457.63441810822,1457.8271355480404,1458.372630904194,1451.1876704845,1444.62273851666,1442.1589540044727,1441.3637982262921,1446.0166083758538,1447.5229089436605,1449.082095036094,1475.4655681449933,1471.9326149699223,1468.4051157789704,1461.4178427784543,1454.780580089159,1440.4646088799345,1426.831818091578,1417.2941444526714,1395.779780568101,1379.4855979215163,1360.101082029132,1340.7221630033457,1321.1311552058562,1303.4661667748246,1285.7340832830437,1299.7282961929168,1314.0440291560892,1321.3313944532144,1329.0529194353273,1319.8240910096106,1312.1380783853142,1309.3929702051696,1303.768909710635,1298.1776837599214,1292.4078061310722,1288.5677733970267,1284.728818167107,1352.76304198613,1421.1589844604318,1452.1884895675926,1451.0432840211786,1453.9835523246627,1458.593894205089,1468.7318118024477,1475.6969180526023,1482.7274494265873,1489.5811332790358,1498.7051552065204,1507.8976739050552,1446.7677572783657,1385.956886473089,1398.1442590805837,1410.748826027304,1427.240068273392,1445.3399742213992,1468.9534235431947,1489.4511587199597,1510.0434797238192,1530.4829283131119,1553.3007634178944,1576.255701788751,1595.5666649067173,1615.273410504921,1626.3310100257324,1668.7883358726936,1678.3746447465846,1689.8747979204804,1658.4314618820997,1678.627428543976,1698.9238355595585,1694.2846142681915,1692.1853055311149,1690.1019761685827,1684.0416910641156,1684.6718322513964,1739.173361644441,1793.82292462017,1853.1742558957474,1914.5287416440267,1924.607309041442,1930.5145654576518,1936.5006179118711,1942.2492206126824,1950.9472174368425,1959.7186496496972,1963.9079411611751,1968.574466668796,1962.7881890509163,1957.8034555345532,1958.3524002998668,1957.272633591427,1963.590828891073
Throgs Neck,Bronx,neighborhood,,,,,,,,,,,,,,,,,,,,,,,,,,,,,,,,,,,,,,,,,,,,,,,,,,,,,,,,,,,,,,,,,,,,,,,,,,,,,,,,,,,,,,,,,,,,,,,,,,,,,,,,,,,,,,,,,,,,,,,,,,,,,,,,,,,,,,,,,,,,,,,,,,,,,,,,,,,,,,,,,,,,,,,,,,,,,,,,,,,,,,,,,,,,,,,,,,,,,,,,,,,,,,,,,,,,,,,,,,,,,,,,,,,,,,,,,,,,,,,,,,,,,,,,,,,,,,,,,,,,,,,,,,,,,,,,,,,,,,,,,,,,,,,,,,,,,,,,,,,,,,,,,,,,,,,,,,,,,,,,,,,,,,,,,,,,,,,,,,,,,,,,,,,,,,,,,,,,,,,,,,,,,,,,,,,,,,,,
Tremont,Bronx,neighborhood,,,,,,,,,,,,,,,,,,,,,,,,,,,,,,,,,,,,,,,,,,,,,,,,,,,,,,,,,,,,,,,,,,,,,,,,,,,,,,,,,,,,,,,,,,,,,,,,,,,,,,,,,,,,,,,1350.0,,,1375.0,,,,,,,,,,,,,,,,,,,,,,,1350.0,1300.0,,,1638.0,,,,1395.0,,,,1425.0,1450.0,,,,1550.0,,,,,,,,,1595.0,,,,,,,,,,,,,,,,,,,,,,,,,,1354.3038661700953,1354.96895297689,1356.1018205103674,1356.234851612418,1356.3224702822445,1358.5694012177898,1350.404487339465,1343.2483108665301,1336.2221293280256,1339.8730921038896,1344.6941765962838,1349.501765473343,1354.3038661700953,1354.96895297689,1356.1018205103674,1356.234851612418,1356.3224702822445,1358.5694012177898,1350.404487339465,1343.2483108665301,1336.2221293280256,1339.8730921038896,1344.6941765962838,1349.501765473343,1354.3038661700953,1354.96895297689,1356.1018205103674,1356.234851612418,1356.3224702822445,1358.5694012177898,1350.404487339465,1343.2483108665301,1336.2221293280256,1339.8730921038896,1344.6941765962838,1349.501765473343,1354.3038661700953,1354.96895297689,1356.1018205103674,1356.234851612418,1356.3224702822445,1358.5694012177898,1350.404487339465,1343.2483108665301,1336.2221293280256,1339.8730921038896,1344.6941765962838,1349.501765473343,1354.3038661700953,1354.96895297689,1356.1018205103674,1356.234851612418,1356.3224702822445,1358.5694012177898,1350.404487339465,1343.2483108665301,1336.2221293280256,1339.8730921038896,1344.6941765962838,1349.501765473343,1354.3038661700953,1354.96895297689,1356.1018205103674,1356.234851612418,1356.3224702822445,1358.5694012177898,1350.404487339465,1343.2483108665301,1336.2221293280256,1339.8730921038896,1344.6941765962838,1349.501765473343,1354.3038661700953,1354.96895297689,1356.1018205103674,1356.234851612418,1356.3224702822445,1358.5694012177898,1350.404487339465,1343.2483108665301,1336.2221293280256,1339.8730921038896,1344.6941765962838,1349.501765473343,1354.3038661700953,1354.96895297689,1356.1018205103674,1356.234851612418,1356.3224702822445,1358.5694012177898,1350.404487339465,1343.2483108665301,1336.2221293280256,1339.8730921038896,1344.6941765962838,1349.501765473343,1354.3038661700953,1354.96895297689,1356.1018205103674,1356.234851612418,1356.3224702822445,1358.5694012177898,1350.404487339465,1343.2483108665301,1336.2221293280256,1339.8730921038896,1344.6941765962838,1349.501765473343,1354.3038661700953,1354.96895297689,1356.1018205103674,1364.6066716840994,1373.0671921375808,1383.728093832934,1374.3246956498258,1365.9602388280416,1357.7393938904736,1360.3703455257687,1364.1824979962298,1367.9732067076804,1371.750614848615,1371.3333123123598,1371.3879924001783,1370.4305465165737,1369.4270352125077,1370.6018194250328,1361.27730929872,1352.9819942786066,1344.829035153005,1347.4247117856346,1351.190283729599,1354.934542306972,1358.6655533397252,1358.2418248439842,1358.285559351769,1357.3268281435069,1356.3224702822445,1308.2520159875014,1413.0899302085563,1517.7047581543807,1621.2828502513378,1565.4183959413776,1510.5397917098255,1455.2127371020883,1399.4473283757652,1407.6621900371026,1416.3730125330505,1424.0465941930388,1431.673718631258,1459.2041716783667,1475.441939870897,1492.4981231850336,1509.4361090557327,1538.3728094526139,1548.8884774868307,1559.4242623247521,1569.9892967082958,1575.7787082768277,1582.1187905954287,1587.29708559083,1592.423048442487,1600.0928503231746,1595.4778943010717,1587.0230043200856,1578.7217009468156,1583.035245856077,1588.7312679044983,1594.4113451333203,1600.0849381787423,1600.870725924548,1602.2091879363231,1602.3663617198567,1602.469881555689,1605.1245888462036,1595.4778943010717,1587.0230043200856,1578.7217009468156,1583.035245856077,1588.7312679044983,1594.4113451333203,1600.0849381787423,1600.870725924548,1602.2091879363231,1602.3663617198567,1602.469881555689,1605.1245888462036,1595.4778943010717,1587.0230043200856
Tribeca,Manhattan,neighborhood,4500.0,4025.0,3048.0,3350.0,3113.0,3225.0,3425.0,3395.0,3373.0,2950.0,2895.0,2998.0,3095.0,3350.0,3225.0,2995.0,3095.0,2995.0,3195.0,3050.0,3195.0,3200.0,3095.0,2850.0,3695.0,3495.0,3163.0,3060.0,3725.0,3695.0,3223.0,3195.0,2750.0,3395.0,3823.0,3895.0,4300.0,3750.0,2995.0,3295.0,3000.0,3000.0,3000.0,3100.0,3200.0,3495.0,3423.0,3295.0,3295.0,3995.0,3495.0,3200.0,3200.0,3250.0,3585.0,3350.0,3295.0,3323.0,3095.0,3348.0,3295.0,3785.0,3595.0,3880.0,4000.0,3850.0,3923.0,4050.0,3750.0,3500.0,3500.0,3500.0,3595.0,3650.0,3500.0,3590.0,3818.0,3645.0,3723.0,3750.0,3723.0,3993.0,4090.0,3750.0,3675.0,3570.0,3570.0,3200.0,3290.0,3720.0,3625.0,3570.0,3815.0,3750.0,3500.0,3623.0,3548.0,3495.0,3495.0,3675.0,3633.0,3960.0,3603.0,4200.0,4390.0,4343.0,4490.0,4000.0,3950.0,3955.0,3683.0,3790.0,3950.0,4065.0,4040.0,4025.0,4200.0,4250.0,4200.0,3950.0,3625.0,3590.0,3428.0,3407.0,3407.0,3450.0,3500.0,3315.0,3300.0,3161.0,3185.0,3375.0,3150.0,3225.0,3294.0,3225.0,3373.0,3850.0,4000.0,4800.0,4548.0,4550.0,4675.0,5470.0,4675.0,4938.0,4515.0,4695.0,4500.0,4875.0,4643.0,4863.0,4863.0,4863.0,4940.0,4875.0,4820.0,4875.0,4900.0,4818.0,4695.0,4590.0,4645.0,4525.0,4615.0,4850.0,4690.0,4425.0,4694.0,4650.0,4694.0,4707.0,4375.0,4277.0,4261.0,4255.0,4650.0,4650.0,4695.0,4695.0,4500.0,4582.0,4650.0,4704.0,4755.0,4687.0,4804.0,4817.0,4457.038657714025,3925.9808749899644,3138.6860475688522,3465.2291877228226,3182.9228907398133,3238.3765699631317,3447.836926320183,3366.0750824478732,3339.84829838023,2898.325014039575,2851.3387517023284,2973.1833251728017,3065.4521434722014,3267.5865667618336,3320.9522648981456,3098.018333501449,3164.5185823449156,3007.4225820277766,3216.3033517059807,3024.014433421506,3163.597780410565,3143.945777941234,3048.32243057641,2826.4084312016294,3659.723964500738,3409.0194181589877,3257.107601200879,3165.2541237109963,3808.669376166336,3710.326023570162,3244.4900477459705,3167.7790540267906,2722.971485486402,3335.529973784528,3765.343021678066,3862.7581893088936,4258.948050704513,3657.7461568229483,3084.109157634092,3408.337365237821,3067.3847324829553,3012.4433208959367,3020.003147141766,3073.5884405267766,3168.548637656904,3433.7782793451915,3371.3756639299036,3267.724835371708,3263.542750481714,3896.7189057353808,3598.9854777733394,3310.0696718546365,3271.877047981819,3263.480264303931,3608.90376083441,3321.4584760531297,3262.6149253373433,3264.7911937808503,3048.32243057641,3320.286114969493,3263.542750481714,3691.885120953296,3701.9607418011888,4013.4594771237466,4089.846309977274,3865.968928483119,3949.157448745716,4015.4945755269177,3713.1429347541844,3438.6906946232248,3447.2143802964247,3471.0278979669133,3560.678660995982,3560.2062593076694,3604.1342409747317,3713.4844131119203,3903.758302873308,3660.118634888563,3747.8239056029315,3718.0505328952945,3686.408305623954,3923.0548410372962,4028.316232974965,3718.9584621074073,3639.9149037997868,3482.1743412954465,3676.2169257942264,3310.0696718546365,3363.8985899563077,3735.4297179109612,3649.170469462967,3539.58410731632,3777.50407895659,3684.3114585248836,3447.2143802964247,3593.0097355240364,3514.1273683487466,3409.0194181589877,3598.9854777733394,3801.408138770559,3714.602911036859,3976.4251835826362,3627.023779717261,4164.21659684273,4346.852662285565,4266.923910499619,4422.283590723127,3966.889026247901,3912.289488437866,3857.702946729269,3792.5789741456965,3920.363767602835,4038.7232311025577,4081.860699813994,4066.937571484245,3990.7075719742825,4158.720086924686,4175.552986328202,4136.65725635571,3917.3029134198023,3590.392252047409,3501.6823207985026,3529.99205087468,3524.1898037527335,3483.526594523143,3464.309819030327,3523.337004998727,3286.7566710794404,3267.565782583682,3105.628938772575,3136.9650860697466,3347.0626158966666,3119.9270603998175,3145.6616948677356,3392.005197077362,3335.929591166001,3448.762900888336,3865.968928483119,4026.670862855688,4759.104682105977,4503.299751269875,4470.297903010192,4604.4934936816535,5424.720743394005,4630.367938847348,4816.520139304458,4649.333170857404,4856.492846674225,4601.077098724433,4895.220396455897,4673.95820405974,4821.567931058617,4815.203757789226,4777.815099415069,4865.496868189811,4834.646000739629,4773.983628929244,4755.070003869832,5045.787937364625,4983.723649686137,4800.457106335825,4609.038280970783,4675.971539491167,4486.447643026989,4569.641238370816,4765.042819692183,4619.26726959721,4388.3709852867405,4649.186546513251,4535.605234460456,4833.6588934672545,4868.90560794368,4473.269401537643,4294.740027823974,4289.411136657021,4218.748004658527,4604.297239095188,4568.546208570856,4624.191861569061,4656.135994558474,4457.038657714025,4469.278104150067,4788.349777295,4865.802417626315,4861.804800985484,4706.440615013085,4836.031706289681,4775.959844521769
University Heights,Bronx,neighborhood,,,,,,,,,,,,,,,,,,,,,,,,,,,,,,,,,,,,,,,,,,,,,,,,,,,,,,,,,,,,,,,,1111.0,1111.0,1039.0,,,,,,,,,,,,,,,,,,,,,,,,,,,,,,,,,,,,,,,,,,,,,,,,,,,,,,,,,,,,,,,,,,,,,,,,,,,,,,,,1450.0,1450.0,,,,,,,,,,,,,,,,,,,,,,,,,,,,,,,,,,,,,,,,,,1110.097252061691,1109.6131676014265,1109.2847356642164,1109.0573093057606,1108.835580965146,1113.9149979093495,1113.1816265695174,1112.6497018290245,1112.122548893062,1111.6008911115011,1111.0856260041096,1110.5852787820656,1110.097252061691,1109.6131676014265,1109.2847356642164,1109.0573093057606,1108.835580965146,1113.9149979093495,1113.1816265695174,1112.6497018290245,1112.122548893062,1111.6008911115011,1111.0856260041096,1110.5852787820656,1110.097252061691,1109.6131676014265,1109.2847356642164,1109.0573093057606,1108.835580965146,1113.9149979093495,1113.1816265695174,1112.6497018290245,1112.122548893062,1111.6008911115011,1111.0856260041096,1110.5852787820656,1110.097252061691,1109.6131676014265,1109.2847356642164,1109.0573093057606,1108.835580965146,1113.9149979093495,1113.1816265695174,1112.6497018290245,1112.122548893062,1111.6008911115011,1111.0856260041096,1110.5852787820656,1110.097252061691,1109.6131676014265,1109.2847356642164,1109.0573093057606,1108.835580965146,1113.9149979093495,1113.1816265695174,1112.6497018290245,1112.122548893062,1111.6008911115011,1111.0856260041096,1110.5852787820656,1110.097252061691,1109.6131676014265,1109.2847356642164,1109.0573093057606,1108.835580965146,1041.7260871537483,1046.18783133414,1050.8330476027452,1055.4778731635513,1060.1230640658785,1064.7695566482903,1069.4256488506062,1074.089034490878,1078.7517392675973,1083.5620101893744,1088.4683741082526,1093.3782532781995,1103.537841988232,1107.9588909903152,1112.5745904630144,1117.1901640179685,1121.806407843578,1126.4243080822719,1131.052635742518,1135.688940512123,1140.3247831763533,1145.1168292296077,1150.0105731349856,1154.9081484775704,1165.3495968227155,1169.7299506464906,1174.316133323284,1178.9024548723855,1183.4897516212773,1188.0790595162532,1192.6796226344304,1197.288846533368,1201.8978270851096,1206.6716482698405,1211.5527721617182,1216.4380436769416,1227.1613516571995,1231.501010302666,1236.0576761835532,1240.6147457268023,1245.1730953989768,1249.7338109502346,1254.3066095263425,1258.8887525546131,1263.4708709938654,1268.2264673100738,1273.0949711884512,1277.9679388763127,1288.973106491683,1293.272069958841,1297.7992190438229,1302.3270365812193,1306.8564391766763,1311.388562384216,1315.9335964182546,1320.4886585758582,1325.0439149026215,1329.7812863503068,1334.637170215184,1339.4978340756836,1350.7848613261667,1355.0431296150164,1359.5407619040923,1364.0393274356363,1368.5397829543756,1373.0433138181975,1377.5605833101667,1382.0885645971034,1386.6169588113773,1391.3361053905398,1396.1793692419167,1401.0277292750548,1412.5966161606505,1416.8141892711915,1421.2823047643617,1425.7516182900533,1430.2231267320751,1434.698065252179,1439.1875702020786,1443.6884706183482,1448.1900027201336,1447.76135617742,1447.4645350975275,1447.175150674583,1453.804452716973,1452.8473074039605,1452.1530761944964,1451.4650728127272,1450.7842413246415,1450.1117531106743,1449.4587346840642,1448.8217961201187,1448.1900027201336,1447.76135617742,1447.4645350975275,1447.175150674583,1453.804452716973,1452.8473074039605,1452.1530761944964,1451.4650728127272,1450.7842413246415,1450.1117531106743,1449.4587346840642,1448.8217961201187,1448.1900027201336,1447.76135617742,1447.4645350975275,1447.175150674583,1453.804452716973,1452.8473074039605,1452.1530761944964,1451.4650728127272,1450.7842413246415,1450.1117531106743,1449.4587346840642,1448.8217961201187,1448.1900027201336,1447.76135617742,1447.4645350975275,1447.175150674583,1453.804452716973,1452.8473074039605,1452.1530761944964
Upper East Side,Manhattan,neighborhood,1750.0,1750.0,1750.0,1780.0,1800.0,1750.0,1750.0,1700.0,1750.0,1800.0,1750.0,1750.0,1750.0,1750.0,1655.0,1695.0,1700.0,1825.0,1850.0,1850.0,1898.0,1900.0,1875.0,1925.0,1875.0,1875.0,1850.0,1850.0,1850.0,1850.0,1850.0,1895.0,1895.0,1895.0,1850.0,1900.0,1895.0,1950.0,1925.0,1850.0,1895.0,1949.0,1900.0,1900.0,1895.0,1900.0,1950.0,1900.0,1880.0,1900.0,1925.0,1927.0,1900.0,1900.0,1900.0,1925.0,1900.0,1950.0,1900.0,1900.0,1900.0,1900.0,1950.0,2038.0,2075.0,2070.0,2050.0,2100.0,2137.0,2150.0,2100.0,2100.0,2100.0,2099.0,2150.0,2100.0,2125.0,2150.0,2150.0,2149.0,2150.0,2100.0,2099.0,2100.0,2100.0,2050.0,2100.0,2100.0,2100.0,2100.0,2100.0,2100.0,2099.0,2075.0,2050.0,2075.0,2050.0,2075.0,2095.0,2100.0,2095.0,2050.0,2050.0,2100.0,2100.0,2149.0,2125.0,2150.0,2100.0,2150.0,2150.0,2150.0,2175.0,2150.0,2108.0,2150.0,2153.0,2150.0,2195.0,2263.0,2250.0,2245.0,2250.0,2245.0,2150.0,2050.0,1995.0,1950.0,1900.0,1850.0,1825.0,1800.0,1799.0,1800.0,1799.0,1800.0,1850.0,1895.0,1950.0,2000.0,2075.0,2050.0,2075.0,2150.0,2250.0,2350.0,2300.0,2350.0,2500.0,2450.0,2443.0,2497.0,2495.0,2450.0,2500.0,2500.0,2500.0,2600.0,2511.0,2525.0,2550.0,2600.0,2600.0,2600.0,2500.0,2500.0,2500.0,2595.0,2575.0,2600.0,2613.0,2647.0,2650.0,2650.0,2650.0,2695.0,2650.0,2695.0,2750.0,2800.0,2800.0,2800.0,2800.0,2800.0,2895.0,2950.0,2975.0,2975.0,1757.452207422139,1746.1239184336332,1754.3305023257096,1782.9435110888294,1793.7250352303627,1742.7250884545822,1753.1468860914356,1694.2881777331306,1747.179587823734,1800.2100369407367,1760.974696201924,1747.159928948922,1757.452207422139,1746.1239184336332,1659.0954179137425,1697.8029501660483,1694.0736443842313,1817.4133065312071,1853.3267081538033,1843.7841934154658,1894.941061536827,1900.2217056596667,1886.7586030734901,1921.8759218438142,1882.984507952292,1870.847055464607,1854.5779596014645,1853.0592671428844,1843.5507306534282,1842.3093792234154,1853.3267081538033,1888.6329981201663,1891.945896529129,1895.2211222237202,1861.6018216991768,1896.916494287401,1903.0696760371163,1945.6809376831914,1929.7635525582805,1853.0592671428844,1888.3938565341873,1940.8978270845605,1903.4166191849872,1893.6161986429108,1891.945896529129,1900.2217056596667,1962.2289471964295,1896.916494287401,1888.0057999734981,1895.7916828708017,1929.7635525582805,1930.186598802345,1893.3764260764938,1892.101524607832,1903.4166191849872,1918.5322012566332,1896.9378382086254,1950.2275400191315,1911.9153844478033,1896.916494287401,1908.0909680583225,1895.7916828708017,1954.8254168772191,2041.3701548309182,2067.7663600572237,2061.3948189148487,2053.686352278539,2092.944219552691,2133.555873816754,2150.250877456991,2113.169635442309,2096.5919147387062,2108.942648906567,2094.350917024112,2155.320331428729,2103.4726816216526,2117.592055480289,2141.062251529915,2153.8661743409066,2141.779584675587,2146.5349221834445,2100.2450430975264,2112.1633641873364,2096.5919147387062,2108.942648906567,2045.4594473079703,2105.1966027908516,2103.4726816216526,2092.6792077687564,2091.2701061454986,2103.7762633097227,2092.944219552691,2095.6171170525813,2075.2421259177936,2062.8560726936826,2071.632487182293,2058.729728694506,2070.404074714165,2100.184229927064,2103.4726816216526,2087.69663822645,2041.477960761082,2053.686352278539,2092.944219552691,2096.615505388481,2149.2507607698017,2138.326416816622,2146.5107698515326,2108.942648906567,2145.2379569327495,2155.320331428729,2153.5553645174064,2167.4177509033548,2141.062251529915,2111.790649074712,2142.776224780136,2149.5300871911422,2150.250877456991,2208.765404664699,2259.3273824065204,2259.5814095427504,2240.0275410762893,2255.5677887044835,2248.712462019338,2142.504903191822,2041.477960761082,1998.5874501442365,1943.4482038703559,1896.9378382086254,1850.2158713002018,1836.4450403248636,1797.0787840617484,1806.660869229959,1796.0131732460227,1803.4517563908294,1802.9765842471309,1843.5507306534282,1887.1223100693906,1953.506530216171,1993.2802090978007,2071.6557969909986,2050.2392087380613,2088.0128540679957,2146.5107698515326,2259.5814095427504,2344.7949761823074,2305.6915173423613,2353.8860961004207,2491.2847711532813,2439.8151238364153,2447.393052983644,2488.6103410586043,2490.978898068695,2450.2858836137807,2515.67813743132,2495.942755641317,2510.646010603056,2594.241250244255,2517.213652194204,2529.1754862355583,2541.110466576347,2589.191559989665,2604.6753736215614,2591.264271827141,2495.9708397481913,2500.2917179732453,2515.67813743132,2590.7885803556874,2585.9653909211474,2594.241250244255,2619.4660586154737,2651.3772325011973,2640.761857422478,2638.9837053740816,2654.7652846527453,2685.9450817592865,2645.729090133083,2695.3144719751585,2767.245951174452,2795.455886318275,2811.9235318754227,2793.798269493813,2806.9288037211354,2804.6302421622036,2884.9077649954997,2937.7365776805814,2980.3497063554405,2965.004311032979
Upper West Side,Manhattan,neighborhood,1800.0,1800.0,1795.0,1800.0,1895.0,1895.0,1800.0,1895.0,1995.0,2000.0,2000.0,1895.0,1923.0,1950.0,1950.0,1963.0,2000.0,2000.0,2000.0,2150.0,2175.0,2095.0,2050.0,2050.0,2000.0,2000.0,2000.0,2095.0,2035.0,2033.0,2150.0,2171.0,2150.0,2100.0,2156.0,2150.0,2117.0,2163.0,2150.0,2150.0,2100.0,2100.0,2100.0,2150.0,2200.0,2200.0,2150.0,2158.0,2150.0,2185.0,2200.0,2200.0,2200.0,2200.0,2200.0,2200.0,2250.0,2200.0,2200.0,2200.0,2195.0,2200.0,2250.0,2300.0,2350.0,2337.0,2300.0,2300.0,2300.0,2300.0,2273.0,2300.0,2295.0,2300.0,2300.0,2300.0,2350.0,2399.0,2350.0,2325.0,2350.0,2350.0,2300.0,2300.0,2250.0,2299.0,2295.0,2250.0,2300.0,2300.0,2295.0,2300.0,2300.0,2275.0,2298.0,2300.0,2275.0,2300.0,2295.0,2300.0,2300.0,2295.0,2300.0,2295.0,2200.0,2203.0,2269.0,2300.0,2300.0,2350.0,2400.0,2350.0,2325.0,2300.0,2300.0,2300.0,2350.0,2363.0,2450.0,2451.0,2485.0,2450.0,2391.0,2295.0,2200.0,2195.0,2100.0,2000.0,1995.0,1950.0,1895.0,1900.0,1895.0,1949.0,1950.0,1995.0,2100.0,2197.0,2200.0,2250.0,2300.0,2363.0,2495.0,2499.0,2550.0,2500.0,2611.0,2700.0,2700.0,2800.0,2798.0,2788.0,2825.0,2825.0,2800.0,2885.0,2803.0,2850.0,2870.0,2863.0,2877.0,2895.0,2900.0,2900.0,2900.0,2936.0,2995.0,3000.0,2995.0,2995.0,2995.0,2900.0,2995.0,3000.0,2950.0,2950.0,2900.0,2863.0,2925.0,2925.0,2995.0,2989.0,3038.0,3198.0,3128.0,3250.0,3300.0,3399.0,1813.6856776925888,1805.5221732151035,1794.067404988459,1801.179245443149,1891.6619041672177,1884.3111759745286,1805.0515504540044,1890.6395685000866,1981.8675517193558,2003.767900176901,1998.642133405361,1898.0959154740117,1937.620865668249,1955.982354316362,1948.9868744999974,1964.28603266939,1996.476943712103,1988.718919234331,2005.6128338377828,2145.052808588489,2160.682669167719,2098.946875435304,2048.608186740495,2053.3491433887725,2015.206308547321,2006.1357480167817,1998.9608969230742,2096.3725106685542,2031.4152902270648,2021.5327814016973,2156.0337963756165,2166.004487184004,2135.8472361887793,2103.956295185746,2154.536219810979,2153.5125162370055,2133.095877597339,2169.635811480149,2148.882964192305,2151.408543168206,2096.3007908977083,2088.1548651960475,2105.893475529672,2145.052808588489,2185.518102146658,2204.1446901945915,2148.540293410763,2161.525586064864,2166.34678168837,2191.703304708334,2198.8569866153816,2201.441299986071,2196.1246380833136,2187.590811157764,2206.174117221561,2194.9377576254305,2235.188968104537,2204.1446901945915,2198.506346745897,2203.5942026611215,2211.6889236306847,2206.74932281846,2248.8310090384584,2301.5068136218015,2345.860408861721,2323.8180571253156,2306.45475891345,2294.707655699314,2284.8598340624153,2304.3330852034364,2271.4567846151926,2303.7575755093544,2312.449239058051,2307.0561102192987,2298.8050314615352,2301.5068136218015,2345.860408861721,2385.46834362158,2356.5950797593946,2319.6501302177844,2334.530700020294,2354.427282707859,2298.438453416165,2303.7575755093544,2267.107097115736,2306.0530423452906,2293.8076292192277,2251.4740568039365,2295.9484852689184,2287.0267571194804,2301.4407268288555,2294.707655699314,2284.8598340624153,2279.285986451225,2296.43981128276,2303.7575755093544,2292.2971759725774,2307.0561102192987,2293.8076292192277,2301.5068136218015,2295.9484852689184,2282.0549598213947,2306.45475891345,2289.7191607956197,2185.518102146658,2207.1503420448566,2267.459500348382,2303.7575755093544,2317.4872548294193,2357.2095039197184,2398.753076307689,2351.539570439667,2320.90444706532,2287.0267571194804,2306.45475891345,2294.707655699314,2334.530700020294,2367.4517740590086,2448.336613421567,2455.004268510186,2503.8938383700465,2457.5162913205577,2389.757752271535,2296.503537940015,2196.1246380833136,2182.619013859678,2105.893475529672,1995.397961477664,1981.8675517193558,1953.6737026724786,1893.7134214015796,1903.1040841164233,1909.4079773485867,1954.9792864423537,1948.9868744999974,1996.3069970328236,2096.3007908977083,2184.6077327789126,2206.174117221561,2244.822706662372,2284.8598340624153,2367.4517740590086,2493.3060614231877,2503.082687477338,2569.3880433978343,2507.669685020977,2609.6434509330734,2701.7688681647237,2695.2438740113394,2784.2064869280634,2805.852354539058,2781.5847582998636,2806.4039266201403,2830.322158999873,2798.0989867675053,2889.7133066715164,2824.3116414290703,2858.743440923914,2868.5088870846116,2864.8756553909643,2871.9320835298604,2878.670635591694,2908.1386090647848,2893.327044142613,2880.9102255569583,2941.531277459691,2992.966594774528,3004.901185446984,3017.771447049613,3004.1882826551305,2993.4439431423034,2901.8998954361846,2989.7242232088743,2983.0783788514964,2958.2789299107294,2943.2119931795546,2880.9102255569583,2868.393749103234,2923.01412010534,2929.7786558108096,3017.771447049613,2998.1698754110803,3036.4216024261495,3200.0951260706615,3122.4899399657293,3231.668243755788,3309.2611758323415,3391.17883553129
Utopia,Queens,neighborhood,,,,,,,,,,,,,,,,,,,,,,,,,,,,,,,,,,,,,,,,,,,,,,,,,,,,,,,,,,,,,,,,,,,,,,,,,,,,,,,,,,,,,,,,,,,,,,,,,,,,,,,,,,,,,,,,,,,,,,,,,,,,,,,,,,,,,,,,,,,,,,,,,,,,,,,,,,,,,,,,,,,,,,,,,,,,,,,,,,,,,,,,,,,,,,,,,,,,,,,,,,,,,,,,,,,,,,,,,,,,,,,,,,,,,,,,,,,,,,,,,,,,,,,,,,,,,,,,,,,,,,,,,,,,,,,,,,,,,,,,,,,,,,,,,,,,,,,,,,,,,,,,,,,,,,,,,,,,,,,,,,,,,,,,,,,,,,,,,,,,,,,,,,,,,,,,,,,,,,,,,,,,,,,,,,,,,,,,
Van Nest,Bronx,neighborhood,,,,,,,,,,,,,,,,,,,,,,,,,,,,,,,,,,,,,,,,,,,,,,,,,,,,,,,,,,,,,,,,,,,,,,,,,,,,,,,,,,,,,,,,,,,,,,,,,,,,,,,,,,,,,,,,,,,,,,,,,,,,,,,,,,,,,,,,,,,,,,,,,,,,,,,,,,,,,,,,,,,,,,,,,,,,,,,,,,,,,,,,,,,,,,,,,,,,,,,,,,,,,,,,,,,,,,,,,,,,,,,,,,,,,,,,,,,,,,,,,,,,,,,,,,,,,,,,,,,,,,,,,,,,,,,,,,,,,,,,,,,,,,,,,,,,,,,,,,,,,,,,,,,,,,,,,,,,,,,,,,,,,,,,,,,,,,,,,,,,,,,,,,,,,,,,,,,,,,,,,,,,,,,,,,,,,,,,
Wakefield,Bronx,neighborhood,,,,,,,,,,,,,,,,,,,,,,,,,,,,,,,,,,,,,,,,,,,,,,,,,,,,,,,,,,,,,,,,,,,,,,,,,,,,,,,,,,,,,,,,,,,,,,,,,,,,,,,,,,,,,,,,,,,,,,,,,,,,,,,,,,,,,,,,,,,,,,,,,,,,,,,,,,,,,,,,,,,,,,,,,,,,,,,,,,,,,,,,,,,,,,,,,,,,,,,,,,,,,,,,,,,,,,,,,,,,,,,,,,,,,,,,,,,,,,,,,,,,,,,,,,,,,,,,,,,,,,,,,,,,,,,,,,,,,,,,,,,,,,,,,,,,,,,,,,,,,,,,,,,,,,,,,,,,,,,,,,,,,,,,,,,,,,,,,,,,,,,,,,,,,,,,,,,,,,,,,,,,,,,,,,,,,,,,
Washington Heights,Manhattan,neighborhood,,1100.0,1150.0,1115.0,1100.0,1200.0,1183.0,,,,1100.0,,,,,,1260.0,1330.0,1230.0,1328.0,,,,,1088.0,1195.0,1195.0,1250.0,1250.0,1273.0,1250.0,1350.0,1350.0,1400.0,1400.0,1375.0,1387.0,1363.0,1300.0,1295.0,1310.0,1338.0,1350.0,1395.0,1399.0,1350.0,1350.0,1350.0,1395.0,1395.0,1350.0,1350.0,1363.0,1350.0,1350.0,1395.0,1350.0,1350.0,1371.0,1371.0,1400.0,1415.0,1450.0,1400.0,1450.0,1450.0,1450.0,1473.0,1495.0,1499.0,1500.0,1450.0,1495.0,1475.0,1500.0,1530.0,1495.0,1500.0,1500.0,1500.0,1550.0,1548.0,1600.0,1650.0,1625.0,1550.0,1550.0,1550.0,1595.0,1585.0,1595.0,1645.0,1625.0,1695.0,1635.0,1650.0,1595.0,1600.0,1595.0,1650.0,1650.0,1673.0,1650.0,1600.0,1656.0,1695.0,1662.0,1662.0,1648.0,1662.0,1650.0,1663.0,1709.0,1750.0,1735.0,1718.0,1695.0,1700.0,1700.0,1697.0,1700.0,1750.0,1745.0,1750.0,1795.0,1700.0,1675.0,1650.0,1650.0,1650.0,1600.0,1550.0,1600.0,1575.0,1595.0,1600.0,1595.0,1630.0,1625.0,1651.0,1663.0,1675.0,1695.0,1750.0,1750.0,1700.0,1700.0,1750.0,1825.0,1850.0,1985.0,1898.0,1895.0,1900.0,1850.0,1800.0,1795.0,1850.0,1800.0,2000.0,2008.0,1995.0,2000.0,2000.0,2050.0,2038.0,2100.0,2000.0,1975.0,2038.0,1950.0,1950.0,1995.0,2000.0,2175.0,2083.0,2087.0,2075.0,2180.0,2152.0,2125.0,2075.0,1950.0,2179.0,2145.0,2200.0,2250.0,2225.0,1112.5147535163933,1110.9612352216645,1171.5060968693924,1121.4450802001631,1094.9080425836617,1190.9640337645933,1172.5976302170816,1146.983239053794,1130.0221014806204,1112.1152355609543,1097.6584522509365,1137.1898906612519,1166.454862777794,1191.7584159650582,1229.2324842513626,1240.4624205502553,1254.1673942321943,1319.9851374224243,1219.1843492536013,1310.556026210745,1267.1294699038056,1222.5081152898467,1181.4796431500988,1146.6103986312266,1100.378228932578,1206.9078873544447,1217.3476397903687,1257.2254262333668,1244.213684754161,1263.414345818606,1239.0084850138226,1332.2670447172482,1336.4256127891701,1389.2137673748257,1397.0198483193735,1387.842692005226,1402.7799664793067,1376.5819669155717,1324.3112399393133,1302.485541577768,1303.9359416223608,1327.9248976475217,1338.1291638149282,1376.6759462078232,1384.932912808925,1339.598989968582,1347.1262823079674,1362.6091885142216,1410.8709828685169,1408.900839212929,1375.2462876292868,1357.8034603320361,1356.6906018559373,1339.8345379851676,1338.1291638149282,1376.6759462078232,1336.4256127891701,1339.598989968582,1368.081580032758,1383.8053314466651,1415.9278681117733,1429.1001343987775,1477.1163830092341,1408.0924773813708,1443.287874314827,1439.0815407988837,1437.2498426160341,1453.651375458153,1479.9676230517105,1487.4510266391885,1496.806980342186,1463.543202478238,1512.0086877336435,1489.698019956323,1528.0514306992077,1538.8439217096409,1488.0795669659767,1488.7050422057416,1486.810182016587,1480.2967163524982,1534.4145924616396,1536.0735084973073,1596.5941123649984,1665.411230406271,1643.487704058308,1565.4453769032546,1578.9864783891812,1558.959528529375,1587.6166617463095,1573.0649945974005,1580.9748268776375,1623.3920655999061,1608.6604598388158,1681.940954071664,1631.5196085729829,1665.411230406271,1613.14639259877,1615.9436148678756,1624.8280213101575,1659.5375626280443,1642.3620638754926,1660.4023570734705,1635.4912002182457,1578.9831641093313,1639.3487516880487,1681.940954071664,1658.4621342191422,1677.523312081953,1666.7493761772873,1678.5614299440058,1680.8565737691283,1672.6127070608711,1701.088949795889,1736.822549240032,1719.7437771991856,1695.4331724623944,1677.9566027241801,1686.9024318122886,1696.3812443878107,1712.8502169693588,1719.3409827071532,1767.438328761739,1777.6331643800781,1760.1155967267134,1786.6908513069752,1687.199047833174,1660.2713699185222,1628.326387987748,1633.4090822978744,1637.2876544060448,1596.5941123649984,1564.4772164422545,1618.2032778420264,1590.6944958855652,1624.8280213101575,1609.2485455787096,1587.6166617463095,1617.7261458635726,1610.7110305179692,1629.3132524653163,1646.278365976585,1662.0950431091667,1691.3918877866702,1766.3452443702874,1769.9098351397165,1716.9400907971178,1731.791621459102,1760.1155967267134,1816.5519797410752,1836.069552053748,1967.5454742019501,1873.0687784246943,1875.9455823966498,1885.3615414372637,1846.0619424220295,1816.8122513522956,1815.4218023290234,1868.4348046909813,1833.6617168390492,2011.5606819733869,1998.7048631890843,1979.9777061336365,1982.413576022116,1973.7289551366641,2029.3870416428138,2022.2983270784964,2095.5297724790603,2018.6802792803285,1997.4696710862513,2058.308179437957,1986.46685990897,1961.2716649240522,1985.7650408676411,1984.9400562743224,2155.874763924051,2055.6387067748356,2066.0150028822204,2059.0132623591167,2175.3594780973103,2172.0999805056335,2149.176228383941,2095.676875531776,1986.46685990897,2191.595363010005,2135.0706830381405,2183.4340619017544,2230.2152730248804,2195.7734625895387
West Harlem,Manhattan,neighborhood,,,,,,,,,,,,,,,,,,,,,,,,,,,,,,,,,,,,,,,,,,,,,,,,,,,,,,,,,,,,,,,,,,,,,,,,,,,,1513.0,,,,,,,,,,,,,,,,,,,,,,,,,,1950.0,1845.0,1895.0,1885.0,1795.0,1795.0,1785.0,1825.0,1895.0,,,,,,1995.0,,1650.0,,,,,,,,,,1803.0,1640.0,,,,,,,1728.0,,,,,,,1900.0,1900.0,,,,,,,,,,,,,,,,,,2350.0,,,,,,,,,,,,,,,,,,,,,,,,2900.0,3025.0,3600.0,1520.9980166000437,1516.1344908287635,1511.8994710449022,1508.9283058007572,1504.2125578816256,1499.6414490422478,1502.8768527341285,1497.1520995428634,1515.4496385222103,1528.3372051446233,1525.8562514139533,1525.3463885656038,1520.9980166000437,1516.1344908287635,1511.8994710449022,1508.9283058007572,1504.2125578816256,1499.6414490422478,1502.8768527341285,1497.1520995428634,1515.4496385222103,1528.3372051446233,1525.8562514139533,1525.3463885656038,1520.9980166000437,1516.1344908287635,1511.8994710449022,1508.9283058007572,1504.2125578816256,1499.6414490422478,1502.8768527341285,1497.1520995428634,1515.4496385222103,1528.3372051446233,1525.8562514139533,1525.3463885656038,1520.9980166000437,1516.1344908287635,1511.8994710449022,1508.9283058007572,1504.2125578816256,1499.6414490422478,1502.8768527341285,1497.1520995428634,1515.4496385222103,1528.3372051446233,1525.8562514139533,1525.3463885656038,1520.9980166000437,1516.1344908287635,1511.8994710449022,1508.9283058007572,1504.2125578816256,1499.6414490422478,1502.8768527341285,1497.1520995428634,1515.4496385222103,1528.3372051446233,1525.8562514139533,1525.3463885656038,1520.9980166000437,1516.1344908287635,1511.8994710449022,1508.9283058007572,1504.2125578816256,1499.6414490422478,1502.8768527341285,1497.1520995428634,1515.4496385222103,1528.3372051446233,1525.8562514139533,1525.3463885656038,1520.9980166000437,1516.1344908287635,1511.8994710449022,1508.9283058007572,1520.9226317998287,1532.960037340151,1552.962560038375,1563.678660883067,1599.6241634134358,1630.205631396319,1644.5098248817271,1660.9051606034643,1673.0668863770525,1684.5596198368905,1696.649604689542,1710.0778313388926,1721.443518818265,1732.8715671275718,1753.30538925536,1763.2583449036774,1801.643023152377,1833.94248389971,1847.915950826482,1864.2433186602548,1875.8253794130644,1886.6697746466427,1898.1952050291493,1911.2273568770281,1921.9644058367012,1932.7830969149923,1832.6555144048032,1875.150845098299,1888.0519290246968,1813.1958250063442,1810.252459542661,1799.565964038072,1834.6473101752015,1898.9258824325889,1910.276154757108,1923.143919157828,1933.7035195504045,1944.3467564691846,1965.0967439914193,1974.1033962908214,1825.4507377440373,1666.7259672760267,1679.4503737472944,1694.3140387464334,1704.8648620965066,1714.7451029122142,1725.2441749894406,1737.11257306263,1746.8948350653036,1756.7511594728885,1775.7388959899547,1784.1144980011784,1642.655259204511,1669.3234622899636,1679.2918956171313,1691.4047764436268,1699.2208981599204,1706.384961824083,1714.1807995757893,1723.349710788968,1742.392565394371,1761.4521410712457,1789.659415228291,1807.1563063502942,1853.853792530805,1894.4396968311412,1916.144664696967,1915.5043874915052,1935.175929910829,1954.0398262498934,1973.5634205642311,1994.6177208205647,2013.2388828224005,2031.9001788080689,2061.1166354417164,2078.0035750429697,2128.44050354243,2171.794442208156,2193.4813924820546,2217.9524486743744,2236.7617891177115,2254.6613379806463,2273.3452059663928,2293.8103789436495,2311.496495092386,2329.251424487298,2357.0400077993118,2370.738205654182,2422.666102561531,2466.417719251898,2485.5253709830176,2507.7985073079576,2523.687224613148,2538.5816546152464,2554.3906297809194,2572.22576914152,2586.970539758414,2601.8233996932586,2630.200043821708,2642.8577214336183,2698.1113441964335,2744.205380464569,2762.862098768105,2785.042563392254,2800.1409288861237,2814.15137370177,2829.190599732901,2846.4857057543477,2860.3733510059005,2874.3953748992194,3004.7603962463572,3562.291842930805
West Village,Manhattan,neighborhood,2400.0,2400.0,2363.0,2295.0,2200.0,2200.0,2200.0,2250.0,2400.0,2575.0,2675.0,2573.0,2600.0,2600.0,2448.0,2525.0,2600.0,2500.0,2500.0,2500.0,2500.0,2400.0,2500.0,2473.0,2400.0,2505.0,2400.0,2498.0,2575.0,2450.0,2600.0,2595.0,2550.0,2500.0,2500.0,2550.0,2600.0,2700.0,2700.0,2650.0,2600.0,2500.0,2500.0,2550.0,2600.0,2598.0,2625.0,2695.0,2700.0,2625.0,2725.0,2750.0,2700.0,2700.0,2650.0,2700.0,2895.0,2800.0,2650.0,2873.0,2750.0,2800.0,3000.0,2750.0,2798.0,2700.0,2700.0,2800.0,2800.0,2850.0,2870.0,2700.0,2825.0,2873.0,2850.0,2900.0,2850.0,2775.0,2775.0,2948.0,2973.0,2800.0,2725.0,2750.0,2995.0,2927.0,2800.0,2750.0,2750.0,2798.0,2800.0,2875.0,2825.0,2873.0,2795.0,2825.0,2875.0,2850.0,2995.0,2993.0,2900.0,2800.0,2750.0,2850.0,2800.0,2795.0,2873.0,2825.0,3000.0,2998.0,2995.0,2990.0,2963.0,3150.0,3000.0,2873.0,3000.0,2950.0,2900.0,2948.0,3100.0,3100.0,3000.0,3000.0,2798.0,2666.0,2600.0,2500.0,2495.0,2495.0,2495.0,2395.0,2350.0,2400.0,2400.0,2513.0,2495.0,2495.0,2700.0,2800.0,3010.0,2895.0,3300.0,3200.0,3475.0,3500.0,3500.0,3300.0,3448.0,3475.0,3400.0,3500.0,3698.0,3675.0,3650.0,3750.0,3950.0,4298.0,3748.0,3795.0,3775.0,3895.0,3743.0,3600.0,3650.0,3595.0,3595.0,3595.0,3595.0,3875.0,3650.0,3950.0,3800.0,3773.0,3530.0,3510.0,3700.0,3750.0,3673.0,3850.0,4250.0,4185.0,4173.0,3900.0,3998.0,4195.0,4000.0,4100.0,2353.8849728506534,2325.9811267158693,2338.7530460325997,2269.394434712032,2195.693370917166,2225.9570029601637,2257.2099893610643,2291.7957488472093,2397.083379842756,2599.1999078587723,2689.0720579574104,2589.716840812659,2550.042053921541,2519.812887275525,2422.8808534438444,2496.828299628706,2594.910347447559,2529.496594272913,2565.011351546664,2546.4397209413437,2496.9618540028714,2422.5552539266228,2513.151456034963,2489.0671384880316,2353.8849728506534,2427.7428010096887,2375.373385729259,2470.1295415732707,2569.9592864144097,2478.906662387455,2667.6118056085306,2643.204430337115,2546.901091082929,2523.4950561735654,2513.151456034963,2566.5674092779946,2550.042053921541,2616.7287675553534,2672.2950589454167,2620.433660996464,2594.910347447559,2529.496594272913,2565.011351546664,2597.3685153601705,2596.840328162986,2622.4160623755693,2638.809028836711,2712.509477648704,2648.1205944569847,2544.041857345482,2697.0385317134296,2719.3179500906704,2694.714591580158,2731.8563218147465,2718.912032639464,2750.1548986166513,2891.481826935325,2826.3144629143935,2663.9405433970605,2891.6659477865405,2697.159864724707,2713.6446478351813,2969.2167321615743,2719.3179500906704,2792.522750830104,2731.8563218147465,2770.212259670397,2852.012487454305,2796.597276483216,2876.7843640378646,2885.0978715281376,2717.5419627649353,2770.7187701262897,2784.3932404394554,2820.7558955534955,2867.6443837319794,2844.4209577790552,2807.7412196429336,2847.1626002167973,3002.7617189340326,2969.387036780214,2826.3144629143935,2739.3350870781096,2767.866813927249,2937.4522890365442,2836.7278157905625,2771.2689500174693,2719.3179500906704,2744.616713646457,2831.0125883102446,2872.8127137322635,2928.4056790825452,2821.5668950232443,2900.0005185546615,2809.7033278470885,2843.3540906707194,2819.758040394012,2762.102587975095,2964.2680376079716,2959.6067725895914,2894.3230798453546,2833.036185585663,2821.5124867013305,2902.941281873132,2796.597276483216,2821.267472802046,2888.1136532753794,2843.3540906707194,2942.3562160633164,2905.5380907892404,2964.2680376079716,2956.640243916765,2957.1997536488916,3187.1657087838707,3078.013621855997,2926.368527305792,2996.3542248034455,2977.7241662848073,2915.255689000557,2967.153224530011,3040.4347565987605,3004.392288674665,2969.2167321615743,2966.528672826186,2792.522750830104,2697.4551681326348,2667.6118056085306,2546.4397209413437,2491.9679302948653,2518.4480660612185,2508.125153122893,2410.5603706748225,2304.845702582931,2325.9811267158693,2375.373385729259,2484.9621849374016,2490.1158911083307,2524.4376010843675,2770.212259670397,2852.012487454305,3006.342072219457,2922.207275048989,3317.359921966151,3220.7904743880717,3408.229283606675,3392.0558097939766,3464.0861875218366,3263.1815401088043,3441.250337691994,3516.0002660393498,3488.415438103463,3565.015609317881,3693.505974441047,3709.5377325751415,3669.201125811046,3774.3638371735215,3874.1023511500334,4165.444534427003,3709.5414373805265,3752.658771125125,3767.610216005591,3940.955693877199,3840.3349955356653,3666.873198155535,3645.564306844192,3628.785890777587,3613.9117937782767,3618.3567985703494,3525.9235322492077,3755.490360843331,3612.5470241299154,3905.9294192211446,3792.5612770387406,3817.5162600766807,3621.7960283838897,3575.201368201647,3695.5035439242492,3785.2425842603484,3692.3221192065675,3875.0135394981485,4168.337972756365,4055.9295897107977,4130.18047443675,3856.4872746740416,3990.1736804212856,4244.495285189949,4104.018162474663,4176.1611423438035
Westchester Village,Bronx,neighborhood,,,,,,,,,,,,,,,,,,,,,,,,,,,,,,,,,,,,,,,,,,,,,,,,,,,,,,,,,,,,,,,,,,,,,,,,,,,,,,,,,,,,,,,,,,,,,,,,,,,,,,,,,,,,,,,,,,,,,,,,,,,,,,,,,,,,,,,,,,,,,,,,,,,,,,,,,,,,,,,,,,,,,,,,,,,,,,,,,,,,,,,,,,,,,,,,,,,,,,,,,,,,,,,,,,,,,,,,,,,,,,,,,,,,,,,,,,,,,,,,,,,,,,,,,,,,,,,,,,,,,,,,,,,,,,,,,,,,,,,,,,,,,,,,,,,,,,,,,,,,,,,,,,,,,,,,,,,,,,,,,,,,,,,,,,,,,,,,,,,,,,,,,,,,,,,,,,,,,,,,,,,,,,,,,,,,,,,,
Whitestone,Queens,neighborhood,,,,,,,,,,,,,,,,,,,,,,,,,,,,,,,,,,,,,,,,,,,,,,,,,,,,,,,,,,,,,,,,,,,,,,,,,,,,,,,,,,,,,,,,,,,,,,,,,,,,,,,,,,,,,,,,,,,,,,,,,,,,,,,,,,,,,,,,,,,,,,,,,,,,,,,,,,,,,,,,,,,,,,,,,,,,,,,,,,,,,,,,,,,,,,,,,,,,,,,,,,,,,,,,,,,,,,,,,,,,,,,,,,,,,,,,,,,,,,,,,,,,,,,,,,,,,,,,,,,,,,,,,,,,,,,,,,,,,,,,,,,,,,,,,,,,,,,,,,,,,,,,,,,,,,,,,,,,,,,,,,,,,,,,,,,,,,,,,,,,,,,,,,,,,,,,,,,,,,,,,,,,,,,,,,,,,,,,
Williamsbridge,Bronx,neighborhood,,,,,,,,,,,,,,,,,,,,,,,,,,,,,,,,,,,,,,,,,,,,,,,,,,,,,,,,,,,,,,,,,,,,,,,,,,,,,,,,,,,,,,,,,,,,,,,,,,,,,,,,,,,,,,,,,,,,,,,,,,,,,,,,,,,,,,,,,,,,,,,,,,,,,,,,,,,,,,,,,,,,,,,,,,,,,,,,,,,,,,,,,,,,,,,,,,,,,,,,,,,,,,,,,,,,,,,,,,,,,,,,,,,,,,,,,,,,,,,,,,,,,,,,,,,,,,,,,,,,,,,,,,,,,,,,,,,,,,,,,,,,,,,,,,,,,,,,,,,,,,,,,,,,,,,,,,,,,,,,,,,,,,,,,,,,,,,,,,,,,,,,,,,,,,,,,,,,,,,,,,,,,,,,,,,,,,,,
Williamsburg,Brooklyn,neighborhood,1913.0,1948.0,2095.0,2163.0,2080.0,1985.0,2020.0,2325.0,2700.0,2675.0,2575.0,2850.0,2400.0,2100.0,2225.0,2253.0,2206.0,2255.0,2200.0,2595.0,2406.0,2500.0,2500.0,2225.0,2600.0,2950.0,2856.0,2850.0,2575.0,2500.0,2500.0,2500.0,2500.0,2400.0,2500.0,2600.0,2600.0,2600.0,2600.0,2500.0,2498.0,2562.0,2529.0,2549.0,2550.0,2600.0,2600.0,2375.0,2435.0,2450.0,2550.0,2600.0,2630.0,2600.0,2653.0,2674.0,2603.0,2631.0,2595.0,2583.0,2550.0,2610.0,2660.0,2700.0,2700.0,2700.0,2750.0,2700.0,2742.0,2774.0,2705.0,2703.0,2655.0,2660.0,2650.0,2628.0,2680.0,2681.0,2695.0,2695.0,2675.0,2650.0,2566.0,2550.0,2590.0,2625.0,2630.0,2650.0,2600.0,2620.0,2655.0,2695.0,2695.0,2650.0,2525.0,2464.0,2403.0,2490.0,2471.0,2529.0,2529.0,2500.0,2500.0,2500.0,2481.0,2495.0,2498.0,2406.0,2500.0,2698.0,2567.0,2650.0,2710.0,2732.0,2746.0,2856.0,2870.0,2900.0,2899.0,2976.0,2995.0,2963.0,2837.0,2744.0,2626.0,2670.0,2617.0,2535.0,2459.0,2500.0,2600.0,2500.0,2583.0,2650.0,2665.0,2769.0,2800.0,2875.0,2900.0,2995.0,2995.0,3018.0,2894.0,3240.0,3163.0,2850.0,3277.0,3249.0,3225.0,3518.0,3600.0,3650.0,3625.0,3625.0,3500.0,3430.0,3442.0,3550.0,3614.0,3499.0,3400.0,3445.0,3435.0,3500.0,3500.0,3573.0,3600.0,3500.0,3613.0,3658.0,3646.0,3676.0,3722.0,3765.0,3700.0,3800.0,3800.0,3633.0,3500.0,3640.0,3649.0,3700.0,3650.0,3610.0,3750.0,3850.0,3900.0,3900.0,1932.6337263469327,1956.2730322606365,2090.859495813674,2158.3207586845906,2101.292157187268,1985.0136816049153,2037.5234563594404,2289.5817670579618,2663.5198068531886,2643.4274462427234,2584.4887330979864,2874.310997977566,2424.631961961651,2108.918566605409,2220.6025671529474,2248.1260607103018,2228.5819705553427,2255.0155425788835,2219.0849524706778,2555.468681942112,2373.492094551397,2470.49294041376,2509.2123622310546,2243.9796387719593,2626.6846254584552,2962.5284626123603,2850.3554749612663,2843.834564147519,2601.3592811332765,2500.0172312404475,2521.6874459894066,2461.915878556948,2466.222043382582,2371.6732227972097,2509.2123622310546,2622.1784542953233,2626.6846254584552,2611.042034844792,2594.861426785467,2494.59172293642,2523.571061852786,2562.0176585752106,2550.9390203628836,2510.1694297766644,2515.5464842502333,2569.3126580303106,2609.580856720297,2395.259164981305,2459.991178073592,2460.404994372977,2544.960245501131,2594.375391853877,2656.922294905055,2600.0179204900655,2676.014717683958,2633.2652237045118,2567.8303915699444,2599.9467704914414,2604.5624319958347,2605.0334413249307,2576.1714595842545,2621.08450420958,2654.74284432667,2694.1590607713338,2727.638857887319,2700.018609739683,2773.856190588347,2658.869148841504,2704.952337182016,2741.258966683108,2714.967775934001,2726.0570622924074,2682.2491079200768,2671.296851033518,2644.762608069803,2622.314819150765,2707.4341256066723,2681.018478782256,2718.37906677658,2653.94531708439,2638.8575864193626,2618.7225168385858,2575.4555685939545,2571.751945558875,2616.5819922836154,2636.1482082567613,2624.802135556068,2644.267226312605,2626.6151964840847,2620.018058339989,2678.0320676407496,2653.94531708439,2658.587362766423,2618.7225168385858,2534.3044858533653,2485.0183505321834,2427.6627519141034,2500.574871832128,2466.11637907188,2523.5289869224825,2554.8883968877885,2500.0172312404475,2521.6874459894066,2461.915878556948,2447.478755852874,2465.5519545329325,2507.20499234127,2426.523600397903,2525.6582937100534,2709.458234619711,2561.926647137805,2644.267226312605,2737.741224027642,2732.018830299561,2769.821490674764,2812.4926996634576,2831.222905803204,2865.771810879962,2909.682655243131,3001.385799993416,3025.738635864644,2975.583672786584,2831.393026073219,2738.0638750950147,2652.8813484489256,2670.018402964798,2639.7024184617107,2496.3827008567455,2425.7760018711074,2470.49294041376,2609.580856720297,2521.325436822426,2609.510149061227,2661.2543816687303,2659.7329624551035,2763.009792324379,2828.662519290553,2875.0198159265146,2925.1574373477115,2949.375222511224,2954.5340079723333,2982.3790776674914,2904.6642305186692,3267.6377661218644,3195.4628732019596,2862.1037689644836,3270.5234213753747,3241.9714031281715,3258.0130802542976,3518.0242478015575,3631.229922224745,3594.3971826931443,3576.0219629047438,3582.214763599952,3512.897307123477,3459.258499320369,3477.326338780001,3565.07662449962,3606.857383231799,3491.4305754218135,3434.804487709957,3445.0237446493365,3464.7985507894446,3446.6822299797273,3452.7108607356145,3530.8285104393462,3613.265801612719,3529.8556115513966,3650.081366069769,3673.5352936393265,3638.7941392537737,3668.047669405712,3760.1006774283705,3765.025950248114,3732.097420064322,3742.1121354065613,3748.6575059415245,3590.120341009276,3512.897307123477,3671.0498360134525,3686.4508454991937,3715.713664971435,3642.7862337565207,3602.1904479201908,3788.3873026212764,3850.0265361102893,3933.832415743474,3840.588770548839
Windsor Terrace,Brooklyn,neighborhood,,,,,,,,,,,,,,,,,,,,,,,,,,,,,,,,,,,,,,,,,,,,,,,,,,,,,,,,,1741.0,,,,,,,,,,1824.0,,1675.0,1688.0,,,,,,1663.0,,,,,,,,,,1700.0,1871.0,1850.0,2000.0,1815.0,,,,,,,,,,1825.0,1937.0,2000.0,1850.0,,,,,,,,,,,,1975.0,,,,,,2175.0,,,,,1935.0,1926.0,1917.0,1900.0,1900.0,1875.0,,1883.0,1850.0,1900.0,1995.0,1975.0,1950.0,,,,,,,,,,,,,,,,,,,,,,,,,,,,,,,,,,,,,,2750.0,,,,,,,,,,,,,1742.4459148919375,1747.2195734050827,1735.7738694265672,1734.5501283879703,1721.177879910191,1734.1231465872368,1743.0522438410978,1745.8042139681731,1750.0893432737512,1746.9878572959044,1746.6479903543775,1744.5553276072528,1742.4459148919375,1747.2195734050827,1735.7738694265672,1734.5501283879703,1721.177879910191,1734.1231465872368,1743.0522438410978,1745.8042139681731,1750.0893432737512,1746.9878572959044,1746.6479903543775,1744.5553276072528,1742.4459148919375,1747.2195734050827,1735.7738694265672,1734.5501283879703,1721.177879910191,1734.1231465872368,1743.0522438410978,1745.8042139681731,1750.0893432737512,1746.9878572959044,1746.6479903543775,1744.5553276072528,1742.4459148919375,1747.2195734050827,1735.7738694265672,1734.5501283879703,1721.177879910191,1734.1231465872368,1743.0522438410978,1745.8042139681731,1750.0893432737512,1746.9878572959044,1746.6479903543775,1744.5553276072528,1742.4459148919375,1747.2195734050827,1735.7738694265672,1734.5501283879703,1721.177879910191,1734.1231465872368,1743.0522438410978,1745.8042139681731,1750.0893432737512,1755.3164036575104,1763.3018425312198,1769.5061763478736,1775.6734877663846,1788.8678286011257,1785.4243798788607,1792.4348856879938,1786.8218840607003,1808.5280857314451,1826.1500820023907,1754.3276693494076,1683.744773109439,1693.8055733001072,1689.2958689019983,1683.096744363957,1676.8915166004833,1677.3040285378295,1662.1621688563998,1656.839094491209,1647.7238210490036,1663.8020126704885,1676.0733839255495,1682.429816310052,1690.2787080498636,1690.995943202216,1694.3789723776613,1696.0564890913474,1697.708791172426,1706.0731044162208,1865.3836356674942,1843.1463167821626,1977.2290406779907,1807.8308506926105,1818.1406518181698,1822.0139326709768,1827.491341798782,1825.256124308587,1825.9042748104348,1824.7186970550301,1823.5131860615222,1829.5125113828062,1818.5247201803897,1818.238934122944,1914.946325896634,1992.1001109560445,1852.180730101109,1865.5504057457144,1880.6005052889006,1887.7202220206318,1897.803435814875,1905.967612130746,1914.0883470596384,1929.7861217845243,1927.5298569163488,1936.5490017542315,1931.9175418291202,1956.8233381578646,1977.3280767295623,2013.8752420368069,2052.325718466729,2082.1365904014942,2115.172992339927,2146.0402029248703,2176.806355479589,2134.598525349001,2072.7592616529773,2023.4757672349037,1960.422593832228,1927.356857349973,1928.2703168512087,1922.2898783325604,1909.9194441241395,1906.534709283296,1881.0827006975633,1882.8371399046687,1884.5638470657775,1856.6089665705933,1894.2965835212394,1987.6091362056293,1952.5136776695158,1942.2976081821434,1973.3760552570848,1997.6023912057606,2023.6681090789014,2041.2068286371023,2061.930651571645,2080.5558715229035,2099.110302864165,2125.9889304257863,2133.051416070315,2152.522227707191,2156.740624634282,2193.9313064081703,2226.3054294956432,2250.931096035025,2277.6186168848812,2294.707288597208,2315.3817944024745,2333.7033539895683,2351.9516944262223,2379.523014054203,2384.9246460121976,2404.2178840529773,2406.495871877818,2445.5650046341966,2479.2348037342013,2504.259800864289,2531.5691246908614,2548.2077485573136,2568.832937233304,2586.8508364562335,2604.79308598828,2633.0570976826193,2636.7978759540797,2655.913540398764,2656.2511191213534,2697.198702860224,2732.1641779727597,2757.588505693553,2764.3570901796757,2759.458131857402,2758.921294356426,2755.6158247673434,2752.2838977328133,2759.8241394968277,2741.7450550965305,2739.8120925140256,2718.689930932237,2739.1376525645614,2753.241625825973,2757.588505693553
Woodhaven,Queens,neighborhood,,,,,,,,,,,,,,,,,,,,,,,,,,,,,,,,,,,,,,,,,,,,,,,,,,,,,,,,,,,,,,,,,,,,,,,,,,,,,,,,,,,,,,,,,,,,,,,,,,,,,,,,,,,,,,,,,,,,,,,,,,,,,,,,,,,,,,,,,,,,,,,,,,,,,,,,,,,,,,,,,,,,,,,,,,,,,,,,,,,,,,,,,,,,,,,,,,,,,,,,,,,,,,,,,,,,,,,,,,,,,,,,,,,,,,,,,,,,,,,,,,,,,,,,,,,,,,,,,,,,,,,,,,,,,,,,,,,,,,,,,,,,,,,,,,,,,,,,,,,,,,,,,,,,,,,,,,,,,,,,,,,,,,,,,,,,,,,,,,,,,,,,,,,,,,,,,,,,,,,,,,,,,,,,,,,,,,,,
Woodlawn,Bronx,neighborhood,,,,,,,,,,,,,,,,,,,,,,,,,,,,,,,,,,,,,,,,,,,,,,,,,,,,,,,,,,,,,,,,,,,,,,,,,,,,,,,,,,,,,,,,,,,,,,,,,,,,,,,,,,,,,,,,,,,,,,,,,,,,,,,,,,,,,,,,,,,,,,,,,,,,,,,,,,,,,,,,,,,,,,,,,,,,,,,,,,,,,,,,,,,,,,,,,,,,,,,,,,,,,,,,,,,,,,,,,,,,,,,,,,,,,,,,,,,,,,,,,,,,,,,,,,,,,,,,,,,,,,,,,,,,,,,,,,,,,,,,,,,,,,,,,,,,,,,,,,,,,,,,,,,,,,,,,,,,,,,,,,,,,,,,,,,,,,,,,,,,,,,,,,,,,,,,,,,,,,,,,,,,,,,,,,,,,,,,
Woodside,Queens,neighborhood,,,,,,,,,,,,,,,,,,,,,,,,,,,,,,,,,,,,,,,,,,,,,,,,,,,,,,,,,,,,,,,,,,,,,,,,,,,,,,,,,1380.0,1425.0,1350.0,1375.0,1375.0,1450.0,1450.0,1450.0,,1508.0,1488.0,1465.0,1388.0,1350.0,1450.0,1493.0,1450.0,1450.0,1450.0,1485.0,1490.0,1520.0,1490.0,1500.0,1521.0,1595.0,1570.0,1500.0,1490.0,1500.0,1535.0,1575.0,1575.0,1575.0,1530.0,,1590.0,1565.0,1550.0,,1565.0,1550.0,,,1520.0,1500.0,1550.0,1544.0,1550.0,1493.0,1499.0,1475.0,1450.0,1450.0,1490.0,1450.0,1470.0,1500.0,1500.0,1470.0,1450.0,1525.0,1523.0,1525.0,1599.0,1550.0,1500.0,1595.0,1645.0,,,1600.0,1682.0,,1548.0,,1600.0,1800.0,1675.0,2390.0,2420.0,2650.0,2505.0,2625.0,2638.0,2600.0,1799.0,2209.0,2014.0,1798.0,1875.0,1975.0,2505.0,2089.0,2613.0,2704.0,2704.0,2650.0,2669.0,2722.0,2722.0,2897.0,2675.0,2675.0,2000.0,2200.0,2888.0,2873.0,1403.9863474712154,1400.9719311392316,1419.8978298036081,1378.4241773267506,1353.7433427479116,1362.5512672538957,1358.1966685845168,1357.559387742278,1360.2646691886814,1367.6870652667405,1408.6694699599545,1392.439942870654,1403.9863474712154,1400.9719311392316,1419.8978298036081,1378.4241773267506,1353.7433427479116,1362.5512672538957,1358.1966685845168,1357.559387742278,1360.2646691886814,1367.6870652667405,1408.6694699599545,1392.439942870654,1403.9863474712154,1400.9719311392316,1419.8978298036081,1378.4241773267506,1353.7433427479116,1362.5512672538957,1358.1966685845168,1357.559387742278,1360.2646691886814,1367.6870652667405,1408.6694699599545,1392.439942870654,1403.9863474712154,1400.9719311392316,1419.8978298036081,1378.4241773267506,1353.7433427479116,1362.5512672538957,1358.1966685845168,1357.559387742278,1360.2646691886814,1367.6870652667405,1408.6694699599545,1392.439942870654,1403.9863474712154,1400.9719311392316,1419.8978298036081,1378.4241773267506,1353.7433427479116,1362.5512672538957,1358.1966685845168,1357.559387742278,1360.2646691886814,1367.6870652667405,1408.6694699599545,1392.439942870654,1403.9863474712154,1400.9719311392316,1419.8978298036081,1378.4241773267506,1353.7433427479116,1362.5512672538957,1358.1966685845168,1357.559387742278,1360.2646691886814,1367.6870652667405,1408.6694699599545,1392.439942870654,1403.9863474712154,1400.9719311392316,1419.8978298036081,1378.4241773267506,1353.7433427479116,1362.5512672538957,1358.1966685845168,1357.559387742278,1360.2646691886814,1412.2855565254386,1378.046220612999,1387.3948706138765,1398.8994404151601,1472.0357247477434,1491.9216327646607,1448.3442442926003,1450.8597129885227,1488.9328340716484,1464.4903209085226,1441.177176117708,1368.1502614738333,1337.954737760942,1480.123718436184,1506.4585758738308,1475.2030462559871,1472.0357247477434,1491.9216327646607,1483.304277775525,1461.650420793035,1500.7811059608127,1466.4587218774855,1475.60803015465,1499.2482332144816,1580.7687457249647,1602.6167158240062,1513.5216770333197,1515.8983027044283,1522.7955773252518,1579.379107788796,1573.2015067316174,1545.0331629188122,1555.0856854528158,1505.8267412567468,1534.6323513608359,1567.2614666739157,1551.0364182191659,1582.2012162593692,1571.5400079862636,1592.201908545255,1573.5554299027604,1584.523665143157,1528.2528922535712,1491.0796238962505,1481.0339861455388,1525.5107509463776,1518.8925323725198,1527.8335052481568,1479.6788322052491,1530.1416923695447,1488.296315749431,1475.2030462559871,1472.0357247477434,1533.0780915995479,1448.3442442926003,1442.0309520575581,1481.0339861455388,1476.3007267223009,1446.095869551557,1429.2636016837596,1511.393314878101,1554.6402918471092,1538.7470383172083,1626.79287652643,1573.5554299027604,1543.3672063082697,1593.1786687218603,1613.7013034929817,1609.390264944819,1589.4837824376773,1573.9818988316267,1657.945777953161,1600.5902973954971,1580.1596663029054,1588.18874643363,1627.810257937641,1827.3546927903024,1723.4267137109011,2387.27085783401,2373.9557169927148,2616.4933755237853,2465.4222136262424,2582.3140527706373,2600.2740560287984,2576.8017171692213,1836.3741858391002,2228.9129230444023,2049.0061621790055,1825.324298687202,1929.2090078853373,1972.7447465364726,2457.3384591184918,2062.5866647053535,2571.715865950248,2660.029409025449,2665.3301923813005,2626.3555963455524,2724.4484169008106,2746.5373365897976,2769.3122013164116,2941.0258583408363,2752.338184583081,2671.9454161949693,1961.946873547698,2172.1831796801234,2842.37099918267,2826.2812470895396
Woodstock,Bronx,neighborhood,,,,,,,,,,,,,,,,,,,,,,,,,,,,,,,,,,,,,,,,,,,,,,,,,,,,,,,,,,,,,,,,,,,,,,,,,,,,,,,,,,,,,,,,,,,,,,,,,,,,,,,,,,,,,,,,,,,,,,,,,,,,,,,,,,,,,,,,,,,,,,,,,,,,,,,,,,,,,,,,,,,,,,,,,,,,,,,,,,,,,,,,,,,,,,,,,,,,,,,,,,,,,,,,,,,,,,,,,,,,,,,,,,,,,,,,,,,,,,,,,,,,,,,,,,,,,,,,,,,,,,,,,,,,,,,,,,,,,,,,,,,,,,,,,,,,,,,,,,,,,,,,,,,,,,,,,,,,,,,,,,,,,,,,,,,,,,,,,,,,,,,,,,,,,,,,,,,,,,,,,,,,,,,,,,,,,,,,
